ID,Бренд,Название,Перевод,Линейка,Позиция,Рейтинг,Крепость,Изображение,Отзывы,Состав,
93391,Black Burn,Cane Mint,Тростниковая мята,Основная,1,"4,6",Средняя,https://htreviews.org/uploads/objects/0/d234a19d52520e43bbb52b94ef767bed725bff85.webp,"Приятная, сладкая мята, я бы даже сказал, что это мятная жвачка. В соло не знаю, не хочется. Но в миксы отлично залетает. Очень удобный и приятный инструмент.",Мята,"<b>
Бренд</b>: Black Burn<b>
Название</b>: Cane Mint(Тростниковая мята)<b>
Линейка</b>: Основная<b>
Крепость</b>: Средняя<b>
Состав</b>: Мята<b>
Рейтинг</b>: 4,6<b>
-------------
Отзыв:</b> Приятная, сладкая мята, я бы даже сказал, что это мятная жвачка. В соло не знаю, не хочется. Но в миксы отлично залетает. Очень удобный и приятный инструмент."
196508,Black Burn,Peach Yogurt,Персиковый йогурт,Основная,2,"4,5",Средняя,https://htreviews.org/uploads/objects/3/4dbb068d1ddf25fc2392de9264d2b236.webp,"Что ещё про это чудо сказать, хорошая йогуртная составляющая,сливочно,насыщенно,персик сладенький","Персик, Йогурт","<b>
Бренд</b>: Black Burn<b>
Название</b>: Peach Yogurt(Персиковый йогурт)<b>
Линейка</b>: Основная<b>
Крепость</b>: Средняя<b>
Состав</b>: Персик, Йогурт<b>
Рейтинг</b>: 4,5<b>
-------------
Отзыв:</b> Что ещё про это чудо сказать, хорошая йогуртная составляющая,сливочно,насыщенно,персик сладенький"
93363,Black Burn,Lemon Sweets,Лимонные леденцы,Основная,3,"4,5",Средняя,https://htreviews.org/uploads/objects/0/1f72b2b389bcda9382f1675cc81b25db5129f68d.webp,"Ну мне очень понравилось
Вот ни дать не взять лимонные конфетки. Вкус насыщенный, хорошо прослеживается и сам, в целом сладкий, но имеющий легкую легкую кислинку лимон, так и леденцовость что ли) Оболочка самих конфет тоже имеет какой то вкус в моем понимании и тут чувствуется ее вкус, что круто. Химозы я не почувствовал, вкус вполне натуральный.
По крепости, мягкости и времени самого покура вопросов 0
Пару раз мешал с елками от самого бб, добавляя около 30% и тоже все очень вкусно. Мне показалось, что елки забирают чуть чуть сладости и кислинки, добавляя легкой свежести, не перебивая яркость лимонных конфеток, что прям крутяк.
Короче советую, я в восторге!!","Лимон, Мармелад","<b>
Бренд</b>: Black Burn<b>
Название</b>: Lemon Sweets(Лимонные леденцы)<b>
Линейка</b>: Основная<b>
Крепость</b>: Средняя<b>
Состав</b>: Лимон, Мармелад<b>
Рейтинг</b>: 4,5<b>
-------------
Отзыв:</b> Ну мне очень понравилось
Вот ни дать не взять лимонные конфетки. Вкус насыщенный, хорошо прослеживается и сам, в целом сладкий, но имеющий легкую легкую кислинку лимон, так и леденцовость что ли) Оболочка самих конфет тоже имеет какой то вкус в моем понимании и тут чувствуется ее вкус, что круто. Химозы я не почувствовал, вкус вполне натуральный.
По крепости, мягкости и времени самого покура вопросов 0
Пару раз мешал с елками от самого бб, добавляя около 30% и тоже все очень вкусно. Мне показалось, что елки забирают чуть чуть сладости и кислинки, добавляя легкой свежести, не перебивая яркость лимонных конфеток, что прям крутяк.
Короче советую, я в восторге!!"
195634,Black Burn,Basilic,Базилик,Основная,4,"4,5",Средняя,https://htreviews.org/uploads/objects/2/cce360116bb9eb92a008cf0b55b6889b.webp,"Один из любимых инструментов для миксов. Добавляет свежести и специевости. Миксуется практически с чем угодно, но мои фавориты - это свежие напиточные миксы, например, с лимоном/лаймом, джином и огурцом",Базилик,"<b>
Бренд</b>: Black Burn<b>
Название</b>: Basilic(Базилик)<b>
Линейка</b>: Основная<b>
Крепость</b>: Средняя<b>
Состав</b>: Базилик<b>
Рейтинг</b>: 4,5<b>
-------------
Отзыв:</b> Один из любимых инструментов для миксов. Добавляет свежести и специевости. Миксуется практически с чем угодно, но мои фавориты - это свежие напиточные миксы, например, с лимоном/лаймом, джином и огурцом"
93821,Black Burn,Green Tea,Зелёный чай,Основная,5,"4,4",Средняя,https://htreviews.org/uploads/objects/0/2dd8b5c6cc4b6c976fd709578c747b46ba25551b.webp,"Эталонная чайная основа для миксов. Это именно заваренный зеленый чай, а не сладкий холодный чай из бутылки. Вкус умеренный, не перетягивает одеяло на себя. Можно миксовать и с ягодами, и с цитрусами, и со сладкими фруктами, и с мёдом, и со специями, очень универсальный инструмент для любителей чайной тематики",Зеленый чай,"<b>
Бренд</b>: Black Burn<b>
Название</b>: Green Tea(Зелёный чай)<b>
Линейка</b>: Основная<b>
Крепость</b>: Средняя<b>
Состав</b>: Зеленый чай<b>
Рейтинг</b>: 4,4<b>
-------------
Отзыв:</b> Эталонная чайная основа для миксов. Это именно заваренный зеленый чай, а не сладкий холодный чай из бутылки. Вкус умеренный, не перетягивает одеяло на себя. Можно миксовать и с ягодами, и с цитрусами, и со сладкими фруктами, и с мёдом, и со специями, очень универсальный инструмент для любителей чайной тематики"
93361,Black Burn,Black Honey,Черный мед,Основная,6,"4,4",Средняя,https://htreviews.org/uploads/objects/0/e500587acb3cadb3acf62c1fe6a62ed568ab9312.webp,"Нормальный мед, не особо яркий, но в чайные/цитрусовые/десертные миксы должен неплохо зайти","Цветочный, Мёд","<b>
Бренд</b>: Black Burn<b>
Название</b>: Black Honey(Черный мед)<b>
Линейка</b>: Основная<b>
Крепость</b>: Средняя<b>
Состав</b>: Цветочный, Мёд<b>
Рейтинг</b>: 4,4<b>
-------------
Отзыв:</b> Нормальный мед, не особо яркий, но в чайные/цитрусовые/десертные миксы должен неплохо зайти"
195631,Black Burn,Elka,Ёлка,Основная,7,"4,4",Средняя,https://htreviews.org/uploads/objects/2/b333cef44202fd790de1be8fc23912c0.webp,"Хотелось какой-то уж очень невероятной хвойности тут увидеть, но увы. Что-то неяркое, непонятное и определенно не хвойное. Пока очень сложно сказать буду ли делать вторую попытку покурить этот аромат.",Хвойный,"<b>
Бренд</b>: Black Burn<b>
Название</b>: Elka(Ёлка)<b>
Линейка</b>: Основная<b>
Крепость</b>: Средняя<b>
Состав</b>: Хвойный<b>
Рейтинг</b>: 4,4<b>
-------------
Отзыв:</b> Хотелось какой-то уж очень невероятной хвойности тут увидеть, но увы. Что-то неяркое, непонятное и определенно не хвойное. Пока очень сложно сказать буду ли делать вторую попытку покурить этот аромат."
93353,Black Burn,Haribon,Харибон,Основная,8,"4,2",Средняя,https://htreviews.org/uploads/objects/0/1ca0b95bc166ec7a23d7b2b7d511c84be0a674f9.webp,"что-то непончтное. очень сильно мылит, больше отдает колой. как таковой желейности, мармеладности тут не почувствовала 🤷🏿",Кола,"<b>
Бренд</b>: Black Burn<b>
Название</b>: Haribon(Харибон)<b>
Линейка</b>: Основная<b>
Крепость</b>: Средняя<b>
Состав</b>: Кола<b>
Рейтинг</b>: 4,2<b>
-------------
Отзыв:</b> что-то непончтное. очень сильно мылит, больше отдает колой. как таковой желейности, мармеладности тут не почувствовала 🤷🏿"
93355,Black Burn,Raspberries,Малина,Основная,9,"4,2",Средняя,https://htreviews.org/uploads/objects/0/fe481b11e032e31846666b1dea3f19f4e26ea8d8.webp,"Наконец-то добрался до этой малины, хотя ей уже далеко не первый год.
По большей мере писать-то и ничего, это достаточно натуральная малина, с приятной сладостью и лёгкой кислинкой, но насыщенность ароматики оставляет желать лучшего, ибо курение в соло хорошее, но в миксах боюсь, что она может затеряться, если не класть её больше.
А так достаточно приятный вкус, понравился намного больше, чем их же шок-малина, посему рекомендую, кто любит малину с закосом под натуральную ягоду с кислинкой, а не джем.

P.S. 100-ка от 27.08.2024
P.S.S. пробовал как и всегда на: MattPear Mini S, турка BlackBurn, пушисто с отступом, НГ 2-ая, 4-е 25-ых на 5 минут, а потом поставил пирамидкой",Малина,"<b>
Бренд</b>: Black Burn<b>
Название</b>: Raspberries(Малина)<b>
Линейка</b>: Основная<b>
Крепость</b>: Средняя<b>
Состав</b>: Малина<b>
Рейтинг</b>: 4,2<b>
-------------
Отзыв:</b> Наконец-то добрался до этой малины, хотя ей уже далеко не первый год.
По большей мере писать-то и ничего, это достаточно натуральная малина, с приятной сладостью и лёгкой кислинкой, но насыщенность ароматики оставляет желать лучшего, ибо курение в соло хорошее, но в миксах боюсь, что она может затеряться, если не класть её больше.
А так достаточно приятный вкус, понравился намного больше, чем их же шок-малина, посему рекомендую, кто любит малину с закосом под натуральную ягоду с кислинкой, а не джем.

P.S. 100-ка от 27.08.2024
P.S.S. пробовал как и всегда на: MattPear Mini S, турка BlackBurn, пушисто с отступом, НГ 2-ая, 4-е 25-ых на 5 минут, а потом поставил пирамидкой"
93365,Black Burn,Yellow Melon,Желтая дыня,Основная,10,"4,2",Средняя,https://htreviews.org/uploads/objects/0/d88407d688a1f4ae00a75f96065c19fc111f5cf3.webp,"Довольно хорошая дыня. Во вкусе четко ощущается как мед, так и дыня, немного присутствует травянистый оттенок. В соло скучновато, а вот в миксах просто бомба.",Дыня,"<b>
Бренд</b>: Black Burn<b>
Название</b>: Yellow Melon(Желтая дыня)<b>
Линейка</b>: Основная<b>
Крепость</b>: Средняя<b>
Состав</b>: Дыня<b>
Рейтинг</b>: 4,2<b>
-------------
Отзыв:</b> Довольно хорошая дыня. Во вкусе четко ощущается как мед, так и дыня, немного присутствует травянистый оттенок. В соло скучновато, а вот в миксах просто бомба."
135201,Black Burn,Ice Baby,Айс Бэйби,Основная,11,"4,1",Средняя,https://htreviews.org/uploads/objects/1/fdb4922d30241411169f3a27d6581e7ce1a65260.webp,"Самый достойный конкурент пинкману, но тут сыпанули холодка в довесок. Если забивать в соло, то может мылить, но как основа для сочетантий со сладкими фруктами, штука крутая. Хорошо подходит, чтобы закинуть в чашу с остатками любого другого табака и урезать свою полку. 
Аромат однозначно удался!","Ягоды, Грейпфрут","<b>
Бренд</b>: Black Burn<b>
Название</b>: Ice Baby(Айс Бэйби)<b>
Линейка</b>: Основная<b>
Крепость</b>: Средняя<b>
Состав</b>: Ягоды, Грейпфрут<b>
Рейтинг</b>: 4,1<b>
-------------
Отзыв:</b> Самый достойный конкурент пинкману, но тут сыпанули холодка в довесок. Если забивать в соло, то может мылить, но как основа для сочетантий со сладкими фруктами, штука крутая. Хорошо подходит, чтобы закинуть в чашу с остатками любого другого табака и урезать свою полку. 
Аромат однозначно удался!"
93393,Black Burn,Ananas Shock,Ананасовый шок,Основная,12,"4,1",Средняя,https://htreviews.org/uploads/objects/0/fc7c05bc9421213e05eb0fb33e1f0480511c0a62.webp,"Вкусный, кислый ананас без уксусного запаха. Чуть не хватает насыщенности ананасового вкуса, но кислая составляющая в миксах не теряется",Ананас,"<b>
Бренд</b>: Black Burn<b>
Название</b>: Ananas Shock(Ананасовый шок)<b>
Линейка</b>: Основная<b>
Крепость</b>: Средняя<b>
Состав</b>: Ананас<b>
Рейтинг</b>: 4,1<b>
-------------
Отзыв:</b> Вкусный, кислый ананас без уксусного запаха. Чуть не хватает насыщенности ананасового вкуса, но кислая составляющая в миксах не теряется"
150232,Black Burn,Real P.F.,Маракуйя,Основная,13,"4,1",Средняя,https://htreviews.org/uploads/objects/1/438e61542e479b6d4b2ed7115a29da8f76199ce6.webp,"Хорошая маракуйя, кисловато-травянистая. Лучше всего проявляет себя в миксах.",Маракуйя,"<b>
Бренд</b>: Black Burn<b>
Название</b>: Real P.F.(Маракуйя)<b>
Линейка</b>: Основная<b>
Крепость</b>: Средняя<b>
Состав</b>: Маракуйя<b>
Рейтинг</b>: 4,1<b>
-------------
Отзыв:</b> Хорошая маракуйя, кисловато-травянистая. Лучше всего проявляет себя в миксах."
93383,Black Burn,Red Orange,Красный апельсин,Основная,14,"4,1",Средняя,https://htreviews.org/uploads/objects/0/c9b72d5e7d2f138650bead0ec3a62a20b6cb4e33.webp,"Прекрасный цитрусовый вкус от BB который отдает маленькой сладостью, при этом сам вкус полностью не химозный. Лично советую попробовать данный вкус хоть раз. С данным вкусом можно придумать множество миксов, но для первого раза посоветовал бы смешать со вкусом ""Сочный Ананас"". Курить его в соло думаю будет так себе",Апельсин,"<b>
Бренд</b>: Black Burn<b>
Название</b>: Red Orange(Красный апельсин)<b>
Линейка</b>: Основная<b>
Крепость</b>: Средняя<b>
Состав</b>: Апельсин<b>
Рейтинг</b>: 4,1<b>
-------------
Отзыв:</b> Прекрасный цитрусовый вкус от BB который отдает маленькой сладостью, при этом сам вкус полностью не химозный. Лично советую попробовать данный вкус хоть раз. С данным вкусом можно придумать множество миксов, но для первого раза посоветовал бы смешать со вкусом ""Сочный Ананас"". Курить его в соло думаю будет так себе"
195384,Black Burn,Muesli,Фруктовые мюсли,Основная,15,"4,1",Средняя,https://htreviews.org/uploads/objects/1/592861ceab90f0b16e2e588fa2d00866b38bf846.webp,"Определённо, хороший вкус. 
Не мерзкая, нетривиальная десертка. 
В соло, двояко, он одновременно и суховатый, но и какой-то сливочный вкус. 
Персиков и фруктов не разобрать, но и есть общая фруктовая сладость. 
Естественно, это не для соло курения, в миксах отличный инструмент.","Фрукты, Злаки","<b>
Бренд</b>: Black Burn<b>
Название</b>: Muesli(Фруктовые мюсли)<b>
Линейка</b>: Основная<b>
Крепость</b>: Средняя<b>
Состав</b>: Фрукты, Злаки<b>
Рейтинг</b>: 4,1<b>
-------------
Отзыв:</b> Определённо, хороший вкус. 
Не мерзкая, нетривиальная десертка. 
В соло, двояко, он одновременно и суховатый, но и какой-то сливочный вкус. 
Персиков и фруктов не разобрать, но и есть общая фруктовая сладость. 
Естественно, это не для соло курения, в миксах отличный инструмент."
197003,Black Burn,Grapefruit,Грейпфрут,Основная,16,"4,1",Средняя,https://htreviews.org/uploads/objects/4/bf52e1df4e625733483cc3c545006c6c.webp,"Так как люблю грейп, сразу взял большую банку. Вкус хорош, однако процентов 20 наполнения составили одни ветки, это огорчило.",Грейпфрут,"<b>
Бренд</b>: Black Burn<b>
Название</b>: Grapefruit(Грейпфрут)<b>
Линейка</b>: Основная<b>
Крепость</b>: Средняя<b>
Состав</b>: Грейпфрут<b>
Рейтинг</b>: 4,1<b>
-------------
Отзыв:</b> Так как люблю грейп, сразу взял большую банку. Вкус хорош, однако процентов 20 наполнения составили одни ветки, это огорчило."
121075,Black Burn,Chupa Graper,Чупа-виноград,Основная,17,4,Средняя,https://htreviews.org/uploads/objects/1/5d9743899754864931612cbd7ed67c3c59651365.webp,"Очень химозно! Всё, что могу сказать про этот вкус, не понравилось. Я в принципе не перевариваю синий виноград в кальяне, но если вы его любите, вам может понравиться.","Виноград, Леденцы","<b>
Бренд</b>: Black Burn<b>
Название</b>: Chupa Graper(Чупа-виноград)<b>
Линейка</b>: Основная<b>
Крепость</b>: Средняя<b>
Состав</b>: Виноград, Леденцы<b>
Рейтинг</b>: 4<b>
-------------
Отзыв:</b> Очень химозно! Всё, что могу сказать про этот вкус, не понравилось. Я в принципе не перевариваю синий виноград в кальяне, но если вы его любите, вам может понравиться."
187786,Black Burn,Malibu,Малибу,Основная,18,4,Средняя,https://htreviews.org/uploads/objects/1/3913b2cdcb5b713be58d694d8a4009059ebc2612.webp,"На ура заходит в миксах, где стоит задача сделать чашу во что бы то ни было сладкой, в соло прокуривать бы не стал, слишком уж приторно для меня.","Сливочный, Клубника, Конфетный","<b>
Бренд</b>: Black Burn<b>
Название</b>: Malibu(Малибу)<b>
Линейка</b>: Основная<b>
Крепость</b>: Средняя<b>
Состав</b>: Сливочный, Клубника, Конфетный<b>
Рейтинг</b>: 4<b>
-------------
Отзыв:</b> На ура заходит в миксах, где стоит задача сделать чашу во что бы то ни было сладкой, в соло прокуривать бы не стал, слишком уж приторно для меня."
196010,Black Burn,На чиле feat. Джиган,Нет данных,Основная,19,4,Средняя,https://htreviews.org/uploads/objects/2/d946c870d3b7a683956dae3fe6d5e3c4.webp,"Ну, тут ничего необычного, стандартный вкус, но сделан хорошо. Чувствую ананас с маракуйей, кислота со сладостью в балансе, даже добавлять ничего не хочется. Это вкус из разряда «хочу покурить, но не знаю, что именно».",Фрукты,"<b>
Бренд</b>: Black Burn<b>
Название</b>: На чиле feat. Джиган(Нет данных)<b>
Линейка</b>: Основная<b>
Крепость</b>: Средняя<b>
Состав</b>: Фрукты<b>
Рейтинг</b>: 4<b>
-------------
Отзыв:</b> Ну, тут ничего необычного, стандартный вкус, но сделан хорошо. Чувствую ананас с маракуйей, кислота со сладостью в балансе, даже добавлять ничего не хочется. Это вкус из разряда «хочу покурить, но не знаю, что именно»."
105575,Black Burn,Lemon Shock,Лимонный шок,Основная,20,4,Средняя,https://htreviews.org/uploads/objects/1/99b9e44446d2e84bb20c97cd19046bde3557da98.webp,"Если хочется ярких впечатлений -в соло, в касание,без отжима на 3 углях. 
Кисло,вкусно,отдаленно напоминает кислые лимонные конфеты-шипучки. Ключевое слово - отдаленно.","Цитрус, Лимон","<b>
Бренд</b>: Black Burn<b>
Название</b>: Lemon Shock(Лимонный шок)<b>
Линейка</b>: Основная<b>
Крепость</b>: Средняя<b>
Состав</b>: Цитрус, Лимон<b>
Рейтинг</b>: 4<b>
-------------
Отзыв:</b> Если хочется ярких впечатлений -в соло, в касание,без отжима на 3 углях. 
Кисло,вкусно,отдаленно напоминает кислые лимонные конфеты-шипучки. Ключевое слово - отдаленно."
130007,Black Burn,Papaya v obed,Папайя в обед,Основная,21,4,Средняя,https://htreviews.org/uploads/objects/1/10e8fa041e0c815ddebbc373c25bf815e83daf63.webp,"Вот все кто упомянул тыкву при покуре правы на все сто - какая-то пряность и тягучесть тыквы тут проскакивает раз на раз. В миксе точно захочется повторить. Интересно, а если поиграться с выпечкой, можно ли будет довести до тыквенного пирога?)",Папайя,"<b>
Бренд</b>: Black Burn<b>
Название</b>: Papaya v obed(Папайя в обед)<b>
Линейка</b>: Основная<b>
Крепость</b>: Средняя<b>
Состав</b>: Папайя<b>
Рейтинг</b>: 4<b>
-------------
Отзыв:</b> Вот все кто упомянул тыкву при покуре правы на все сто - какая-то пряность и тягучесть тыквы тут проскакивает раз на раз. В миксе точно захочется повторить. Интересно, а если поиграться с выпечкой, можно ли будет довести до тыквенного пирога?)"
162314,Black Burn,Overdose,Передозировка,Основная,22,4,Средняя,https://htreviews.org/uploads/objects/1/f283b393dd2bb79d4edfab936805574ae4eba25c.webp,"Этот табак мне нравится больше, чем весь Овердоз в отдельной линейке, что я пробовал (правда, я не сравнивал с лимон-лаймом оттуда). Вкус для меня скорее конфетный, очень крутые кислые леденцы. Курится насыщенно, достаточно крепко, с кислотой не переборщили. 4 угля в касание и погнали! По сравнению с обычным ББ, этим можно накуриться","Лайм, Лимон","<b>
Бренд</b>: Black Burn<b>
Название</b>: Overdose(Передозировка)<b>
Линейка</b>: Основная<b>
Крепость</b>: Средняя<b>
Состав</b>: Лайм, Лимон<b>
Рейтинг</b>: 4<b>
-------------
Отзыв:</b> Этот табак мне нравится больше, чем весь Овердоз в отдельной линейке, что я пробовал (правда, я не сравнивал с лимон-лаймом оттуда). Вкус для меня скорее конфетный, очень крутые кислые леденцы. Курится насыщенно, достаточно крепко, с кислотой не переборщили. 4 угля в касание и погнали! По сравнению с обычным ББ, этим можно накуриться"
195186,Black Burn,Siberian soda,Сибирская газировка,Основная,23,4,Средняя,https://htreviews.org/uploads/objects/1/2b573f74abaa0faf8656015f4b01a8c0ead1c154.webp,"Сладкий, травянистый Байкал, в общем-то неплохо, но в соло неприятно было курить, перенасыщено и привкус непонятный вылезает. В микс с черникой/асаи, капелькой ёлок и холодка - супер.",Байкал,"<b>
Бренд</b>: Black Burn<b>
Название</b>: Siberian soda(Сибирская газировка)<b>
Линейка</b>: Основная<b>
Крепость</b>: Средняя<b>
Состав</b>: Байкал<b>
Рейтинг</b>: 4<b>
-------------
Отзыв:</b> Сладкий, травянистый Байкал, в общем-то неплохо, но в соло неприятно было курить, перенасыщено и привкус непонятный вылезает. В микс с черникой/асаи, капелькой ёлок и холодка - супер."
91991,Black Burn,Peach Killer,Персиковый убийца,Основная,24,4,Средняя,https://htreviews.org/uploads/objects/0/9738305d2acdd741248729f3360489ce14669272.webp,"Честно, не знаю какую версию персика я курил, но думаю все таки первую. Вкус просто идеального бархотного персика, он был шикарен, он был сладким, мягеньким, без тх и какой либо горечи, либо кислости. Этот вкус смело можно советовать, из всего табака который я попробовал в данный момент этот самый шикарный и вкусный. Настоятельно рекомендую попробовать его и создать прекрасный микс.
Вот один известный мне микс который заставит вас таять от сладости и шикарного вкуса:
DS Персик 60%
DS Крем-сода 15%
Sabotage Лайм-йогурт 25%",Персик,"<b>
Бренд</b>: Black Burn<b>
Название</b>: Peach Killer(Персиковый убийца)<b>
Линейка</b>: Основная<b>
Крепость</b>: Средняя<b>
Состав</b>: Персик<b>
Рейтинг</b>: 4<b>
-------------
Отзыв:</b> Честно, не знаю какую версию персика я курил, но думаю все таки первую. Вкус просто идеального бархотного персика, он был шикарен, он был сладким, мягеньким, без тх и какой либо горечи, либо кислости. Этот вкус смело можно советовать, из всего табака который я попробовал в данный момент этот самый шикарный и вкусный. Настоятельно рекомендую попробовать его и создать прекрасный микс.
Вот один известный мне микс который заставит вас таять от сладости и шикарного вкуса:
DS Персик 60%
DS Крем-сода 15%
Sabotage Лайм-йогурт 25%"
194898,Black Burn,Ekzo Mango,Сочное манго,Основная,25,4,Средняя,https://htreviews.org/uploads/objects/1/82fe0c7affb01fad67382a14463b509e2ce0ea4c.webp,"Это больше зеленое, немного сливочное манго с выраженным оттенком травянистости, а не сочное. В соло - скукота, в миксах показывает себя очень хорошо. Тх минимальное.",Манго,"<b>
Бренд</b>: Black Burn<b>
Название</b>: Ekzo Mango(Сочное манго)<b>
Линейка</b>: Основная<b>
Крепость</b>: Средняя<b>
Состав</b>: Манго<b>
Рейтинг</b>: 4<b>
-------------
Отзыв:</b> Это больше зеленое, немного сливочное манго с выраженным оттенком травянистости, а не сочное. В соло - скукота, в миксах показывает себя очень хорошо. Тх минимальное."
197090,Black Burn,Red Energy,Энергетик,Основная,26,4,Средняя,https://htreviews.org/uploads/objects/4/3afc54bacd754727f8de06e691e275d6.webp,"Хороший энергетик,НО не лучший.Кисло-Сладкий,больше похож на ""Адреналайн"" чем ""РБ"" и очень не насыщенный.В соло пустоватый,не хватает вот этой химозности энергетиков.В миксах тоже легко потеряется,но если его класть 50-70%,то получается хороший напиточный микс.
Для меня всё же лучшими пока остаются энергетики от : Догмы и Дафта.",Энергетик,"<b>
Бренд</b>: Black Burn<b>
Название</b>: Red Energy(Энергетик)<b>
Линейка</b>: Основная<b>
Крепость</b>: Средняя<b>
Состав</b>: Энергетик<b>
Рейтинг</b>: 4<b>
-------------
Отзыв:</b> Хороший энергетик,НО не лучший.Кисло-Сладкий,больше похож на ""Адреналайн"" чем ""РБ"" и очень не насыщенный.В соло пустоватый,не хватает вот этой химозности энергетиков.В миксах тоже легко потеряется,но если его класть 50-70%,то получается хороший напиточный микс.
Для меня всё же лучшими пока остаются энергетики от : Догмы и Дафта."
128691,Black Burn,Rising Star,Восходящая звезда,Основная,27,4,Средняя,https://htreviews.org/uploads/objects/1/e9e6be9a3493f943b5a5137caba5488ae354c529.webp,"Я думал оставил отзыв на данный табачок.
Но оказалось нет. 
В полне сбалансированная, хорошая манго маракуя. И Манго и Маракуя в процессе курения адекватно чувствует. Яркий вкус почти всё время процесса курения присутствует. Я бы рекомендовал его забивать с холодочком так как мне больше нравиться в этом виде. Да и забиваю ""забивал""с от Джигана на Чиле или же с цитрусами и с чаями в основном от МастХэва Эрл Грей с данной манго,маракуей для меня заходит на ура. Первое с Чиле любителям тропиков зайдёт так как кислые нотки сладкие нотки всё на месте. С цитрусами я люблю чисто манго 65 и цитрусами 30 или  60 на 30 забивать с холодом(ну конечно же +- до 10℅ холод на свой вкус). С чаей если хотите что-то новое покурить рекомендую, попробуйте ещё добавить фруктовое пюре в сторону этого пойти"" У нас просто чай на фруктовом пюре имеется и он мне очень нравиться и я его всегда стараюсь в кальяне повторить"". Очень хорошо получиться.
Ах да чуть не забыл курил и курю почти всегда на турке её, как будто на других чашках она не так хорошо раскрывается да и мне проще прослëвку забить. Как всегда кальян на грани. Сейчас забил с цитрусами), чтобы отзыв с воздуха не брать. Грел на 3х25
Чутка в касание забил. 
Чашка Турочка. 
Кальян На Грани -1. 
 Всем добра и С новым годом!","Манго, Маракуйя","<b>
Бренд</b>: Black Burn<b>
Название</b>: Rising Star(Восходящая звезда)<b>
Линейка</b>: Основная<b>
Крепость</b>: Средняя<b>
Состав</b>: Манго, Маракуйя<b>
Рейтинг</b>: 4<b>
-------------
Отзыв:</b> Я думал оставил отзыв на данный табачок.
Но оказалось нет. 
В полне сбалансированная, хорошая манго маракуя. И Манго и Маракуя в процессе курения адекватно чувствует. Яркий вкус почти всё время процесса курения присутствует. Я бы рекомендовал его забивать с холодочком так как мне больше нравиться в этом виде. Да и забиваю ""забивал""с от Джигана на Чиле или же с цитрусами и с чаями в основном от МастХэва Эрл Грей с данной манго,маракуей для меня заходит на ура. Первое с Чиле любителям тропиков зайдёт так как кислые нотки сладкие нотки всё на месте. С цитрусами я люблю чисто манго 65 и цитрусами 30 или  60 на 30 забивать с холодом(ну конечно же +- до 10℅ холод на свой вкус). С чаей если хотите что-то новое покурить рекомендую, попробуйте ещё добавить фруктовое пюре в сторону этого пойти"" У нас просто чай на фруктовом пюре имеется и он мне очень нравиться и я его всегда стараюсь в кальяне повторить"". Очень хорошо получиться.
Ах да чуть не забыл курил и курю почти всегда на турке её, как будто на других чашках она не так хорошо раскрывается да и мне проще прослëвку забить. Как всегда кальян на грани. Сейчас забил с цитрусами), чтобы отзыв с воздуха не брать. Грел на 3х25
Чутка в касание забил. 
Чашка Турочка. 
Кальян На Грани -1. 
 Всем добра и С новым годом!"
197004,Black Burn,Blackcola,Кола,Основная,28,4,Средняя,https://htreviews.org/uploads/objects/4/d5f18c1db9983e6711bc17eccbe62788.webp,"Как уже писали, совершенно верно, - кола в бутылке за 17 рублей. Слабая, непонятная, с небольшими и с нотками ванили всё же. Не мармеладная и всё таки никакая кола.",Кола,"<b>
Бренд</b>: Black Burn<b>
Название</b>: Blackcola(Кола)<b>
Линейка</b>: Основная<b>
Крепость</b>: Средняя<b>
Состав</b>: Кола<b>
Рейтинг</b>: 4<b>
-------------
Отзыв:</b> Как уже писали, совершенно верно, - кола в бутылке за 17 рублей. Слабая, непонятная, с небольшими и с нотками ванили всё же. Не мармеладная и всё таки никакая кола."
93359,Black Burn,Asian Lychee,Азиатский личи,Основная,29,4,Средняя,https://htreviews.org/uploads/objects/0/7d825b2162decbbf7fbf04a0a3dfd09d7770ce11.webp,"Сладкий, яркий, насыщенный личи! Аромка держиться долго! Мне показалось что тут кроме ещё личи есть какой-то освежающие нотки (либо мяты либо холодка)",Личи,"<b>
Бренд</b>: Black Burn<b>
Название</b>: Asian Lychee(Азиатский личи)<b>
Линейка</b>: Основная<b>
Крепость</b>: Средняя<b>
Состав</b>: Личи<b>
Рейтинг</b>: 4<b>
-------------
Отзыв:</b> Сладкий, яркий, насыщенный личи! Аромка держиться долго! Мне показалось что тут кроме ещё личи есть какой-то освежающие нотки (либо мяты либо холодка)"
194942,Black Burn,Cheesecake,Чизкейк,Основная,30,"3,9",Средняя,https://htreviews.org/uploads/objects/1/1ed157bb1182186a34cbe20cb3a1af690e1017fa.webp,"Приятный мягкий, сливочный чизкейк. Слегка жмрноват и не сильно сладкий. Отлично залетает в микс с ягодками.",Чизкейк,"<b>
Бренд</b>: Black Burn<b>
Название</b>: Cheesecake(Чизкейк)<b>
Линейка</b>: Основная<b>
Крепость</b>: Средняя<b>
Состав</b>: Чизкейк<b>
Рейтинг</b>: 3,9<b>
-------------
Отзыв:</b> Приятный мягкий, сливочный чизкейк. Слегка жмрноват и не сильно сладкий. Отлично залетает в микс с ягодками."
197222,Black Burn,Pineapple Yogurt,Ананасовый йогурт,Основная,31,"3,9",Средняя,https://htreviews.org/uploads/objects/4/6201ce9fbc228c98d011cb327bca9caf.webp,"та же история что и с персиковым йогуртом)
очень нежно, очень приятно, и снова флешбекает в детство когда ел йогурты фруттис)
тут мне чуть чуть не хватило самого ананаса, чуток не дожали, но в любом случае он есть, и это снова удачнейший йогурт)","Ананас, Йогурт","<b>
Бренд</b>: Black Burn<b>
Название</b>: Pineapple Yogurt(Ананасовый йогурт)<b>
Линейка</b>: Основная<b>
Крепость</b>: Средняя<b>
Состав</b>: Ананас, Йогурт<b>
Рейтинг</b>: 3,9<b>
-------------
Отзыв:</b> та же история что и с персиковым йогуртом)
очень нежно, очень приятно, и снова флешбекает в детство когда ел йогурты фруттис)
тут мне чуть чуть не хватило самого ананаса, чуток не дожали, но в любом случае он есть, и это снова удачнейший йогурт)"
119798,Black Burn,Melon Halls,Дынный холс,Основная,32,"3,9",Средняя,https://htreviews.org/uploads/objects/1/af40ccced8a53cdd119cb3f2449be72b1ad35fd9.webp,"Самый разочаровавший вкус бб - приторно сладкий и излишне ментоловый. не понравился в соло, миксы на мой взгляд тоже портит.","Дыня, Холодок, Леденцы","<b>
Бренд</b>: Black Burn<b>
Название</b>: Melon Halls(Дынный холс)<b>
Линейка</b>: Основная<b>
Крепость</b>: Средняя<b>
Состав</b>: Дыня, Холодок, Леденцы<b>
Рейтинг</b>: 3,9<b>
-------------
Отзыв:</b> Самый разочаровавший вкус бб - приторно сладкий и излишне ментоловый. не понравился в соло, миксы на мой взгляд тоже портит."
169498,Black Burn,Pear lemonade,Грушевый лимонад,Основная,33,"3,9",Средняя,https://htreviews.org/uploads/objects/1/f73596e4a91a7739c4c41ccd56bce0c3c9ab0887.webp,"Приятный, ненавязчивый аромат, прокурить, расслабиться, очень даже хорош!
Из баночки пахнет дюшесом, на покуре тепленький дюшес (как будто, денек простоял на солнце, но и фиг с ним)

На большее не надеялся, но прокурил, прикольно, почему бы и не взять еще в будущем?

Партия 07.12.2024","Газировка, Груша","<b>
Бренд</b>: Black Burn<b>
Название</b>: Pear lemonade(Грушевый лимонад)<b>
Линейка</b>: Основная<b>
Крепость</b>: Средняя<b>
Состав</b>: Газировка, Груша<b>
Рейтинг</b>: 3,9<b>
-------------
Отзыв:</b> Приятный, ненавязчивый аромат, прокурить, расслабиться, очень даже хорош!
Из баночки пахнет дюшесом, на покуре тепленький дюшес (как будто, денек простоял на солнце, но и фиг с ним)

На большее не надеялся, но прокурил, прикольно, почему бы и не взять еще в будущем?

Партия 07.12.2024"
93381,Black Burn,Famous Apple,Знаменитое яблоко,Основная,34,"3,9",Средняя,https://htreviews.org/uploads/objects/0/dbd39cc6893060c9d13433fc84e81e37d18d2c2c.webp,"Альтернатива вкусу от МХ, между собой они очень похожи",Яблоко,"<b>
Бренд</b>: Black Burn<b>
Название</b>: Famous Apple(Знаменитое яблоко)<b>
Линейка</b>: Основная<b>
Крепость</b>: Средняя<b>
Состав</b>: Яблоко<b>
Рейтинг</b>: 3,9<b>
-------------
Отзыв:</b> Альтернатива вкусу от МХ, между собой они очень похожи"
197522,Black Burn,Skittles ,Скитлз,Основная,35,"3,9",Средняя,https://htreviews.org/uploads/objects/5/674928f00f209d6d21cdf8950109ba5e.webp,"Прикольно, кисленько, вкусно, очень напомнило вкус харибон от бб, но при этом с цитрусовой ноткой, харибон я люблю, значит и это не могло мне не понравится, очень интересный и прикольный вкус.","Цитрус, Конфетный","<b>
Бренд</b>: Black Burn<b>
Название</b>: Skittles (Скитлз)<b>
Линейка</b>: Основная<b>
Крепость</b>: Средняя<b>
Состав</b>: Цитрус, Конфетный<b>
Рейтинг</b>: 3,9<b>
-------------
Отзыв:</b> Прикольно, кисленько, вкусно, очень напомнило вкус харибон от бб, но при этом с цитрусовой ноткой, харибон я люблю, значит и это не могло мне не понравится, очень интересный и прикольный вкус."
150234,Black Burn,Cranberry Shock,Клюква,Основная,36,"3,9",Средняя,https://htreviews.org/uploads/objects/1/0fe2a9e151b62b9284573dd41acfa0a9b68567fc.webp,"-Насколько делаем кислым клюкву?
-Да

Видимо,этим руководствовался берн,когда делал этот вкус.
Из банки запах отвратительный,при покуре вкус очень насыщенный. В миксах своей переаромкой может запросто перебить все остальные вкусы,так что в миксы добавлять осторожно. 
Кислость - в данном случае воспринимается как синоним.",Клюква,"<b>
Бренд</b>: Black Burn<b>
Название</b>: Cranberry Shock(Клюква)<b>
Линейка</b>: Основная<b>
Крепость</b>: Средняя<b>
Состав</b>: Клюква<b>
Рейтинг</b>: 3,9<b>
-------------
Отзыв:</b> -Насколько делаем кислым клюкву?
-Да

Видимо,этим руководствовался берн,когда делал этот вкус.
Из банки запах отвратительный,при покуре вкус очень насыщенный. В миксах своей переаромкой может запросто перебить все остальные вкусы,так что в миксы добавлять осторожно. 
Кислость - в данном случае воспринимается как синоним."
93371,Black Burn,Pineapple,Ананас,Основная,37,"3,9",Средняя,https://htreviews.org/uploads/objects/0/c81e0b8715a8165d0240bafaaacc2b278eaddb62.webp,"Достоверный вкус ананаса сложно передать. Он может уходить в химозность, либо в консервированные ананасы. Тут ни того, ни другого нет. Но и назвать аромку с достоверным и идеальным ананасом нельзя. Чувствуется небольшая кислинка и сладость, однако сочности спелого натурального ананаса нет. В соло курится приятно, в миксах будет возможно поинтереснее",Ананас,"<b>
Бренд</b>: Black Burn<b>
Название</b>: Pineapple(Ананас)<b>
Линейка</b>: Основная<b>
Крепость</b>: Средняя<b>
Состав</b>: Ананас<b>
Рейтинг</b>: 3,9<b>
-------------
Отзыв:</b> Достоверный вкус ананаса сложно передать. Он может уходить в химозность, либо в консервированные ананасы. Тут ни того, ни другого нет. Но и назвать аромку с достоверным и идеальным ананасом нельзя. Чувствуется небольшая кислинка и сладость, однако сочности спелого натурального ананаса нет. В соло курится приятно, в миксах будет возможно поинтереснее"
197523,Black Burn,Pomelo,Помело,Основная,38,"3,9",Средняя,https://htreviews.org/uploads/objects/5/ef1f2f170c33308152bdbd545986fe98.webp,"Я в очередной раз в ступоре, большинство пишет про помело, но для меня это какая-то непонятная смесь лайма и...грейпфрута, наверно.
Максимально плоский вкус, разобрать что-то сложно, выраженности никакой, много цедры, лёгкая горечь и всё...
О том, что это не похоже на помело я слышал, но чтобы настолько, это ещё при том, что я дал ""подышать"" ему пару часиков.
Рекомендовать точно не стану, такого качества продукт точно не для меня, хотя, кто-то может закономерно предположить, что, мол, не нравится по своей сути только мне, остальным из разряда ""пойдёт"", значит дело во мне, но это право каждого.

P.S. 25-ка от 12.09.2024
P.S.S. пробовал как и всегда на: MattPear Mini S, убивашка Японы, отступ, колодец, НГ 2-ая, 4-е 25-ых на 5 минут, раскуриваем и ставим пирамидкой",Помело,"<b>
Бренд</b>: Black Burn<b>
Название</b>: Pomelo(Помело)<b>
Линейка</b>: Основная<b>
Крепость</b>: Средняя<b>
Состав</b>: Помело<b>
Рейтинг</b>: 3,9<b>
-------------
Отзыв:</b> Я в очередной раз в ступоре, большинство пишет про помело, но для меня это какая-то непонятная смесь лайма и...грейпфрута, наверно.
Максимально плоский вкус, разобрать что-то сложно, выраженности никакой, много цедры, лёгкая горечь и всё...
О том, что это не похоже на помело я слышал, но чтобы настолько, это ещё при том, что я дал ""подышать"" ему пару часиков.
Рекомендовать точно не стану, такого качества продукт точно не для меня, хотя, кто-то может закономерно предположить, что, мол, не нравится по своей сути только мне, остальным из разряда ""пойдёт"", значит дело во мне, но это право каждого.

P.S. 25-ка от 12.09.2024
P.S.S. пробовал как и всегда на: MattPear Mini S, убивашка Японы, отступ, колодец, НГ 2-ая, 4-е 25-ых на 5 минут, раскуриваем и ставим пирамидкой"
119802,Black Burn,Something Fresh,Что-то свежее,Основная,39,"3,9",Средняя,https://htreviews.org/uploads/objects/1/300eafa2c7a10bf11de8f8ac275037e66ae9fe9e.webp,"отличный аромат конфет ""Дюшес"", прям оч кайфовый, можно даже его не мешать, а просто сдабривать чем-то цитрусовым и наслаждаться","Фрукты, Ягоды, Холодок","<b>
Бренд</b>: Black Burn<b>
Название</b>: Something Fresh(Что-то свежее)<b>
Линейка</b>: Основная<b>
Крепость</b>: Средняя<b>
Состав</b>: Фрукты, Ягоды, Холодок<b>
Рейтинг</b>: 3,9<b>
-------------
Отзыв:</b> отличный аромат конфет ""Дюшес"", прям оч кайфовый, можно даже его не мешать, а просто сдабривать чем-то цитрусовым и наслаждаться"
196653,Black Burn,IceBerg,Холодок,Основная,40,"3,9",Средне-лёгкая,https://htreviews.org/uploads/objects/3/c4fdbe82cfdbb42a1ea8c7e4b0473cfd.webp,"Нового не скажу, холодок как холодок, в отличии от других немного тусклый что-ли, но в целом норм.",Холодок,"<b>
Бренд</b>: Black Burn<b>
Название</b>: IceBerg(Холодок)<b>
Линейка</b>: Основная<b>
Крепость</b>: Средне-лёгкая<b>
Состав</b>: Холодок<b>
Рейтинг</b>: 3,9<b>
-------------
Отзыв:</b> Нового не скажу, холодок как холодок, в отличии от других немного тусклый что-ли, но в целом норм."
195539,Black Burn,﻿Epic Yogurt,Черничный йогурт,Основная,41,"3,8",Средняя,https://htreviews.org/uploads/objects/2/6b67ea319a936e74e262227b09dd5d1c.webp,"Не плохая черника, не мылит, но слабовыраженная. Йогурт есть, но в персики и ананасе докрутили на много лучше. На момент выхода вкус был не плохой. Если сравнивать с йогуртами, вышедшими после, то самый слабый вкус.","Черника, Йогурт","<b>
Бренд</b>: Black Burn<b>
Название</b>: ﻿Epic Yogurt(Черничный йогурт)<b>
Линейка</b>: Основная<b>
Крепость</b>: Средняя<b>
Состав</b>: Черника, Йогурт<b>
Рейтинг</b>: 3,8<b>
-------------
Отзыв:</b> Не плохая черника, не мылит, но слабовыраженная. Йогурт есть, но в персики и ананасе докрутили на много лучше. На момент выхода вкус был не плохой. Если сравнивать с йогуртами, вышедшими после, то самый слабый вкус."
93379,Black Burn,Strawberry Jam,Клубничный джем,Основная,42,"3,8",Средняя,https://htreviews.org/uploads/objects/0/ca0cd755c11bfaa0145c0d7fdde739ae970d4fb0.webp,"Когда выходил этот вкус порвал меня в 0 и я долгое время курил только его. На запах из банки хочется прям взять ложку и начать есть этот табак. лично для меня вкус немного теряет при покуре, но все равно остается очень ярким. Идеальное попадание в клубничное варенье, очень ярко и сладко. В любые миксы, и соло покур, всегда на ура.",Клубника,"<b>
Бренд</b>: Black Burn<b>
Название</b>: Strawberry Jam(Клубничный джем)<b>
Линейка</b>: Основная<b>
Крепость</b>: Средняя<b>
Состав</b>: Клубника<b>
Рейтинг</b>: 3,8<b>
-------------
Отзыв:</b> Когда выходил этот вкус порвал меня в 0 и я долгое время курил только его. На запах из банки хочется прям взять ложку и начать есть этот табак. лично для меня вкус немного теряет при покуре, но все равно остается очень ярким. Идеальное попадание в клубничное варенье, очень ярко и сладко. В любые миксы, и соло покур, всегда на ура."
98087,Black Burn,Brownie,Брауни,Основная,43,"3,8",Средняя,https://htreviews.org/uploads/objects/0/b1dda6b9aed9d4cd3514eccc95c13233cf808f6a.webp,"Приятный шоколаный вкус, может послужить хорошей основой для десертных миксов, в соло вкус не плох, но и не интересен, но с ним всегда можно получить крутой шоколадный десертный микс.","Шоколад, Кекс","<b>
Бренд</b>: Black Burn<b>
Название</b>: Brownie(Брауни)<b>
Линейка</b>: Основная<b>
Крепость</b>: Средняя<b>
Состав</b>: Шоколад, Кекс<b>
Рейтинг</b>: 3,8<b>
-------------
Отзыв:</b> Приятный шоколаный вкус, может послужить хорошей основой для десертных миксов, в соло вкус не плох, но и не интересен, но с ним всегда можно получить крутой шоколадный десертный микс."
176270,Black Burn,Elderberry Shock,Кислая бузина,Основная,44,"3,8",Средняя,https://htreviews.org/uploads/objects/1/5a21b2e66c831d0fe13201549d10a6fe5ca1c4d1.webp,"Я не знаю какая на вкус бузина, но очень захотелось попробовать реальные ягоды. При покуре в комнате пахнет сладеньким и приятным ароматом. Мы миксовали с другими ягодами и чаем с лаймом - везде был потрясающий микс. Приятная сладость и кислинка бузины добавляли миксам интересный вкус.","Барбарис, Бузина","<b>
Бренд</b>: Black Burn<b>
Название</b>: Elderberry Shock(Кислая бузина)<b>
Линейка</b>: Основная<b>
Крепость</b>: Средняя<b>
Состав</b>: Барбарис, Бузина<b>
Рейтинг</b>: 3,8<b>
-------------
Отзыв:</b> Я не знаю какая на вкус бузина, но очень захотелось попробовать реальные ягоды. При покуре в комнате пахнет сладеньким и приятным ароматом. Мы миксовали с другими ягодами и чаем с лаймом - везде был потрясающий микс. Приятная сладость и кислинка бузины добавляли миксам интересный вкус."
196009,Black Burn,На расслабоне feat. Джиган,Нет данных,Основная,45,"3,7",Средняя,https://htreviews.org/uploads/objects/2/4c21e87a63a823e682195fdcc74db6c5.webp,"Сливочный, я бы даже сказал, жирный банан. Отлично курится в соло. Приедается после 3-го покура, так что зря я сразу 200 грамм купил) Сам вкус очень порнравился.","Банан, Десерт","<b>
Бренд</b>: Black Burn<b>
Название</b>: На расслабоне feat. Джиган(Нет данных)<b>
Линейка</b>: Основная<b>
Крепость</b>: Средняя<b>
Состав</b>: Банан, Десерт<b>
Рейтинг</b>: 3,7<b>
-------------
Отзыв:</b> Сливочный, я бы даже сказал, жирный банан. Отлично курится в соло. Приедается после 3-го покура, так что зря я сразу 200 грамм купил) Сам вкус очень порнравился."
176411,Black Burn,Strawberry Coconut,Клубника Кокос Эвкалипт,Основная,46,"3,7",Средняя,https://htreviews.org/uploads/objects/1/af2d7ec490a4143585ec003e8b90c461f994ebef.webp,"хороший кокосик, в миксе с такой же хорошей клубникой
эвкалипт сопровождает не весь покур, под конец сеанса, улетучивается(курил на японе киллер)
если брать этот табак, то с мыслью о том, что вы любите кокос, а он тут довольно хорошо получился
напоминает сильно по вкусу жвачку дирол кокос клубника( 1 в 1 практически )","Кокос, Клубника, Эвкалипт","<b>
Бренд</b>: Black Burn<b>
Название</b>: Strawberry Coconut(Клубника Кокос Эвкалипт)<b>
Линейка</b>: Основная<b>
Крепость</b>: Средняя<b>
Состав</b>: Кокос, Клубника, Эвкалипт<b>
Рейтинг</b>: 3,7<b>
-------------
Отзыв:</b> хороший кокосик, в миксе с такой же хорошей клубникой
эвкалипт сопровождает не весь покур, под конец сеанса, улетучивается(курил на японе киллер)
если брать этот табак, то с мыслью о том, что вы любите кокос, а он тут довольно хорошо получился
напоминает сильно по вкусу жвачку дирол кокос клубника( 1 в 1 практически )"
107645,Black Burn,Sundaysun,Цитрусовый микс,Основная,47,"3,7",Средняя,https://htreviews.org/uploads/objects/1/374464a7db21a53d377241f72ba6bc74a4dc4e55.webp,"Для меня этот вкус показался пустым, ожидал апельсина, лимона, а мне дали одни кожурки(( То есть на покуре одна цедра чувствуется. В миксы для легкого оттенка цитруса - хорошо, в соло - невкусно.","Цитрус, Апельсин, Лимон, Грейпфрут","<b>
Бренд</b>: Black Burn<b>
Название</b>: Sundaysun(Цитрусовый микс)<b>
Линейка</b>: Основная<b>
Крепость</b>: Средняя<b>
Состав</b>: Цитрус, Апельсин, Лимон, Грейпфрут<b>
Рейтинг</b>: 3,7<b>
-------------
Отзыв:</b> Для меня этот вкус показался пустым, ожидал апельсина, лимона, а мне дали одни кожурки(( То есть на покуре одна цедра чувствуется. В миксы для легкого оттенка цитруса - хорошо, в соло - невкусно."
93387,Black Burn,Something Berry,Что-то ягодное,Основная,48,"3,7",Средняя,https://htreviews.org/uploads/objects/0/5847123281595eeaf62dd0a0efdb3b8d36a84d64.webp,"Вообще я очень положительно отношусь к подобным базам для миксов,когда всякого-разного есть по чуть-чуть. 
Это хорошо и в соло,и в миксы. 
Когда гость хочет что-то сладкое из ягод,но не может определиться - всегда бью это,периодически с чем то мешая в зависимости от предпочтений в конечном вкусе - кислое,сладкое либо кислосладкое. 
В лаунжи такое нужно сто процентов.",Ягоды,"<b>
Бренд</b>: Black Burn<b>
Название</b>: Something Berry(Что-то ягодное)<b>
Линейка</b>: Основная<b>
Крепость</b>: Средняя<b>
Состав</b>: Ягоды<b>
Рейтинг</b>: 3,7<b>
-------------
Отзыв:</b> Вообще я очень положительно отношусь к подобным базам для миксов,когда всякого-разного есть по чуть-чуть. 
Это хорошо и в соло,и в миксы. 
Когда гость хочет что-то сладкое из ягод,но не может определиться - всегда бью это,периодически с чем то мешая в зависимости от предпочтений в конечном вкусе - кислое,сладкое либо кислосладкое. 
В лаунжи такое нужно сто процентов."
195302,Black Burn,Juicy Smoothie,Тропический смузи,Основная,49,"3,7",Средняя,https://htreviews.org/uploads/objects/1/c9b2d64402f3c80cb342f05b25a2b84c329e48d6.webp,"Первые минут 5-7 отчетливый кокос, сухой, слегка мыльный, с очень приятной кислинкой на выдохе. Напоминает их же пинаколаду. Потом кокос отступает и не чувствуется до конца курения. Но появляется насыщенный сладкий вкус, а кислинка, к сожаления, пропадает. Очень напоминает сок мультифрут. Клубники нет вовсе. Курить приятно, сладость не переаромлена.","Кокос, Клубника, Папайя","<b>
Бренд</b>: Black Burn<b>
Название</b>: Juicy Smoothie(Тропический смузи)<b>
Линейка</b>: Основная<b>
Крепость</b>: Средняя<b>
Состав</b>: Кокос, Клубника, Папайя<b>
Рейтинг</b>: 3,7<b>
-------------
Отзыв:</b> Первые минут 5-7 отчетливый кокос, сухой, слегка мыльный, с очень приятной кислинкой на выдохе. Напоминает их же пинаколаду. Потом кокос отступает и не чувствуется до конца курения. Но появляется насыщенный сладкий вкус, а кислинка, к сожаления, пропадает. Очень напоминает сок мультифрут. Клубники нет вовсе. Курить приятно, сладость не переаромлена."
198021,Black Burn,SALAK,Змеиный фрукт,Основная,50,"3,7",Средняя,https://htreviews.org/uploads/objects/5/0208c3c0a23f6344a386901c97c6a382.webp,"«Салак» я не пробовал, так что попадание оценить не могу. Ну, это приятное фруктово-тропическое. Из конкретного могу определить, что тут есть дыня, как в их же аромате «Фруктовая жвачка», есть немного ананаса и что-то ореховое или сливочное (но, возможно, я надумал себе, прочитав описание).
Вкусно, но пропустив данный аромат, вы ничего не потеряете. 

Редко пишу об этом, но тут не могу не отметить ужасную консистенцию пластилина. Как вот ББ делал раньше для ""молодости"". Вся банка ушла в чашку, у которой средняя загрузка не более 18 г.",Фрукты,"<b>
Бренд</b>: Black Burn<b>
Название</b>: SALAK(Змеиный фрукт)<b>
Линейка</b>: Основная<b>
Крепость</b>: Средняя<b>
Состав</b>: Фрукты<b>
Рейтинг</b>: 3,7<b>
-------------
Отзыв:</b> «Салак» я не пробовал, так что попадание оценить не могу. Ну, это приятное фруктово-тропическое. Из конкретного могу определить, что тут есть дыня, как в их же аромате «Фруктовая жвачка», есть немного ананаса и что-то ореховое или сливочное (но, возможно, я надумал себе, прочитав описание).
Вкусно, но пропустив данный аромат, вы ничего не потеряете. 

Редко пишу об этом, но тут не могу не отметить ужасную консистенцию пластилина. Как вот ББ делал раньше для ""молодости"". Вся банка ушла в чашку, у которой средняя загрузка не более 18 г."
93369,Black Burn,Garnet,Гранат,Основная,51,"3,6",Средняя,https://htreviews.org/uploads/objects/0/03fcee58a581d03273239d09365851dfef154ee7.webp,"Просто кислинка. Ничего больше. Какого-то сверхяркого вкуса граната, который ни с чем не спутаешь, я не ощутил.",Гранат,"<b>
Бренд</b>: Black Burn<b>
Название</b>: Garnet(Гранат)<b>
Линейка</b>: Основная<b>
Крепость</b>: Средняя<b>
Состав</b>: Гранат<b>
Рейтинг</b>: 3,6<b>
-------------
Отзыв:</b> Просто кислинка. Ничего больше. Какого-то сверхяркого вкуса граната, который ни с чем не спутаешь, я не ощутил."
144465,Black Burn,Peachberry,Персик и земляника,Основная,52,"3,6",Средняя,https://htreviews.org/uploads/objects/1/19ecc695637a51c52b9b6c788e4c2575b850f58b.webp,"Вообще неоднозначно. Больше здесь играет земляника,персик присутствует на фоне. И то чувствуется,что персик отдает мыльцом. Гостям забиваю в соло,иногда миксую,всегда всем нравится. 
Отдаленно может напоминать чай с персиком и клубникой где то после получаса-часа покура. 
Я бы такое на постояннке не курил.","Персик, Земляника","<b>
Бренд</b>: Black Burn<b>
Название</b>: Peachberry(Персик и земляника)<b>
Линейка</b>: Основная<b>
Крепость</b>: Средняя<b>
Состав</b>: Персик, Земляника<b>
Рейтинг</b>: 3,6<b>
-------------
Отзыв:</b> Вообще неоднозначно. Больше здесь играет земляника,персик присутствует на фоне. И то чувствуется,что персик отдает мыльцом. Гостям забиваю в соло,иногда миксую,всегда всем нравится. 
Отдаленно может напоминать чай с персиком и клубникой где то после получаса-часа покура. 
Я бы такое на постояннке не курил."
161088,Black Burn,Pinacolada,Пина Колада,Основная,53,"3,6",Средняя,https://htreviews.org/uploads/objects/1/2b4e82eb3b0aedf90118b1cf870ce6be7c1fbf82.webp,"Вяло, грустно. 
Отдалённо: мягко приятно ананас кокос сливочное. Не раскрывается и быстро пропадает вкус. 
Тестировала на разных чашах, нет. Неудачный он",Пина колада,"<b>
Бренд</b>: Black Burn<b>
Название</b>: Pinacolada(Пина Колада)<b>
Линейка</b>: Основная<b>
Крепость</b>: Средняя<b>
Состав</b>: Пина колада<b>
Рейтинг</b>: 3,6<b>
-------------
Отзыв:</b> Вяло, грустно. 
Отдалённо: мягко приятно ананас кокос сливочное. Не раскрывается и быстро пропадает вкус. 
Тестировала на разных чашах, нет. Неудачный он"
198020,Black Burn,LULO,Китосски паслён,Основная,54,"3,6",Средне-лёгкая,https://htreviews.org/uploads/objects/5/40fe2bdb3c97c76855391979101090b0.webp,"Приятное сливочно-клубничное что-то, в миксах теряется, в соло неплохо. Скучно, но это не значит плохо. Хотите какую-то неявную сливочно-ягодную историю - берите. Не впечатлитесь, но и не расстроитесь","Фрукты, Сливочный, Ягоды","<b>
Бренд</b>: Black Burn<b>
Название</b>: LULO(Китосски паслён)<b>
Линейка</b>: Основная<b>
Крепость</b>: Средне-лёгкая<b>
Состав</b>: Фрукты, Сливочный, Ягоды<b>
Рейтинг</b>: 3,6<b>
-------------
Отзыв:</b> Приятное сливочно-клубничное что-то, в миксах теряется, в соло неплохо. Скучно, но это не значит плохо. Хотите какую-то неявную сливочно-ягодную историю - берите. Не впечатлитесь, но и не расстроитесь"
121073,Black Burn,Shock Currant Shock,Шок Смородина Шок,Основная,55,"3,5",Средняя,https://htreviews.org/uploads/objects/1/0aedb4addcf5b5b8fad74eafcd5089d569b33754.webp,"Для меня вся линейка Shock это чистый уксус, который курить вообще невозможно. Какая бы там смородина не была, она ощущается суперхимозной из-за этого уксуса. Да о чем тут говорить, если пальцы жжёт, когда забиваешь голыми руками…
Может, у меня такое особое восприятие, ведь поклонников у этих вкусов много.
Эта смородина мне не нравится даже сильно разбавленной в миксах.
Мне больше по душе вкусы типа вишни Афзала и вишневого эля Трофимова, там смогли сделать очень кисло без ощущения уксуса.","Черная смородина, Красная смородина","<b>
Бренд</b>: Black Burn<b>
Название</b>: Shock Currant Shock(Шок Смородина Шок)<b>
Линейка</b>: Основная<b>
Крепость</b>: Средняя<b>
Состав</b>: Черная смородина, Красная смородина<b>
Рейтинг</b>: 3,5<b>
-------------
Отзыв:</b> Для меня вся линейка Shock это чистый уксус, который курить вообще невозможно. Какая бы там смородина не была, она ощущается суперхимозной из-за этого уксуса. Да о чем тут говорить, если пальцы жжёт, когда забиваешь голыми руками…
Может, у меня такое особое восприятие, ведь поклонников у этих вкусов много.
Эта смородина мне не нравится даже сильно разбавленной в миксах.
Мне больше по душе вкусы типа вишни Афзала и вишневого эля Трофимова, там смогли сделать очень кисло без ощущения уксуса."
188291,Black Burn,Creme Brulee,Крем-брюле,Основная,56,"3,5",Средняя,https://htreviews.org/uploads/objects/1/c2765915e4c730f82d6140843891eed43dfe7651.webp,"Попытка неплохая, ощущаются нотки знакомого десерта. Однако вкус нестабильный и дело тут не в жаре.","Сливочный, Карамель, Десерт","<b>
Бренд</b>: Black Burn<b>
Название</b>: Creme Brulee(Крем-брюле)<b>
Линейка</b>: Основная<b>
Крепость</b>: Средняя<b>
Состав</b>: Сливочный, Карамель, Десерт<b>
Рейтинг</b>: 3,5<b>
-------------
Отзыв:</b> Попытка неплохая, ощущаются нотки знакомого десерта. Однако вкус нестабильный и дело тут не в жаре."
93385,Black Burn,After 8,После 8,Основная,57,"3,5",Средняя,https://htreviews.org/uploads/objects/0/473ef8788d41450e0abc145652c4aa9d60174417.webp,"Одно из любимых вкусовых сочетаний. Отличная и яркая вкусопередача, долго держится вкус. В соло - кайф, а если добавить тархун, то бомбовый микс!","Мята, Шоколад","<b>
Бренд</b>: Black Burn<b>
Название</b>: After 8(После 8)<b>
Линейка</b>: Основная<b>
Крепость</b>: Средняя<b>
Состав</b>: Мята, Шоколад<b>
Рейтинг</b>: 3,5<b>
-------------
Отзыв:</b> Одно из любимых вкусовых сочетаний. Отличная и яркая вкусопередача, долго держится вкус. В соло - кайф, а если добавить тархун, то бомбовый микс!"
93397,Black Burn,Barberry Shock,Барбарисовый шок,Основная,58,"3,4",Средняя,https://htreviews.org/uploads/objects/0/80ebf8ca9a607c13518a79435af4d41cb2e4f7db.webp,"аПри покуре ощущение, что ешь конфетку барбарис. Вкус детства. Очень сладкая и приятная. Вкус передан на 100%.",Барбарис,"<b>
Бренд</b>: Black Burn<b>
Название</b>: Barberry Shock(Барбарисовый шок)<b>
Линейка</b>: Основная<b>
Крепость</b>: Средняя<b>
Состав</b>: Барбарис<b>
Рейтинг</b>: 3,4<b>
-------------
Отзыв:</b> аПри покуре ощущение, что ешь конфетку барбарис. Вкус детства. Очень сладкая и приятная. Вкус передан на 100%."
196319,Black Burn,Nutella,Шоколадно-ореховая паста,Основная,59,"3,4",Средняя,https://htreviews.org/uploads/objects/2/b7a337c2fc3c71e55fe06658f2413424.webp,"Странный аромат ореховой пасты 
Орех чувствуем на 70%, шоколад на 20%, сливочность на 10%
Курится довольно ярко и сухо, присутствует неопределенная горечь при покуре (скорее от ореха)
При определенном нагреве или времени курения аромка нутэлы имеет свойство испариться из вашей чаши - получаем горелую шоколадно-ореховую горечь 
В соло можно попробовать на не продолжительное время 
В миксы с десертами, сливками может быть 

дикий микс: 50% Cacao (Must.) + 50% Nutella (Black B.)

P.s странный ароматизатор, горечь при покуре, не стоит вашего внимания :(","Шоколад, Сливочный, Орех","<b>
Бренд</b>: Black Burn<b>
Название</b>: Nutella(Шоколадно-ореховая паста)<b>
Линейка</b>: Основная<b>
Крепость</b>: Средняя<b>
Состав</b>: Шоколад, Сливочный, Орех<b>
Рейтинг</b>: 3,4<b>
-------------
Отзыв:</b> Странный аромат ореховой пасты 
Орех чувствуем на 70%, шоколад на 20%, сливочность на 10%
Курится довольно ярко и сухо, присутствует неопределенная горечь при покуре (скорее от ореха)
При определенном нагреве или времени курения аромка нутэлы имеет свойство испариться из вашей чаши - получаем горелую шоколадно-ореховую горечь 
В соло можно попробовать на не продолжительное время 
В миксы с десертами, сливками может быть 

дикий микс: 50% Cacao (Must.) + 50% Nutella (Black B.)

P.s странный ароматизатор, горечь при покуре, не стоит вашего внимания :("
195303,Black Burn,Etalon Melon,Медовая дыня,Основная,60,"3,4",Средняя,https://htreviews.org/uploads/objects/1/121b197924ae2f77a23665fc62d4c4f7c752e328.webp,"Хорошая дынька,спелая и сладкая. Травянистости нет,на перегреве тоже. А че ещё про неё сказать, вкусно и точка",Дыня,"<b>
Бренд</b>: Black Burn<b>
Название</b>: Etalon Melon(Медовая дыня)<b>
Линейка</b>: Основная<b>
Крепость</b>: Средняя<b>
Состав</b>: Дыня<b>
Рейтинг</b>: 3,4<b>
-------------
Отзыв:</b> Хорошая дынька,спелая и сладкая. Травянистости нет,на перегреве тоже. А че ещё про неё сказать, вкусно и точка"
196507,Black Burn,Pudding,Ванильный пуддинг,Основная,61,"3,4",Средняя,https://htreviews.org/uploads/objects/3/c2012d87846caf9c856b2ca7cb8d1c0c.webp,"средний вкус ББ, просто приятный сливочный вкус, не самого вкусного сливочного пудинга, в соло курится не очень интересно, но в качестве сливочного вкуса в миксы очень интересно.","Сливочный, Ваниль, Карамель, Десерт","<b>
Бренд</b>: Black Burn<b>
Название</b>: Pudding(Ванильный пуддинг)<b>
Линейка</b>: Основная<b>
Крепость</b>: Средняя<b>
Состав</b>: Сливочный, Ваниль, Карамель, Десерт<b>
Рейтинг</b>: 3,4<b>
-------------
Отзыв:</b> средний вкус ББ, просто приятный сливочный вкус, не самого вкусного сливочного пудинга, в соло курится не очень интересно, но в качестве сливочного вкуса в миксы очень интересно."
93395,Black Burn,Something Tropical,Что-то тропическое,Основная,62,"3,4",Средняя,https://htreviews.org/uploads/objects/0/59d590ca658265c9b36255f555bcb512afd70969.webp,"Кисло-сладкая мешанина. Распознала только маракуйю) Она видимо и дает эту кислинку. Обычный стандартный тропический микс. Для многих наверняка будет скучно, но мне в целом норм.",Фрукты,"<b>
Бренд</b>: Black Burn<b>
Название</b>: Something Tropical(Что-то тропическое)<b>
Линейка</b>: Основная<b>
Крепость</b>: Средняя<b>
Состав</b>: Фрукты<b>
Рейтинг</b>: 3,4<b>
-------------
Отзыв:</b> Кисло-сладкая мешанина. Распознала только маракуйю) Она видимо и дает эту кислинку. Обычный стандартный тропический микс. Для многих наверняка будет скучно, но мне в целом норм."
196644,Black Burn,Feijoa Jam,Варенье из фейхоа ,Основная,63,"3,4",Средняя,https://htreviews.org/uploads/objects/3/afc87d0f5c8e474f118dc920c833e373.webp,"На грани-1
Чашка Турочка
Каллауд китаец обычный
Забито Пушисто с чутка отступом
Грел на 3х25 под колпаком курил на тех же 3х25.(В миксе гостю делал 2ую чашку, его жар контролировался каждые минут 20) 
Не знаю, мне человек хвалит этот вкус. Ну думаю давай попробуем. Закупили вместо моего любимого базилика этот вкус. Открыл пачку ну запах сладенький но слабенький уже как будто было ясно что тут прям джем джемом и его тут многовато. Ну думаю уже ясненько. Забил в соло, уловимый вкус фейхоа с огромным количеством джема. Забил в миксах тоже ровно куриться только фейхоа теряется в миксах, а джем фоном играет. Из-за слабой аромки. От Джона Кальяно (SA)пробовал Гриндайзер вот он прям фейхоа фейхоа. Добротный так яркий, чёткий. Хотя раз попробовал и то было давненько уже только мельком ощущения остались начинаю забывать надо тоже кстати попробовать его. А насчёт данного вкуса на рынке есть и по лучше фейхоа. Я лично повторно не стану брать ( и так 200грамов стоит 30-35гр использовал всего лишь).",Фейхоа,"<b>
Бренд</b>: Black Burn<b>
Название</b>: Feijoa Jam(Варенье из фейхоа )<b>
Линейка</b>: Основная<b>
Крепость</b>: Средняя<b>
Состав</b>: Фейхоа<b>
Рейтинг</b>: 3,4<b>
-------------
Отзыв:</b> На грани-1
Чашка Турочка
Каллауд китаец обычный
Забито Пушисто с чутка отступом
Грел на 3х25 под колпаком курил на тех же 3х25.(В миксе гостю делал 2ую чашку, его жар контролировался каждые минут 20) 
Не знаю, мне человек хвалит этот вкус. Ну думаю давай попробуем. Закупили вместо моего любимого базилика этот вкус. Открыл пачку ну запах сладенький но слабенький уже как будто было ясно что тут прям джем джемом и его тут многовато. Ну думаю уже ясненько. Забил в соло, уловимый вкус фейхоа с огромным количеством джема. Забил в миксах тоже ровно куриться только фейхоа теряется в миксах, а джем фоном играет. Из-за слабой аромки. От Джона Кальяно (SA)пробовал Гриндайзер вот он прям фейхоа фейхоа. Добротный так яркий, чёткий. Хотя раз попробовал и то было давненько уже только мельком ощущения остались начинаю забывать надо тоже кстати попробовать его. А насчёт данного вкуса на рынке есть и по лучше фейхоа. Я лично повторно не стану брать ( и так 200грамов стоит 30-35гр использовал всего лишь)."
121071,Black Burn,Kiwi Stoner,Киви Стоунер,Основная,64,"3,3",Средняя,https://htreviews.org/uploads/objects/1/aa507b7c281d76324e7588d65a81b37916e46314.webp,"Не самый лучший киви, но на пару раз пойдёт",Киви,"<b>
Бренд</b>: Black Burn<b>
Название</b>: Kiwi Stoner(Киви Стоунер)<b>
Линейка</b>: Основная<b>
Крепость</b>: Средняя<b>
Состав</b>: Киви<b>
Рейтинг</b>: 3,3<b>
-------------
Отзыв:</b> Не самый лучший киви, но на пару раз пойдёт"
197089,Black Burn,Red Kiwi,Красный киви,Основная,65,"3,3",Средняя,https://htreviews.org/uploads/objects/4/9fdc95cb0532fd418a35ed3f455e4b6e.webp,"Слабый, какой-то не внятный вкус .",Киви,"<b>
Бренд</b>: Black Burn<b>
Название</b>: Red Kiwi(Красный киви)<b>
Линейка</b>: Основная<b>
Крепость</b>: Средняя<b>
Состав</b>: Киви<b>
Рейтинг</b>: 3,3<b>
-------------
Отзыв:</b> Слабый, какой-то не внятный вкус ."
119796,Black Burn,Pistachio Ice Snow,Фисташковое мороженое,Основная,66,"3,3",Средняя,https://htreviews.org/uploads/objects/1/8f3fafe95fda18695c2b3ae3e76991dd92325fac.webp,"в соло не рискнул использовать, в миксе было норм - фисташка ощущалась, прохладность от мороженого тоже, но вариант от ДС запомнился мне больше","Орех, Мороженое, Фисташки","<b>
Бренд</b>: Black Burn<b>
Название</b>: Pistachio Ice Snow(Фисташковое мороженое)<b>
Линейка</b>: Основная<b>
Крепость</b>: Средняя<b>
Состав</b>: Орех, Мороженое, Фисташки<b>
Рейтинг</b>: 3,3<b>
-------------
Отзыв:</b> в соло не рискнул использовать, в миксе было норм - фисташка ощущалась, прохладность от мороженого тоже, но вариант от ДС запомнился мне больше"
196320,Black Burn,Raspberry Shock,Кислая малина,Основная,67,"3,3",Средняя,https://htreviews.org/uploads/objects/2/13c812bcb7ac9105e6bfe2720e4ee286.webp,"Самая слабая малина из тех, что пробовал. Фактически малина почти не ощутима, на первом фоне почти весь покур характерная шоковой линейки кислинка. 
В соло точно нет. а если докидывать в миксы, то ради малины бессмысленно, так как ее тут нет. Для кислинки докидывать тоже смысла не вижу, так как есть более удачные вкусы.
Для меня мимо, кому-то заходит исходя из отзывов.",Малина,"<b>
Бренд</b>: Black Burn<b>
Название</b>: Raspberry Shock(Кислая малина)<b>
Линейка</b>: Основная<b>
Крепость</b>: Средняя<b>
Состав</b>: Малина<b>
Рейтинг</b>: 3,3<b>
-------------
Отзыв:</b> Самая слабая малина из тех, что пробовал. Фактически малина почти не ощутима, на первом фоне почти весь покур характерная шоковой линейки кислинка. 
В соло точно нет. а если докидывать в миксы, то ради малины бессмысленно, так как ее тут нет. Для кислинки докидывать тоже смысла не вижу, так как есть более удачные вкусы.
Для меня мимо, кому-то заходит исходя из отзывов."
93357,Black Burn,Irish Cream,Айриш Крим,Основная,68,"3,3",Средняя,https://htreviews.org/uploads/objects/0/3f808971df1680102f5d1deb156caefad4cd09c6.webp,"Ни чем по вкусу не хуже - овердоза ""Бэйлис"" - все как надо. Пополнит полку.",Бейлис,"<b>
Бренд</b>: Black Burn<b>
Название</b>: Irish Cream(Айриш Крим)<b>
Линейка</b>: Основная<b>
Крепость</b>: Средняя<b>
Состав</b>: Бейлис<b>
Рейтинг</b>: 3,3<b>
-------------
Отзыв:</b> Ни чем по вкусу не хуже - овердоза ""Бэйлис"" - все как надо. Пополнит полку."
194930,Black Burn,Tik Tak,Драже из детства,Основная,69,"3,3",Средняя,https://htreviews.org/uploads/objects/1/f2d20829ce2d045ae6c3974e473d725306e90aec.webp,"I did not enjoy this one from Blackburn 
Yes it is candy orange but it is very artificial tasting and is not an enjoyable orange flavor 
It has a not so good aftertaste of orange that you would get from an artificial orange juice","Мята, Жвачка","<b>
Бренд</b>: Black Burn<b>
Название</b>: Tik Tak(Драже из детства)<b>
Линейка</b>: Основная<b>
Крепость</b>: Средняя<b>
Состав</b>: Мята, Жвачка<b>
Рейтинг</b>: 3,3<b>
-------------
Отзыв:</b> I did not enjoy this one from Blackburn 
Yes it is candy orange but it is very artificial tasting and is not an enjoyable orange flavor 
It has a not so good aftertaste of orange that you would get from an artificial orange juice"
161091,Black Burn,Sou-sep,Саусеп,Основная,70,"3,3",Средняя,https://htreviews.org/uploads/objects/1/48f3516a2970b13f33d99934cd274ca2e33c6a79.webp,"Это нечто свежее, немного сладкое и свежее, очень сильно мылит и при покуре скорее неприятно, чем приятно, честно не могу рекомендовать к покуру, глобально по вкусу сказать тяжело, может это попадание во вкус 10 из 10, но поскольку то на чем этот вкус базировался я не пробовал.",Гуанабана,"<b>
Бренд</b>: Black Burn<b>
Название</b>: Sou-sep(Саусеп)<b>
Линейка</b>: Основная<b>
Крепость</b>: Средняя<b>
Состав</b>: Гуанабана<b>
Рейтинг</b>: 3,3<b>
-------------
Отзыв:</b> Это нечто свежее, немного сладкое и свежее, очень сильно мылит и при покуре скорее неприятно, чем приятно, честно не могу рекомендовать к покуру, глобально по вкусу сказать тяжело, может это попадание во вкус 10 из 10, но поскольку то на чем этот вкус базировался я не пробовал."
195187,Black Burn,Summer basket,Летняя корзинка,Основная,71,"3,3",Средняя,https://htreviews.org/uploads/objects/1/e6e1276491256f861283f2a960b3d5bf11592114.webp,"""И так сойдет!""
Я думаю именно так думали технологи BB когда разрабатывали этот вкус и у них это получилось. 
Вкус действительно сойдет, каждый тут может почувствовать что то свое, у меня например это был жвачка-арбуз-банан. 
И еще кучу непонятных привкусов, но в тоже время и какого то отвращения эта мешанина не вызывает. 
Покупать еще раз я точно не буду, но если друг где то мне это забьют - сильно плеваться я тоже не буду. 
Всем отличного покура!",Ягоды,"<b>
Бренд</b>: Black Burn<b>
Название</b>: Summer basket(Летняя корзинка)<b>
Линейка</b>: Основная<b>
Крепость</b>: Средняя<b>
Состав</b>: Ягоды<b>
Рейтинг</b>: 3,3<b>
-------------
Отзыв:</b> ""И так сойдет!""
Я думаю именно так думали технологи BB когда разрабатывали этот вкус и у них это получилось. 
Вкус действительно сойдет, каждый тут может почувствовать что то свое, у меня например это был жвачка-арбуз-банан. 
И еще кучу непонятных привкусов, но в тоже время и какого то отвращения эта мешанина не вызывает. 
Покупать еще раз я точно не буду, но если друг где то мне это забьют - сильно плеваться я тоже не буду. 
Всем отличного покура!"
107734,Black Burn,Cherry Shock,Кислая вишня,Основная,72,"3,2",Средняя,https://htreviews.org/uploads/objects/1/8d644d34e7ee49ad3c132e1ac95ce0bd2f906259.webp,"Кисляк какой-то. Я люблю кислые вкусы, но это не кислый, а скорее уксусный, как пишут ниже. Невозможно курить. Даже в миксе испортил другие вкусы.",Вишня,"<b>
Бренд</b>: Black Burn<b>
Название</b>: Cherry Shock(Кислая вишня)<b>
Линейка</b>: Основная<b>
Крепость</b>: Средняя<b>
Состав</b>: Вишня<b>
Рейтинг</b>: 3,2<b>
-------------
Отзыв:</b> Кисляк какой-то. Я люблю кислые вкусы, но это не кислый, а скорее уксусный, как пишут ниже. Невозможно курить. Даже в миксе испортил другие вкусы."
93389,Black Burn,Almond Icecream,Миндальное мороженое,Основная,73,3,Средняя,https://htreviews.org/uploads/objects/0/5572bedd5370b9102c36fc2aaf3eff63071d4943.webp,"Странный вкус. Миндаля почти нет. Сливочность есть, но мне чудится запах топленого молока.","Мороженое, Фисташки","<b>
Бренд</b>: Black Burn<b>
Название</b>: Almond Icecream(Миндальное мороженое)<b>
Линейка</b>: Основная<b>
Крепость</b>: Средняя<b>
Состав</b>: Мороженое, Фисташки<b>
Рейтинг</b>: 3<b>
-------------
Отзыв:</b> Странный вкус. Миндаля почти нет. Сливочность есть, но мне чудится запах топленого молока."
128693,Black Burn,Cherry Garden,Вишневый сад,Основная,74,3,Средняя,https://htreviews.org/uploads/objects/1/3a77f41cb385a274cbc153467ee348edb459df77.webp,"Пусть на черешню не сильно похоже, но как вишня с кислинкой вполне нормально",Вишня,"<b>
Бренд</b>: Black Burn<b>
Название</b>: Cherry Garden(Вишневый сад)<b>
Линейка</b>: Основная<b>
Крепость</b>: Средняя<b>
Состав</b>: Вишня<b>
Рейтинг</b>: 3<b>
-------------
Отзыв:</b> Пусть на черешню не сильно похоже, но как вишня с кислинкой вполне нормально"
194897,Black Burn,Berry Lemonade,Ягодный лимонад,Основная,75,3,Средняя,https://htreviews.org/uploads/objects/1/13144183d95fcdf8f6f7ac54c6a30ff8bcd1e41a.webp,"Разочарование - это про него. 
Ну вот вроде бы есть попадание в ягодный лимонад,есть присущий лимонаду холод,но все равно что-то не то. Присутствует мыльность,да и по вкусу не сказать что прям хорошо аромкой отдает. 
Бить в соло однозначно не советую,в миксах побороть его мыльность еще можно.","Ягоды, Газировка","<b>
Бренд</b>: Black Burn<b>
Название</b>: Berry Lemonade(Ягодный лимонад)<b>
Линейка</b>: Основная<b>
Крепость</b>: Средняя<b>
Состав</b>: Ягоды, Газировка<b>
Рейтинг</b>: 3<b>
-------------
Отзыв:</b> Разочарование - это про него. 
Ну вот вроде бы есть попадание в ягодный лимонад,есть присущий лимонаду холод,но все равно что-то не то. Присутствует мыльность,да и по вкусу не сказать что прям хорошо аромкой отдает. 
Бить в соло однозначно не советую,в миксах побороть его мыльность еще можно."
144467,Black Burn,It’s Not Black Currant,Не черная смородина,Основная,76,3,Средняя,https://htreviews.org/uploads/objects/1/087c6229b6ac43c03a73fb507e52a048f4c18040.webp,"Берн, wtf? Даже в соло это невнятная ягода, а в миксах вообще не чувствуется. Понимал, что вкус перевыпустили (либо просто имя поменяли), но такой подставы я не ожидал.",Красная смородина,"<b>
Бренд</b>: Black Burn<b>
Название</b>: It’s Not Black Currant(Не черная смородина)<b>
Линейка</b>: Основная<b>
Крепость</b>: Средняя<b>
Состав</b>: Красная смородина<b>
Рейтинг</b>: 3<b>
-------------
Отзыв:</b> Берн, wtf? Даже в соло это невнятная ягода, а в миксах вообще не чувствуется. Понимал, что вкус перевыпустили (либо просто имя поменяли), но такой подставы я не ожидал."
195142,Black Burn,Tropic Jack,Спелый джекфрут,Основная,77,3,Средняя,https://htreviews.org/uploads/objects/1/5835e701c75ae5acfd6b189262b236a3cee28b46.webp,"В соло вообще не заслуживает внимания, пустой и непонятный вкус. Однако, в миксах курится интересно. Пробуйте классические тропики с ним (ананас, маракуйя, манго и тд).",Джекфрут,"<b>
Бренд</b>: Black Burn<b>
Название</b>: Tropic Jack(Спелый джекфрут)<b>
Линейка</b>: Основная<b>
Крепость</b>: Средняя<b>
Состав</b>: Джекфрут<b>
Рейтинг</b>: 3<b>
-------------
Отзыв:</b> В соло вообще не заслуживает внимания, пустой и непонятный вкус. Однако, в миксах курится интересно. Пробуйте классические тропики с ним (ананас, маракуйя, манго и тд)."
195143,Black Burn,Blackberry Lemonade,Ежевичный лимонад,Основная,78,"2,8",Средняя,https://htreviews.org/uploads/objects/1/bfdd71fcbef9a67d211c5317145367ace27d003f.webp,"Вкус видимо очень специфичный так как в соло как не крутил всеравно вкус мыла и химии (как автохимия) аналогично спектрумовским ягодам, в миксах тоже не удалось мне добиться желаемого результата","Лимон, Газировка, Ежевика","<b>
Бренд</b>: Black Burn<b>
Название</b>: Blackberry Lemonade(Ежевичный лимонад)<b>
Линейка</b>: Основная<b>
Крепость</b>: Средняя<b>
Состав</b>: Лимон, Газировка, Ежевика<b>
Рейтинг</b>: 2,8<b>
-------------
Отзыв:</b> Вкус видимо очень специфичный так как в соло как не крутил всеравно вкус мыла и химии (как автохимия) аналогично спектрумовским ягодам, в миксах тоже не удалось мне добиться желаемого результата"
197235,Black Burn,Bubblegum ,Фруктовая жвачка,Основная,79,"2,7",Средняя,https://htreviews.org/uploads/objects/4/36f1a84b286dad6bf83434c64a32e1a6.webp,"Аромат из банки = аромату при покуре, это очень плохо. Слабая жвачка с каким-то неприятным привкусом, как технологи бб могли такое выпустить.","Фрукты, Жвачка","<b>
Бренд</b>: Black Burn<b>
Название</b>: Bubblegum (Фруктовая жвачка)<b>
Линейка</b>: Основная<b>
Крепость</b>: Средняя<b>
Состав</b>: Фрукты, Жвачка<b>
Рейтинг</b>: 2,7<b>
-------------
Отзыв:</b> Аромат из банки = аромату при покуре, это очень плохо. Слабая жвачка с каким-то неприятным привкусом, как технологи бб могли такое выпустить."
195538,Black Burn,Watermelon,Сладкий арбуз,Основная,80,"2,6",Средняя,https://htreviews.org/uploads/objects/1/88639bf9e09316d23d96ed56cb43e3d7.webp,"Арбуза почти нет. Есть холодок и легкий намек на арбузный аромат. Если разжевать многолетнюю жвачку из под парты в ПТУ, вкуса и то будет больше.",Арбуз,"<b>
Бренд</b>: Black Burn<b>
Название</b>: Watermelon(Сладкий арбуз)<b>
Линейка</b>: Основная<b>
Крепость</b>: Средняя<b>
Состав</b>: Арбуз<b>
Рейтинг</b>: 2,6<b>
-------------
Отзыв:</b> Арбуза почти нет. Есть холодок и легкий намек на арбузный аромат. Если разжевать многолетнюю жвачку из под парты в ПТУ, вкуса и то будет больше."
105953,Black Burn,Something Sweet,Что-то сладкое,Основная,81,"2,6",Средне-лёгкая,https://htreviews.org/uploads/objects/1/da4fd52cafcce92694562db00718a9a01f590089.webp,"Это не прям плохо, но мне не зашло.
Конечно, у варева, куда просто закинули рандомные аромки, будет свой потребитель, и это не я.
Это просто плохо, фейхоа и корица есть, ананаса нет, и это не сладко...","Ананас, Корица, Фейхоа","<b>
Бренд</b>: Black Burn<b>
Название</b>: Something Sweet(Что-то сладкое)<b>
Линейка</b>: Основная<b>
Крепость</b>: Средне-лёгкая<b>
Состав</b>: Ананас, Корица, Фейхоа<b>
Рейтинг</b>: 2,6<b>
-------------
Отзыв:</b> Это не прям плохо, но мне не зашло.
Конечно, у варева, куда просто закинули рандомные аромки, будет свой потребитель, и это не я.
Это просто плохо, фейхоа и корица есть, ананаса нет, и это не сладко..."
99032,Black Burn,Apple Shock,Яблочный шок,Основная,82,"2,3",Средняя,https://htreviews.org/uploads/objects/0/5afac06acfbed4689ba350a36959880ca6c523cb.webp,Тухлое яблоко с ненатуральной кислостью. Очень не вкусно.,Яблоко,"<b>
Бренд</b>: Black Burn<b>
Название</b>: Apple Shock(Яблочный шок)<b>
Линейка</b>: Основная<b>
Крепость</b>: Средняя<b>
Состав</b>: Яблоко<b>
Рейтинг</b>: 2,3<b>
-------------
Отзыв:</b> Тухлое яблоко с ненатуральной кислостью. Очень не вкусно."
195385,Black Burn,Mirinda,Мандариновая газировка,Основная,83,"2,3",Средняя,https://htreviews.org/uploads/objects/1/8fac2a40defd24e0d180f986619e611318ebbb11.webp,"Настоящая Миринда с пузырьками и ярким вкусом была минут 5. Потом минут 30 выдохшийся мандариновый лимонад. У меня всё было не так плохо, как у отписавшихся ниже. Аромка не вылетела, но и насыщенности вкусу явно не хватало. В миксы сойдёт
Alpha hookah X, Fox mummy турка, калауд Tortuga нержа, разогрев на 4х25 под колпаком, курение на 3","Газировка, Мандарин","<b>
Бренд</b>: Black Burn<b>
Название</b>: Mirinda(Мандариновая газировка)<b>
Линейка</b>: Основная<b>
Крепость</b>: Средняя<b>
Состав</b>: Газировка, Мандарин<b>
Рейтинг</b>: 2,3<b>
-------------
Отзыв:</b> Настоящая Миринда с пузырьками и ярким вкусом была минут 5. Потом минут 30 выдохшийся мандариновый лимонад. У меня всё было не так плохо, как у отписавшихся ниже. Аромка не вылетела, но и насыщенности вкусу явно не хватало. В миксы сойдёт
Alpha hookah X, Fox mummy турка, калауд Tortuga нержа, разогрев на 4х25 под колпаком, курение на 3"
119800,Black Burn,Something Icy,Что-то ледяное,Основная,84,"1,9",Средне-лёгкая,https://htreviews.org/uploads/objects/1/180e796080f0d01696712b5ff799f67192145a68.webp,"Прочитала что надо дофига вкинуть чтобы что-то почувствовать. Ну так и сделала на первом прокуре… Мои мозги и мое горло отморозились напрочь! В общем-то холодок меня устраивает, единственное что какой-то специфический, не очень приятный привкус добавляет.",Холодок,"<b>
Бренд</b>: Black Burn<b>
Название</b>: Something Icy(Что-то ледяное)<b>
Линейка</b>: Основная<b>
Крепость</b>: Средне-лёгкая<b>
Состав</b>: Холодок<b>
Рейтинг</b>: 1,9<b>
-------------
Отзыв:</b> Прочитала что надо дофига вкинуть чтобы что-то почувствовать. Ну так и сделала на первом прокуре… Мои мозги и мое горло отморозились напрочь! В общем-то холодок меня устраивает, единственное что какой-то специфический, не очень приятный привкус добавляет."
197291,Element,Медовый Байцзю,Нет данных,Вода,1,5,Лёгкая,https://htreviews.org/uploads/objects/4/c63312b7af2a5d252620046c1ca38bfd.webp,"Достал пачку через знакомых которые были в JC Fest, сказали у них должна быть(осталось) пара дегустационных пакетиков, очень давно хотел её попробовать и шанс выпал😅, сам искал в инете обычно тонны сайтов где можно купить но как бы не искал не нашёл её может не там искал,незнаю почему, вкус как по мне офигенный.Довольно необычный вкус, если быть честным читал про байцзю до того как пробовал данный вкус(это было давно, когда увлекался читал про историю появления алкогольных и без алкогольных коктейлей, хотел попробовать в самом кальяне попробовать собрать данные букеты о которых я читал) 
Когда мне сказали что это медовое байцзю то я удивился так как вспомнил из глубин своей памяти что это рисовая водка только ""Made in China"" 😂 да и искал вкус риса или же оттенки риса но не нашёл их😅 это немножко грустно, но это не меняет того что этот вкус довольно необычный и интересный, мёд яркий самое то, алкогольные нотки имеються да и как будто по аромату схож с вином а не с водкой. Но буду откровенен только по запаху знаю и вино и водку не разу в жизни не пробовал алкоголь если быть честным. Но я думаю попробовав этот вкус вы об этом не пожалеете на всё 100℅!
П. С. Если кто знает откуда достать ещё дайте знать😊","Алкоголь, Мёд","<b>
Бренд</b>: Element<b>
Название</b>: Медовый Байцзю(Нет данных)<b>
Линейка</b>: Вода<b>
Крепость</b>: Лёгкая<b>
Состав</b>: Алкоголь, Мёд<b>
Рейтинг</b>: 5<b>
-------------
Отзыв:</b> Достал пачку через знакомых которые были в JC Fest, сказали у них должна быть(осталось) пара дегустационных пакетиков, очень давно хотел её попробовать и шанс выпал😅, сам искал в инете обычно тонны сайтов где можно купить но как бы не искал не нашёл её может не там искал,незнаю почему, вкус как по мне офигенный.Довольно необычный вкус, если быть честным читал про байцзю до того как пробовал данный вкус(это было давно, когда увлекался читал про историю появления алкогольных и без алкогольных коктейлей, хотел попробовать в самом кальяне попробовать собрать данные букеты о которых я читал) 
Когда мне сказали что это медовое байцзю то я удивился так как вспомнил из глубин своей памяти что это рисовая водка только ""Made in China"" 😂 да и искал вкус риса или же оттенки риса но не нашёл их😅 это немножко грустно, но это не меняет того что этот вкус довольно необычный и интересный, мёд яркий самое то, алкогольные нотки имеються да и как будто по аромату схож с вином а не с водкой. Но буду откровенен только по запаху знаю и вино и водку не разу в жизни не пробовал алкоголь если быть честным. Но я думаю попробовав этот вкус вы об этом не пожалеете на всё 100℅!
П. С. Если кто знает откуда достать ещё дайте знать😊"
197289,Element,Манговый улун,Нет данных,Вода,2,5,Лёгкая,https://htreviews.org/uploads/objects/4/837510c5d990442bf748fb2ff3ebe5bb.webp,"Как мне сказали, появится с сентябре.
Я бы на месте взял бы 200 грамм этого добра.
Манго спелый краш.
Это именно улун, в который добавили пюре манго, а не добились легкого мангового оттенка путем ферментации.","Манго, Зеленый чай","<b>
Бренд</b>: Element<b>
Название</b>: Манговый улун(Нет данных)<b>
Линейка</b>: Вода<b>
Крепость</b>: Лёгкая<b>
Состав</b>: Манго, Зеленый чай<b>
Рейтинг</b>: 5<b>
-------------
Отзыв:</b> Как мне сказали, появится с сентябре.
Я бы на месте взял бы 200 грамм этого добра.
Манго спелый краш.
Это именно улун, в который добавили пюре манго, а не добились легкого мангового оттенка путем ферментации."
197287,Element,Chinese rose,Китайская роза,Воздух,3,"4,9",Лёгкая,https://htreviews.org/uploads/objects/4/9e7ce07701608ba8370b7a79347ad535.webp,"Запах из баночки действительно похож на каркадэ. Такой цветочно-фруктовый с легкой кислинкой. А вкус больше напоминает чайную розу. Это такие нераспустившиеся бутончики роз, которые добавляют в чай. Легкий, мягкий, освежающий вкус с нотками розы и чуть уловимой терпкостью. Кислинки не было у меня почему-то. 
Турка Kolos Mita, Lotus, 3x25 прогрев, курение на 3 домиком. Забивала пушисто, с отступом и колодцем, без касания",Роза,"<b>
Бренд</b>: Element<b>
Название</b>: Chinese rose(Китайская роза)<b>
Линейка</b>: Воздух<b>
Крепость</b>: Лёгкая<b>
Состав</b>: Роза<b>
Рейтинг</b>: 4,9<b>
-------------
Отзыв:</b> Запах из баночки действительно похож на каркадэ. Такой цветочно-фруктовый с легкой кислинкой. А вкус больше напоминает чайную розу. Это такие нераспустившиеся бутончики роз, которые добавляют в чай. Легкий, мягкий, освежающий вкус с нотками розы и чуть уловимой терпкостью. Кислинки не было у меня почему-то. 
Турка Kolos Mita, Lotus, 3x25 прогрев, курение на 3 домиком. Забивала пушисто, с отступом и колодцем, без касания"
99762,Element,Moroz,Мороз,Вода,4,"4,8",Средне-лёгкая,https://htreviews.org/uploads/objects/3/225707ac9657628f35972683b6dc2912.webp,"Отличный холодок. В лаунже часто его использовали. 
Из плюсов: он ядрёный, прям очень, соответственно маленький расход, нарезка 
Из минусов: посторонний привкус (с sebero arctic не было такого нюанса), и я заметил что он бывает как-то рандомно иногда срабатывает (добавляю одинаковое кол-во табака, в одной чашке он прям заморозит, а в другой еле-еле будет пытаться холодить), так и не понял с чем  это связано.",Холодок,"<b>
Бренд</b>: Element<b>
Название</b>: Moroz(Мороз)<b>
Линейка</b>: Вода<b>
Крепость</b>: Средне-лёгкая<b>
Состав</b>: Холодок<b>
Рейтинг</b>: 4,8<b>
-------------
Отзыв:</b> Отличный холодок. В лаунже часто его использовали. 
Из плюсов: он ядрёный, прям очень, соответственно маленький расход, нарезка 
Из минусов: посторонний привкус (с sebero arctic не было такого нюанса), и я заметил что он бывает как-то рандомно иногда срабатывает (добавляю одинаковое кол-во табака, в одной чашке он прям заморозит, а в другой еле-еле будет пытаться холодить), так и не понял с чем  это связано."
196697,Element,Elemint,Мята,Земля,5,"4,8",Средняя,https://htreviews.org/uploads/objects/3/7f49dc1f9111668947f39588c100d372.webp,"Как любитель соло мяты заявляю что это хорошо! Хорошая мята, да и по доступной цене, сладость имеет, холодок в меру, при соло покуре было довольно комфотрно, единственная мята которая так комфортно курилась кроме неё была для меня от Тangiers Cane Mint. 
Думаю буду переходить на неё так как Тандж по кошельку сильно бьëт😅. Да и в миксах вкус довльно адекватно себя ведёт и не портит вам микс и не выходит на первый фон.",Мята,"<b>
Бренд</b>: Element<b>
Название</b>: Elemint(Мята)<b>
Линейка</b>: Земля<b>
Крепость</b>: Средняя<b>
Состав</b>: Мята<b>
Рейтинг</b>: 4,8<b>
-------------
Отзыв:</b> Как любитель соло мяты заявляю что это хорошо! Хорошая мята, да и по доступной цене, сладость имеет, холодок в меру, при соло покуре было довольно комфотрно, единственная мята которая так комфортно курилась кроме неё была для меня от Тangiers Cane Mint. 
Думаю буду переходить на неё так как Тандж по кошельку сильно бьëт😅. Да и в миксах вкус довльно адекватно себя ведёт и не портит вам микс и не выходит на первый фон."
189172,Element,Ginger,Имбирь,Огонь,6,"4,8",Средне-лёгкая,https://htreviews.org/uploads/objects/1/0bf5e34994d3c805450d6296530cf15c7978f912.webp,"Имбирь. Всё прям чудесно и как надо, за одним небольшим - вот чуть-чуть имбирной жгучести и было было прям зе бест, но вот прям самую малость не хватило. В соло, конечно, любителей имбиря может быть не так много, но вот в миксах это будет чудесная добавка (или основа) для всяких там чаёв, цитрусов и прочего.",Имбирь,"<b>
Бренд</b>: Element<b>
Название</b>: Ginger(Имбирь)<b>
Линейка</b>: Огонь<b>
Крепость</b>: Средне-лёгкая<b>
Состав</b>: Имбирь<b>
Рейтинг</b>: 4,8<b>
-------------
Отзыв:</b> Имбирь. Всё прям чудесно и как надо, за одним небольшим - вот чуть-чуть имбирной жгучести и было было прям зе бест, но вот прям самую малость не хватило. В соло, конечно, любителей имбиря может быть не так много, но вот в миксах это будет чудесная добавка (или основа) для всяких там чаёв, цитрусов и прочего."
87761,Element,Fir,Пихта,Земля,7,"4,7",Средняя,https://htreviews.org/uploads/objects/3/c19cb8dda9fdfca40b090ff585360b79.webp,Очень ароматная и смолистая пихта. Для любителей хвои. Как-то я не заметила и перешла на крепкий табак. Теперь эта баночка всегда есть в наличие и дополняет другие вкусы.,Хвойный,"<b>
Бренд</b>: Element<b>
Название</b>: Fir(Пихта)<b>
Линейка</b>: Земля<b>
Крепость</b>: Средняя<b>
Состав</b>: Хвойный<b>
Рейтинг</b>: 4,7<b>
-------------
Отзыв:</b> Очень ароматная и смолистая пихта. Для любителей хвои. Как-то я не заметила и перешла на крепкий табак. Теперь эта баночка всегда есть в наличие и дополняет другие вкусы."
89039,Element,Basil,Базилик,Вода,8,"4,7",Средне-лёгкая,https://htreviews.org/uploads/objects/0/db18988720aa2bec4ecc6499e32c092b2d7312b0.webp,"Всегда любил травянистые истории. Мне зашло, соло конечно не пробовал никогда сам базилик ,всегда в миксах пробую, но обожаю её. А у элемента получился очень ороший базилик, я бы сказал единственный базилик который лучше этого от Сатира Изабель, которого я разочек пробовал. Больше к сожалению не доводилось пока что.",Базилик,"<b>
Бренд</b>: Element<b>
Название</b>: Basil(Базилик)<b>
Линейка</b>: Вода<b>
Крепость</b>: Средне-лёгкая<b>
Состав</b>: Базилик<b>
Рейтинг</b>: 4,7<b>
-------------
Отзыв:</b> Всегда любил травянистые истории. Мне зашло, соло конечно не пробовал никогда сам базилик ,всегда в миксах пробую, но обожаю её. А у элемента получился очень ороший базилик, я бы сказал единственный базилик который лучше этого от Сатира Изабель, которого я разочек пробовал. Больше к сожалению не доводилось пока что."
196869,Element,Фруктовое пюре ,Fruit Pulp,Вода,9,"4,7",Средняя,https://htreviews.org/uploads/objects/4/353c337b0e1cafc4884c05227e5ad47c.webp,На вкус как фруктовая жвачка,"Ананас, Яблоко, Банан","<b>
Бренд</b>: Element<b>
Название</b>: Фруктовое пюре (Fruit Pulp)<b>
Линейка</b>: Вода<b>
Крепость</b>: Средняя<b>
Состав</b>: Ананас, Яблоко, Банан<b>
Рейтинг</b>: 4,7<b>
-------------
Отзыв:</b> На вкус как фруктовая жвачка"
99794,Element,Peach,Персик,Земля,10,"4,7",Средне-крепкая,https://htreviews.org/uploads/objects/0/28a7838540aaf52cea19c4a0c652f4fcdb2e818e.webp,"Первое знакомство с продукцией Элемента и скажу вполне удачное, хороший, достаточно яркий персик, не химозный, пробовал не так много персиков, но что-то подсказывает , что этот один из лучших",Персик,"<b>
Бренд</b>: Element<b>
Название</b>: Peach(Персик)<b>
Линейка</b>: Земля<b>
Крепость</b>: Средне-крепкая<b>
Состав</b>: Персик<b>
Рейтинг</b>: 4,7<b>
-------------
Отзыв:</b> Первое знакомство с продукцией Элемента и скажу вполне удачное, хороший, достаточно яркий персик, не химозный, пробовал не так много персиков, но что-то подсказывает , что этот один из лучших"
87757,Element,Grapefruit & Pomelo,Помело и грейпфрут,Земля,11,"4,6",Средняя,https://htreviews.org/uploads/objects/3/d2bc88fdb6abfde00e8e79a661909bba.webp,"Неплохой грейпфрут, помело не распознал в аромке. Вкус достаточно интенсивный. Но для меня не эталонный грейпфрут, от Трофимова понравился больше","Грейпфрут, Помело","<b>
Бренд</b>: Element<b>
Название</b>: Grapefruit & Pomelo(Помело и грейпфрут)<b>
Линейка</b>: Земля<b>
Крепость</b>: Средняя<b>
Состав</b>: Грейпфрут, Помело<b>
Рейтинг</b>: 4,6<b>
-------------
Отзыв:</b> Неплохой грейпфрут, помело не распознал в аромке. Вкус достаточно интенсивный. Но для меня не эталонный грейпфрут, от Трофимова понравился больше"
118352,Element,Raspberry,Малина,Земля,12,"4,6",Средняя,https://htreviews.org/uploads/objects/3/9a5bcf6c93f205504956bfafa3edc225.webp,"Напоминает домашнее варенье из малины, но с кислинкой. Не могу сказать что это похоже на эту ягоду других производителей, здесь есть оригинальность. Очень достойная вариация малины, аромка держится стабильно и долго.",Малина,"<b>
Бренд</b>: Element<b>
Название</b>: Raspberry(Малина)<b>
Линейка</b>: Земля<b>
Крепость</b>: Средняя<b>
Состав</b>: Малина<b>
Рейтинг</b>: 4,6<b>
-------------
Отзыв:</b> Напоминает домашнее варенье из малины, но с кислинкой. Не могу сказать что это похоже на эту ягоду других производителей, здесь есть оригинальность. Очень достойная вариация малины, аромка держится стабильно и долго."
197293,Element,Сырный чай,Нет данных,Воздух,13,"4,6",Лёгкая,https://htreviews.org/uploads/objects/4/7f997b782452d2c7ee6649adb473fb97.webp,"Ну это просто вкусно. И необычно. Очень нежный обволакивающий вкус. Сладковатая сливочность сыра подобна чизкейку. Ее больше, чем чайной горчинки. Такой вроде и напиточный аромат получился, но и как-будто десертный) Лайк.","Сыр, Зеленый чай","<b>
Бренд</b>: Element<b>
Название</b>: Сырный чай(Нет данных)<b>
Линейка</b>: Воздух<b>
Крепость</b>: Лёгкая<b>
Состав</b>: Сыр, Зеленый чай<b>
Рейтинг</b>: 4,6<b>
-------------
Отзыв:</b> Ну это просто вкусно. И необычно. Очень нежный обволакивающий вкус. Сладковатая сливочность сыра подобна чизкейку. Ее больше, чем чайной горчинки. Такой вроде и напиточный аромат получился, но и как-будто десертный) Лайк."
84167,Element,Fir,Пихта,Вода,14,"4,5",Средняя,https://htreviews.org/uploads/objects/3/d88bb9961bab30e28286d7a39a5de76d.webp,"Супер отличный хвойный вкус, шикарно подходит для миксов, расход небольшой, более 20% класть не рекомендую, может перебить остальные вкусы. Приятный чистый вкус хвои, без смолы. Аромка держится очень долго в отличие, например, от елки от бб",Хвойный,"<b>
Бренд</b>: Element<b>
Название</b>: Fir(Пихта)<b>
Линейка</b>: Вода<b>
Крепость</b>: Средняя<b>
Состав</b>: Хвойный<b>
Рейтинг</b>: 4,5<b>
-------------
Отзыв:</b> Супер отличный хвойный вкус, шикарно подходит для миксов, расход небольшой, более 20% класть не рекомендую, может перебить остальные вкусы. Приятный чистый вкус хвои, без смолы. Аромка держится очень долго в отличие, например, от елки от бб"
197208,Element,Green Skittlez,Зеленый скиттлз,Вода,15,"4,5",Средне-лёгкая,https://htreviews.org/uploads/objects/4/726f427e2029e5d0300728da52802543.webp,"Ожидала скитлз вырви глаз как из детства, но вообще не почувствовала даже обычного. Аромка легкая и отдаленная. Через 7 минут покура как будто вкус исчез.","Фрукты, Цитрус","<b>
Бренд</b>: Element<b>
Название</b>: Green Skittlez(Зеленый скиттлз)<b>
Линейка</b>: Вода<b>
Крепость</b>: Средне-лёгкая<b>
Состав</b>: Фрукты, Цитрус<b>
Рейтинг</b>: 4,5<b>
-------------
Отзыв:</b> Ожидала скитлз вырви глаз как из детства, но вообще не почувствовала даже обычного. Аромка легкая и отдаленная. Через 7 минут покура как будто вкус исчез."
197215,Element,Green Skittlez,Зеленый Скитлз,Земля,16,"4,5",Средняя,https://htreviews.org/uploads/objects/4/0873eaba77a7acfec3901b490e0eb60b.webp,"Кисленький цитрус с лёгкой конфеткой сладостью, вполне ).","Фрукты, Конфетный","<b>
Бренд</b>: Element<b>
Название</b>: Green Skittlez(Зеленый Скитлз)<b>
Линейка</b>: Земля<b>
Крепость</b>: Средняя<b>
Состав</b>: Фрукты, Конфетный<b>
Рейтинг</b>: 4,5<b>
-------------
Отзыв:</b> Кисленький цитрус с лёгкой конфеткой сладостью, вполне )."
87766,Element,Currant,Смородина,Земля,17,"4,5",Средняя,https://htreviews.org/uploads/objects/0/a8a2a7d71b7422ce2085046f6f40ac299b3486af.webp,"Хорошая дефолтная чёрная смородина. Чуть сладкая, чуть кислая, чуть листа. В соло приятная. Химозности и привкуса сырья нет. Яркость и насыщенность умеренные. В миксы залетает не хуже других.

П.С. Картонные пачки 21г. ещё в 40гр. Если не испортили, то это годно.","Черная смородина, Красная смородина","<b>
Бренд</b>: Element<b>
Название</b>: Currant(Смородина)<b>
Линейка</b>: Земля<b>
Крепость</b>: Средняя<b>
Состав</b>: Черная смородина, Красная смородина<b>
Рейтинг</b>: 4,5<b>
-------------
Отзыв:</b> Хорошая дефолтная чёрная смородина. Чуть сладкая, чуть кислая, чуть листа. В соло приятная. Химозности и привкуса сырья нет. Яркость и насыщенность умеренные. В миксы залетает не хуже других.

П.С. Картонные пачки 21г. ещё в 40гр. Если не испортили, то это годно."
87771,Element,Cactus Fig,Кактусовый финик,Земля,18,"4,5",Средняя,https://htreviews.org/uploads/objects/0/e0b8afb931753f38ffa50b6f141cbb9790e8f275.webp,"Очень вкусный, насыщенный, сладкий вкус, прекрасно заходит в миксы для сладости и тряпичности, но при этом очень интересно курится в соло.",Кактус,"<b>
Бренд</b>: Element<b>
Название</b>: Cactus Fig(Кактусовый финик)<b>
Линейка</b>: Земля<b>
Крепость</b>: Средняя<b>
Состав</b>: Кактус<b>
Рейтинг</b>: 4,5<b>
-------------
Отзыв:</b> Очень вкусный, насыщенный, сладкий вкус, прекрасно заходит в миксы для сладости и тряпичности, но при этом очень интересно курится в соло."
99791,Element,Lemongrass,Лемонграсс,Земля,19,"4,5",Средняя,https://htreviews.org/uploads/objects/0/872bc8061f018d0d1be19f5d4bd3b916f7c2eb32.webp,Хорошо,Лемонграсс,"<b>
Бренд</b>: Element<b>
Название</b>: Lemongrass(Лемонграсс)<b>
Линейка</b>: Земля<b>
Крепость</b>: Средняя<b>
Состав</b>: Лемонграсс<b>
Рейтинг</b>: 4,5<b>
-------------
Отзыв:</b> Хорошо"
196868,Element,Fruit Pulp,Фруктовое пюре,Земля,20,"4,5",Средняя,https://htreviews.org/uploads/objects/4/b36e3b33ebd6acbb03d690f0d8cd10b2.webp,"Просто отлично.
По описанию, вкус раскладывается. 
Банан есть, яблоко ощутимо, ананас имеется. 
Единственный момент, что ананас не самый крутой для такого вкуса, но как готовое сочетание, явно удачное.","Ананас, Яблоко, Банан","<b>
Бренд</b>: Element<b>
Название</b>: Fruit Pulp(Фруктовое пюре)<b>
Линейка</b>: Земля<b>
Крепость</b>: Средняя<b>
Состав</b>: Ананас, Яблоко, Банан<b>
Рейтинг</b>: 4,5<b>
-------------
Отзыв:</b> Просто отлично.
По описанию, вкус раскладывается. 
Банан есть, яблоко ощутимо, ананас имеется. 
Единственный момент, что ананас не самый крутой для такого вкуса, но как готовое сочетание, явно удачное."
189182,Element,Margarita,Маргарита,Огонь,21,"4,5",Средне-крепкая,https://htreviews.org/uploads/objects/1/ea411bed2dcbc58e9a5351c52b4cb95dbe5570f8.webp,"Годно, раскритикованного огненного сырья не почувствовал. Достаточно крепко (или я давно крепкого ничего не раскуривал), но курится легко. Алкогольные нотки если и есть, то совсем фоновые. Присутствует лайм с кислотой сока и приятной горечью цедры, лёгкая сладость. Выкурил в соло всю пачку за один присест, мне понравилось.",Маргарита,"<b>
Бренд</b>: Element<b>
Название</b>: Margarita(Маргарита)<b>
Линейка</b>: Огонь<b>
Крепость</b>: Средне-крепкая<b>
Состав</b>: Маргарита<b>
Рейтинг</b>: 4,5<b>
-------------
Отзыв:</b> Годно, раскритикованного огненного сырья не почувствовал. Достаточно крепко (или я давно крепкого ничего не раскуривал), но курится легко. Алкогольные нотки если и есть, то совсем фоновые. Присутствует лайм с кислотой сока и приятной горечью цедры, лёгкая сладость. Выкурил в соло всю пачку за один присест, мне понравилось."
142663,Element,Vanilla Sky,Грейпфрут-ваниль,Воздух,22,"4,4",Лёгкая,https://htreviews.org/uploads/objects/1/e9536e3210ef30db27259f3b3f4574e844e71e57.webp,"Столько несложное сочетание из грейпфрута и ванили, но зато, сколько эмоций оно может вызвать.
Такой не самый естественный вкус, но этим и притягивающий.
Ваниль сглаживает горечь от грейпфрута.
Хорошо, нестандартно и среди Воздуха, обязательно к пробе.","Ваниль, Грейпфрут","<b>
Бренд</b>: Element<b>
Название</b>: Vanilla Sky(Грейпфрут-ваниль)<b>
Линейка</b>: Воздух<b>
Крепость</b>: Лёгкая<b>
Состав</b>: Ваниль, Грейпфрут<b>
Рейтинг</b>: 4,4<b>
-------------
Отзыв:</b> Столько несложное сочетание из грейпфрута и ванили, но зато, сколько эмоций оно может вызвать.
Такой не самый естественный вкус, но этим и притягивающий.
Ваниль сглаживает горечь от грейпфрута.
Хорошо, нестандартно и среди Воздуха, обязательно к пробе."
120888,Element,Marula,Марула,Воздух,23,"4,4",Лёгкая,https://htreviews.org/uploads/objects/3/0a5f3b9790376e8c8b83a472ac6c4ed5.webp,"Неплохой вкус, необычный аромат. Хотя из банки пахнет чем то невнятным. Кислинка чувствуется. В слепом покуре определили ближе к персик/гуава,  абрикос. Попробовать однозначно стоит",Марула,"<b>
Бренд</b>: Element<b>
Название</b>: Marula(Марула)<b>
Линейка</b>: Воздух<b>
Крепость</b>: Лёгкая<b>
Состав</b>: Марула<b>
Рейтинг</b>: 4,4<b>
-------------
Отзыв:</b> Неплохой вкус, необычный аромат. Хотя из банки пахнет чем то невнятным. Кислинка чувствуется. В слепом покуре определили ближе к персик/гуава,  абрикос. Попробовать однозначно стоит"
85303,Element,Thyme & Bergamot,Чабрец и бергамот,Вода,24,"4,4",Средняя,https://htreviews.org/uploads/objects/0/01d188253620136bc78316939aec01a178568fb2.webp,"Чайная классика с яркими аромками, но в соло курить не надо сушит горло и слишком терпкий. Для меня идеально мешать с кислыми ягодами по типу облепихи или клюквы, использую как вторую базу не более 30% за первую ягоды и немного холодка","Бергамот, Чабрец","<b>
Бренд</b>: Element<b>
Название</b>: Thyme & Bergamot(Чабрец и бергамот)<b>
Линейка</b>: Вода<b>
Крепость</b>: Средняя<b>
Состав</b>: Бергамот, Чабрец<b>
Рейтинг</b>: 4,4<b>
-------------
Отзыв:</b> Чайная классика с яркими аромками, но в соло курить не надо сушит горло и слишком терпкий. Для меня идеально мешать с кислыми ягодами по типу облепихи или клюквы, использую как вторую базу не более 30% за первую ягоды и немного холодка"
196711,Element,Feijoa Lemonade,Лимонад из фейхоа,Вода,25,"4,4",Средне-лёгкая,https://htreviews.org/uploads/objects/3/c66034f730111a4bd18b3784bab7a14c.webp,"В меру сладкий, свеженький аромат,  не скажу, что прям отчетливо понимаю тут фейхоа, но я его и не ел, так что могу сравнить лишь с другими кальянными вариантами, где оно прочвляет себя по всякому. Приятно, ненапряжно, с легкой ноткой то ли травянистости, то ли почему - то хочется назвать это пряностью, хз. В общем вкусно ). И в соло вполне себе, и наверняка как миксовая база более чем неплохо себя проявит","Газировка, Фейхоа","<b>
Бренд</b>: Element<b>
Название</b>: Feijoa Lemonade(Лимонад из фейхоа)<b>
Линейка</b>: Вода<b>
Крепость</b>: Средне-лёгкая<b>
Состав</b>: Газировка, Фейхоа<b>
Рейтинг</b>: 4,4<b>
-------------
Отзыв:</b> В меру сладкий, свеженький аромат,  не скажу, что прям отчетливо понимаю тут фейхоа, но я его и не ел, так что могу сравнить лишь с другими кальянными вариантами, где оно прочвляет себя по всякому. Приятно, ненапряжно, с легкой ноткой то ли травянистости, то ли почему - то хочется назвать это пряностью, хз. В общем вкусно ). И в соло вполне себе, и наверняка как миксовая база более чем неплохо себя проявит"
185132,Element,Maraquya,Маракуйя,Вода,26,"4,4",Средняя,https://htreviews.org/uploads/objects/1/b15c1c4e755308eb3a455ca1cf22dfad5c12db68.webp,"Базовая маракуйя. Ничего особенного или плохого из того, что я помню о вкусе. И в миксы сгодится, и в соло.",Маракуйя,"<b>
Бренд</b>: Element<b>
Название</b>: Maraquya(Маракуйя)<b>
Линейка</b>: Вода<b>
Крепость</b>: Средняя<b>
Состав</b>: Маракуйя<b>
Рейтинг</b>: 4,4<b>
-------------
Отзыв:</b> Базовая маракуйя. Ничего особенного или плохого из того, что я помню о вкусе. И в миксы сгодится, и в соло."
195325,Element,Choco-orange,Шоко-апельсин,Вода,27,"4,4",Средняя,https://htreviews.org/uploads/objects/1/16b7157d25ed17d5229240350e4fb51ed1e9b538.webp,"Не плохой десертный вкус, отчетливо чувствуется имеyно шоколад,апельсин на втором месте, без холодка был бы лучше","Шоколад, Апельсин","<b>
Бренд</b>: Element<b>
Название</b>: Choco-orange(Шоко-апельсин)<b>
Линейка</b>: Вода<b>
Крепость</b>: Средняя<b>
Состав</b>: Шоколад, Апельсин<b>
Рейтинг</b>: 4,4<b>
-------------
Отзыв:</b> Не плохой десертный вкус, отчетливо чувствуется имеyно шоколад,апельсин на втором месте, без холодка был бы лучше"
196716,Element,Fruit Ice,Фруктовый лёд,Воздух,28,"4,4",Средне-лёгкая,https://htreviews.org/uploads/objects/3/5fa732b2f5630dd15911cf66def1aeca.webp,дыня с холодом и немного ягод . курибельно. не хватает холодка и ясности вкуса,"Фрукты, Ягоды, Мороженое","<b>
Бренд</b>: Element<b>
Название</b>: Fruit Ice(Фруктовый лёд)<b>
Линейка</b>: Воздух<b>
Крепость</b>: Средне-лёгкая<b>
Состав</b>: Фрукты, Ягоды, Мороженое<b>
Рейтинг</b>: 4,4<b>
-------------
Отзыв:</b> дыня с холодом и немного ягод . курибельно. не хватает холодка и ясности вкуса"
84181,Element,Grapefruit & Pomelo,Помело и грейпфрут,Вода,29,"4,3",Средняя,https://htreviews.org/uploads/objects/3/ef9dcc8d246e7e40d6b460a7dfb2c82c.webp,"Космо-турка, пушисто, легкое касание, прогрев на четырех 25-х 7 минут, покур на трех, колодка «На грани» 2. 

Консистенция: мелко, меласы средне. В прямоточной чаше прям много улетает вниз. Ну ладно, забить труда не составит.

Из упаковки: грейпфрут, грейпфрут и еще раз он, такой свежий и яркий. Где помело? Где-то потерялась. 

Покур: мягко, грейпфрут отчетливый, помелка дает лишь легкую сладость. Прикольно, для миксов самое то. В соло - только если вы большой почитатель грейпфрута.  

С мятой/ментолом будет кайф.","Грейпфрут, Помело","<b>
Бренд</b>: Element<b>
Название</b>: Grapefruit & Pomelo(Помело и грейпфрут)<b>
Линейка</b>: Вода<b>
Крепость</b>: Средняя<b>
Состав</b>: Грейпфрут, Помело<b>
Рейтинг</b>: 4,3<b>
-------------
Отзыв:</b> Космо-турка, пушисто, легкое касание, прогрев на четырех 25-х 7 минут, покур на трех, колодка «На грани» 2. 

Консистенция: мелко, меласы средне. В прямоточной чаше прям много улетает вниз. Ну ладно, забить труда не составит.

Из упаковки: грейпфрут, грейпфрут и еще раз он, такой свежий и яркий. Где помело? Где-то потерялась. 

Покур: мягко, грейпфрут отчетливый, помелка дает лишь легкую сладость. Прикольно, для миксов самое то. В соло - только если вы большой почитатель грейпфрута.  

С мятой/ментолом будет кайф."
135011,Element,Milky Mouse,Сгущеное молоко,Воздух,30,"4,3",Лёгкая,https://htreviews.org/uploads/objects/3/0d4f5eabc010f86cb81874cc8b96a757.webp,"Сливочно - карамельный вкус очень похож на вареную сгущенку. Топчик ребят, пробуйте, никого не оставит равнодушным. Просто пробуйте.","Карамель, Молоко","<b>
Бренд</b>: Element<b>
Название</b>: Milky Mouse(Сгущеное молоко)<b>
Линейка</b>: Воздух<b>
Крепость</b>: Лёгкая<b>
Состав</b>: Карамель, Молоко<b>
Рейтинг</b>: 4,3<b>
-------------
Отзыв:</b> Сливочно - карамельный вкус очень похож на вареную сгущенку. Топчик ребят, пробуйте, никого не оставит равнодушным. Просто пробуйте."
197516,Element,Chak-chak,Чак-чак,Земля,31,"4,3",Средняя,https://htreviews.org/uploads/objects/5/6f487b0f08ff5d60ca4e5be02396e136.webp,"Аромат: бомбезный аромат. Сладкий, приятный, медовый. 

Вкус: прям Чак Чаком не назвать, но похоже на медовое печенье с маслом))
Сладенько, вкусненько. Но не постоянке курить. Чисто так иногда. В соло не стоит, лучше с чем-то)","Десерт, Мёд","<b>
Бренд</b>: Element<b>
Название</b>: Chak-chak(Чак-чак)<b>
Линейка</b>: Земля<b>
Крепость</b>: Средняя<b>
Состав</b>: Десерт, Мёд<b>
Рейтинг</b>: 4,3<b>
-------------
Отзыв:</b> Аромат: бомбезный аромат. Сладкий, приятный, медовый. 

Вкус: прям Чак Чаком не назвать, но похоже на медовое печенье с маслом))
Сладенько, вкусненько. Но не постоянке курить. Чисто так иногда. В соло не стоит, лучше с чем-то)"
99756,Element,Cookie Monster,Земляничное печенье,Земля,32,"4,3",Средняя,https://htreviews.org/uploads/objects/0/6ebe0d2de13154f4a45fa0f440b2256454d798a3.webp,"Невероятно интересный вкус, идет как прекрасная основа для любой сладкой выпечки, и как великолепная основа для сладких фастфуд пирожков, в соло также не отстает и курится превосходно.","Земляника, Печенье","<b>
Бренд</b>: Element<b>
Название</b>: Cookie Monster(Земляничное печенье)<b>
Линейка</b>: Земля<b>
Крепость</b>: Средняя<b>
Состав</b>: Земляника, Печенье<b>
Рейтинг</b>: 4,3<b>
-------------
Отзыв:</b> Невероятно интересный вкус, идет как прекрасная основа для любой сладкой выпечки, и как великолепная основа для сладких фастфуд пирожков, в соло также не отстает и курится превосходно."
134747,Element,Orbital,Орбит,Вода,33,"4,3",Средняя,https://htreviews.org/uploads/objects/1/f041605e692c3fea0bc8f4046e4da4c459152e79.webp,"Интересный аромат, скорее просто мяты (смеси перечной и сладкой), жвачка чувствуется на 10-20%
Экспериментировать в миксах можно: например использовать как Halls, к любому винограду, смородине, чернике и кислым вкусам 
Обратите внимание! Не использовать в сладкие миксы (с фруктами), т.к при определенном прогреве (перегреве) начинает кислить!
Может служить как холодок мята (наверное в крайнем случае)
Можно забивать до 50% в чашу, можно курить в соло (для любителей)
На Cane mint, Frosty, Pepper mint (Sarkozy) не похожа (изюминка?)
P.s на любителя, не взял бы еще раз, какая то из мят с легкой горчинкой","Мята, Жвачка","<b>
Бренд</b>: Element<b>
Название</b>: Orbital(Орбит)<b>
Линейка</b>: Вода<b>
Крепость</b>: Средняя<b>
Состав</b>: Мята, Жвачка<b>
Рейтинг</b>: 4,3<b>
-------------
Отзыв:</b> Интересный аромат, скорее просто мяты (смеси перечной и сладкой), жвачка чувствуется на 10-20%
Экспериментировать в миксах можно: например использовать как Halls, к любому винограду, смородине, чернике и кислым вкусам 
Обратите внимание! Не использовать в сладкие миксы (с фруктами), т.к при определенном прогреве (перегреве) начинает кислить!
Может служить как холодок мята (наверное в крайнем случае)
Можно забивать до 50% в чашу, можно курить в соло (для любителей)
На Cane mint, Frosty, Pepper mint (Sarkozy) не похожа (изюминка?)
P.s на любителя, не взял бы еще раз, какая то из мят с легкой горчинкой"
99452,Element,Irish cream,Айриш крим,Земля,34,"4,3",Средне-крепкая,https://htreviews.org/uploads/objects/3/344149a0bfbcf1149f4ffb2c5cb1fe6c.webp,"Это кофе более похоже на моккачино с легким фоновым вкусом алкоголя прям очень слабым 
Упаковка коробка, до ребрендинг 
Будте готовы к 3 кальянам после с привкусом шоколадного кофе)",Бейлис,"<b>
Бренд</b>: Element<b>
Название</b>: Irish cream(Айриш крим)<b>
Линейка</b>: Земля<b>
Крепость</b>: Средне-крепкая<b>
Состав</b>: Бейлис<b>
Рейтинг</b>: 4,3<b>
-------------
Отзыв:</b> Это кофе более похоже на моккачино с легким фоновым вкусом алкоголя прям очень слабым 
Упаковка коробка, до ребрендинг 
Будте готовы к 3 кальянам после с привкусом шоколадного кофе)"
99777,Element,Kashmir-Feijoa,Кашмир-фейхоа,Вода,35,"4,3",Средне-лёгкая,https://htreviews.org/uploads/objects/0/2a4f8e26a7f00244865944153f4afe931ed0308c.webp,"интересный микс со специями и фейхоа, для интересный сочетаний, мне кажется, очень подойдет","Фейхоа, Кашмир","<b>
Бренд</b>: Element<b>
Название</b>: Kashmir-Feijoa(Кашмир-фейхоа)<b>
Линейка</b>: Вода<b>
Крепость</b>: Средне-лёгкая<b>
Состав</b>: Фейхоа, Кашмир<b>
Рейтинг</b>: 4,3<b>
-------------
Отзыв:</b> интересный микс со специями и фейхоа, для интересный сочетаний, мне кажется, очень подойдет"
84179,Element,Watermelon Holls,Арбузный Холс,Вода,36,"4,2",Средне-лёгкая,https://htreviews.org/uploads/objects/3/562550959f9c525840232bcb980d35fc.webp,"Сладко, очень свежо. Похоже на арбузное мороженное, раньше продавалось в ларьках. В соло круто, в миксах очень хорошо. Берите именно в линейке «вода», аромат более насыщенный.","Холодок, Арбуз","<b>
Бренд</b>: Element<b>
Название</b>: Watermelon Holls(Арбузный Холс)<b>
Линейка</b>: Вода<b>
Крепость</b>: Средне-лёгкая<b>
Состав</b>: Холодок, Арбуз<b>
Рейтинг</b>: 4,2<b>
-------------
Отзыв:</b> Сладко, очень свежо. Похоже на арбузное мороженное, раньше продавалось в ларьках. В соло круто, в миксах очень хорошо. Берите именно в линейке «вода», аромат более насыщенный."
99753,Element,Cookie Monster,Земляничное печенье,Вода,37,"4,2",Средняя,https://htreviews.org/uploads/objects/0/465df8d1efcfb4a0afbe34f27e88c0a3a4230bdb.webp,"Всё расписал по этому вкусу в линейке земля. Тут более приятная крепкость и всё такое же приятное, сладкое печенье с ягодно-земляничным послевкусием.","Земляника, Печенье","<b>
Бренд</b>: Element<b>
Название</b>: Cookie Monster(Земляничное печенье)<b>
Линейка</b>: Вода<b>
Крепость</b>: Средняя<b>
Состав</b>: Земляника, Печенье<b>
Рейтинг</b>: 4,2<b>
-------------
Отзыв:</b> Всё расписал по этому вкусу в линейке земля. Тут более приятная крепкость и всё такое же приятное, сладкое печенье с ягодно-земляничным послевкусием."
98797,Element,Raspberry,Малина,Вода,38,"4,2",Средняя,https://htreviews.org/uploads/objects/3/2c17f6513744263dc2b0746fbe4cfea2.webp,"Ожидал более насыщенного вкуса
По факту обычная и чуть химозная малина с легкой кислинкой на фоне, которую, все же, стоит с чем то миксовать, нежели курить в соло. 
У меня где-то через 15-20 минут покура аромка исчезла, а все то время, что вкус был, он оставался не сильно насыщенным, что от элемента я вообще никак не ожидал, ведь при покуре ""помело-грейпфрут"" от того же элемента вкуса было предостаточно.
Возможно попалась такая партия, а возможно я сделал что то не так, поскольку если судить предыдущие отзывы и фидбэк покупателей, то создается ощущение, что мне просто не повезло))",Малина,"<b>
Бренд</b>: Element<b>
Название</b>: Raspberry(Малина)<b>
Линейка</b>: Вода<b>
Крепость</b>: Средняя<b>
Состав</b>: Малина<b>
Рейтинг</b>: 4,2<b>
-------------
Отзыв:</b> Ожидал более насыщенного вкуса
По факту обычная и чуть химозная малина с легкой кислинкой на фоне, которую, все же, стоит с чем то миксовать, нежели курить в соло. 
У меня где-то через 15-20 минут покура аромка исчезла, а все то время, что вкус был, он оставался не сильно насыщенным, что от элемента я вообще никак не ожидал, ведь при покуре ""помело-грейпфрут"" от того же элемента вкуса было предостаточно.
Возможно попалась такая партия, а возможно я сделал что то не так, поскольку если судить предыдущие отзывы и фидбэк покупателей, то создается ощущение, что мне просто не повезло))"
95560,Element,Margarita,Маргарита,Вода,39,"4,2",Средне-лёгкая,https://htreviews.org/uploads/objects/0/68727fe835cd48e6907e06596c6ffb86efee5f2c.webp,"На днях наткнулся на останки более развитой цивилизации. Как же гармонично собран вкус, кислинка прям на тоненького.",Маргарита,"<b>
Бренд</b>: Element<b>
Название</b>: Margarita(Маргарита)<b>
Линейка</b>: Вода<b>
Крепость</b>: Средне-лёгкая<b>
Состав</b>: Маргарита<b>
Рейтинг</b>: 4,2<b>
-------------
Отзыв:</b> На днях наткнулся на останки более развитой цивилизации. Как же гармонично собран вкус, кислинка прям на тоненького."
87778,Element,Watermelon Holls,Арбузный холс,Земля,40,"4,2",Средняя,https://htreviews.org/uploads/objects/3/aa4ed0a896c35ded75fda5aaef48bd20.webp,"Просто не плохой, прохладный арбуз. Курить такое моно не интересно, сразу сделал микс, в миксе он прям хорошо смотрится","Мята, Арбуз","<b>
Бренд</b>: Element<b>
Название</b>: Watermelon Holls(Арбузный холс)<b>
Линейка</b>: Земля<b>
Крепость</b>: Средняя<b>
Состав</b>: Мята, Арбуз<b>
Рейтинг</b>: 4,2<b>
-------------
Отзыв:</b> Просто не плохой, прохладный арбуз. Курить такое моно не интересно, сразу сделал микс, в миксе он прям хорошо смотрится"
102601,Element,Grape & Mint,Мятный виноград,Земля,41,"4,2",Средняя,https://htreviews.org/uploads/objects/3/622ee98ca5e7f04e1cbff0875be50290.webp,"Свежий вкус зелёного (и возможно немного красного) винограда с мятой. Это конечно летний вкус, но его достоинств данный факт не умиляет. Ароматизатор насыщенный и долгоиграющий. Мята яркая, но баланс сладости, кислинки и свежести соблюдëн.","Виноград, Мята","<b>
Бренд</b>: Element<b>
Название</b>: Grape & Mint(Мятный виноград)<b>
Линейка</b>: Земля<b>
Крепость</b>: Средняя<b>
Состав</b>: Виноград, Мята<b>
Рейтинг</b>: 4,2<b>
-------------
Отзыв:</b> Свежий вкус зелёного (и возможно немного красного) винограда с мятой. Это конечно летний вкус, но его достоинств данный факт не умиляет. Ароматизатор насыщенный и долгоиграющий. Мята яркая, но баланс сладости, кислинки и свежести соблюдëн."
197515,Element,Chak-chak,Чак-чак,Вода,42,"4,2",Средне-лёгкая,https://htreviews.org/uploads/objects/5/2493913ab86fa02aafa8789fc6b0e176.webp,"Ранее пробовал в земле, в воде такой же отличный. Но небольшие отличия нашел. По ощущениям он менее сладкий в воде. Как будто больше чистый мед, менее «чак-чак» или выпечка, в отличие от земли. Вкусно! Но в земле как будто мне попадание лучше показалось.","Десерт, Мёд","<b>
Бренд</b>: Element<b>
Название</b>: Chak-chak(Чак-чак)<b>
Линейка</b>: Вода<b>
Крепость</b>: Средне-лёгкая<b>
Состав</b>: Десерт, Мёд<b>
Рейтинг</b>: 4,2<b>
-------------
Отзыв:</b> Ранее пробовал в земле, в воде такой же отличный. Но небольшие отличия нашел. По ощущениям он менее сладкий в воде. Как будто больше чистый мед, менее «чак-чак» или выпечка, в отличие от земли. Вкусно! Но в земле как будто мне попадание лучше показалось."
87769,Element,Feijoa,Фейхоа,Земля,43,"4,2",Средне-крепкая,https://htreviews.org/uploads/objects/0/e70167cd696f2d671a19759bef59908c8a4d0239.webp,"Ну не тот фейхоа который я хочу видеть в кальяне. В основном терпкость преобладает, на послевкусии сладость.",Фейхоа,"<b>
Бренд</b>: Element<b>
Название</b>: Feijoa(Фейхоа)<b>
Линейка</b>: Земля<b>
Крепость</b>: Средне-крепкая<b>
Состав</b>: Фейхоа<b>
Рейтинг</b>: 4,2<b>
-------------
Отзыв:</b> Ну не тот фейхоа который я хочу видеть в кальяне. В основном терпкость преобладает, на послевкусии сладость."
108849,Element,Berrytale,Лесные ягоды,Воздух,44,"4,2",Лёгкая,https://htreviews.org/uploads/objects/3/4fd9f827cfb5eeb6842f1b12e0b2062a.webp,"Ничего особенного, обычные ягоды, чутка химозят, но это элемент, и тут история всегда одинаковая с химозой
Есть намного интересней ягоды в легкой линейки !",Ягоды,"<b>
Бренд</b>: Element<b>
Название</b>: Berrytale(Лесные ягоды)<b>
Линейка</b>: Воздух<b>
Крепость</b>: Лёгкая<b>
Состав</b>: Ягоды<b>
Рейтинг</b>: 4,2<b>
-------------
Отзыв:</b> Ничего особенного, обычные ягоды, чутка химозят, но это элемент, и тут история всегда одинаковая с химозой
Есть намного интересней ягоды в легкой линейки !"
196097,Element,Double Apple,Двойное яблоко,Воздух,45,"4,2",Средне-лёгкая,https://htreviews.org/uploads/objects/2/8ce1c198859627576aac0ac1b0c2ae15.webp,"В начале года подарили пачку Нахлы безакцизной из самого Нахлаленда. Забил я себе чашечку, прогрел, начал курить и вспомнил... боль и страдание. И тут от елемента двойнуха. Ну, думаю я, это будет аутентично, нужно попробовать, могу себе позволить. Открываю и ""вротмненоги"" это пахнет отлично. Это ТА двойнуха только слаще, кислее и сочнее. Забиваю себе чашку от Космо, грею на элитной колодке за 300 рублей на 4-тырёх углях 5-ть минут. Начинаю курить и.... как и запах. Это ТА двойнуха, только ""осовремененная"" и в более массовый сегмент. Знаете как.... как игры на денди из детства. Светлая нежная память красивой картинки и классной музыки, но запустив их сейчас... ""ёптваюмать, запорол воспоминания!"". Поэтому играйте в ремастеры, курите двойнуху от элемента и всё будет хорошо. Взял себе 200 грамм домой))))))",Двойное яблоко,"<b>
Бренд</b>: Element<b>
Название</b>: Double Apple(Двойное яблоко)<b>
Линейка</b>: Воздух<b>
Крепость</b>: Средне-лёгкая<b>
Состав</b>: Двойное яблоко<b>
Рейтинг</b>: 4,2<b>
-------------
Отзыв:</b> В начале года подарили пачку Нахлы безакцизной из самого Нахлаленда. Забил я себе чашечку, прогрел, начал курить и вспомнил... боль и страдание. И тут от елемента двойнуха. Ну, думаю я, это будет аутентично, нужно попробовать, могу себе позволить. Открываю и ""вротмненоги"" это пахнет отлично. Это ТА двойнуха только слаще, кислее и сочнее. Забиваю себе чашку от Космо, грею на элитной колодке за 300 рублей на 4-тырёх углях 5-ть минут. Начинаю курить и.... как и запах. Это ТА двойнуха, только ""осовремененная"" и в более массовый сегмент. Знаете как.... как игры на денди из детства. Светлая нежная память красивой картинки и классной музыки, но запустив их сейчас... ""ёптваюмать, запорол воспоминания!"". Поэтому играйте в ремастеры, курите двойнуху от элемента и всё будет хорошо. Взял себе 200 грамм домой))))))"
196769,Element,Winter dream,"Ягоды, мандарин, розмарин",Воздух,46,"4,2",Лёгкая,https://htreviews.org/uploads/objects/3/6853dfa4f915889f2c455f417fef1f3b.webp,"Не курила цитрусы давно прям. 
По вкусу тот самый устойчивый цитрусовый аромат из 2014 года, с самого первого кальяна пришёл в эту чашку. 
Если брать оттенки - когда лучше прогрелся, то чувствуется что-то травянистое, без понятия, какой должен быть розмарин. 
Если брать вкус ягод, то тут тяжело их найти. Вначале было что-то типо 5 мармеладок с апельсином во рту и одна ягодная. В процессе курения, ну хоть убейте, ягод нет. 
В целом вкус не плохой, напомнил немного про то, что скоро уже придёт зимнее время. (Ну как скоро - через парочку месяцев)","Ягоды, Мандарин, Розмарин","<b>
Бренд</b>: Element<b>
Название</b>: Winter dream(Ягоды, мандарин, розмарин)<b>
Линейка</b>: Воздух<b>
Крепость</b>: Лёгкая<b>
Состав</b>: Ягоды, Мандарин, Розмарин<b>
Рейтинг</b>: 4,2<b>
-------------
Отзыв:</b> Не курила цитрусы давно прям. 
По вкусу тот самый устойчивый цитрусовый аромат из 2014 года, с самого первого кальяна пришёл в эту чашку. 
Если брать оттенки - когда лучше прогрелся, то чувствуется что-то травянистое, без понятия, какой должен быть розмарин. 
Если брать вкус ягод, то тут тяжело их найти. Вначале было что-то типо 5 мармеладок с апельсином во рту и одна ягодная. В процессе курения, ну хоть убейте, ягод нет. 
В целом вкус не плохой, напомнил немного про то, что скоро уже придёт зимнее время. (Ну как скоро - через парочку месяцев)"
197294,Element,Янгмей,Нет данных,Земля,47,"4,2",Лёгкая,https://htreviews.org/uploads/objects/4/3844aba690e1767acbc98d61b9a6775b.webp,"Как мне сказали, появится с сентябре.
Вкус вновь не понят, ибо встречается такое впервые.
Плотно, терпко, немного кисловато, и что-то между красной смородиной и клюквой, я бы так описал этот вкус.",Ягоды,"<b>
Бренд</b>: Element<b>
Название</b>: Янгмей(Нет данных)<b>
Линейка</b>: Земля<b>
Крепость</b>: Лёгкая<b>
Состав</b>: Ягоды<b>
Рейтинг</b>: 4,2<b>
-------------
Отзыв:</b> Как мне сказали, появится с сентябре.
Вкус вновь не понят, ибо встречается такое впервые.
Плотно, терпко, немного кисловато, и что-то между красной смородиной и клюквой, я бы так описал этот вкус."
108839,Element,Orchata,Орчата,Воздух,48,"4,1",Лёгкая,https://htreviews.org/uploads/objects/1/9b0f7621e16c2ee273232cf49aa200e486a3595c.webp,"Отличное попадание в аромат, с пачки пахнет так что скушать хочется 🤣🤣🤣",Орчата,"<b>
Бренд</b>: Element<b>
Название</b>: Orchata(Орчата)<b>
Линейка</b>: Воздух<b>
Крепость</b>: Лёгкая<b>
Состав</b>: Орчата<b>
Рейтинг</b>: 4,1<b>
-------------
Отзыв:</b> Отличное попадание в аромат, с пачки пахнет так что скушать хочется 🤣🤣🤣"
142661,Element,Pearfect Melon,Дыня и груша,Воздух,49,"4,1",Лёгкая,https://htreviews.org/uploads/objects/3/3e6d6d08c84f288ca1881612a1852d31.webp,"Доброго времени суток.Так грел 3х25 курил Пирамидкой
Как всегда На грани-2
Каллауд как всегда тоже китаец обычный. 
Чашечка моя дорогая турочка а табачок в неё забит с минимальным отступом пушисто.
Незнаю  чё-то про ацетон написано но я его при соло курениине обнаружил, может из-за того что горло не до конца поправилось.
Прикурил около 30-40 минут после 20 минут курения вкус начал слабеть к 30ой минуте вообще исчез.(хоть я и сам курю минут 40-50 максимум час). 
Не выразительная дыня на фоне груши. Попадание адекватное. Но я бы не сказал""вау"". Лучше получиться если обычную грушу с дыней смешать.","Дыня, Груша","<b>
Бренд</b>: Element<b>
Название</b>: Pearfect Melon(Дыня и груша)<b>
Линейка</b>: Воздух<b>
Крепость</b>: Лёгкая<b>
Состав</b>: Дыня, Груша<b>
Рейтинг</b>: 4,1<b>
-------------
Отзыв:</b> Доброго времени суток.Так грел 3х25 курил Пирамидкой
Как всегда На грани-2
Каллауд как всегда тоже китаец обычный. 
Чашечка моя дорогая турочка а табачок в неё забит с минимальным отступом пушисто.
Незнаю  чё-то про ацетон написано но я его при соло курениине обнаружил, может из-за того что горло не до конца поправилось.
Прикурил около 30-40 минут после 20 минут курения вкус начал слабеть к 30ой минуте вообще исчез.(хоть я и сам курю минут 40-50 максимум час). 
Не выразительная дыня на фоне груши. Попадание адекватное. Но я бы не сказал""вау"". Лучше получиться если обычную грушу с дыней смешать."
108861,Element,Buzina,Бузина,Воздух,50,"4,1",Лёгкая,https://htreviews.org/uploads/objects/3/00dadc094e569682ae408b6d0eb2e584.webp,"По курению очень сильно напоминает Адалию (в плохом смысле слова) дёшевое сырьё, невнятный вкус. Кислинка это единственное приятное в этом вкусе.",Бузина,"<b>
Бренд</b>: Element<b>
Название</b>: Buzina(Бузина)<b>
Линейка</b>: Воздух<b>
Крепость</b>: Лёгкая<b>
Состав</b>: Бузина<b>
Рейтинг</b>: 4,1<b>
-------------
Отзыв:</b> По курению очень сильно напоминает Адалию (в плохом смысле слова) дёшевое сырьё, невнятный вкус. Кислинка это единственное приятное в этом вкусе."
108837,Element,Thai Mango,Тайский манго,Воздух,51,"4,1",Лёгкая,https://htreviews.org/uploads/objects/1/51f4daf2b1d3a06c3eca9d3f6d355c7ed285accb.webp,Обалденный вкус основы с небольшим налетом натурального манго.Плюсик элементам.,Манго,"<b>
Бренд</b>: Element<b>
Название</b>: Thai Mango(Тайский манго)<b>
Линейка</b>: Воздух<b>
Крепость</b>: Лёгкая<b>
Состав</b>: Манго<b>
Рейтинг</b>: 4,1<b>
-------------
Отзыв:</b> Обалденный вкус основы с небольшим налетом натурального манго.Плюсик элементам."
99787,Element,Cherry,Вишня,Земля,52,"4,1",Средняя,https://htreviews.org/uploads/objects/0/d35dd8b5038c0189219bc95d7e3c3fd9b0cac491.webp,"Суперская вишня, сначала раскрылась как сок, потом спустя минут 20 покура перешла в десертную, и до конца сессии так и курилась.
Аромка долгоиграющая, терпковатая.
Советую",Вишня,"<b>
Бренд</b>: Element<b>
Название</b>: Cherry(Вишня)<b>
Линейка</b>: Земля<b>
Крепость</b>: Средняя<b>
Состав</b>: Вишня<b>
Рейтинг</b>: 4,1<b>
-------------
Отзыв:</b> Суперская вишня, сначала раскрылась как сок, потом спустя минут 20 покура перешла в десертную, и до конца сессии так и курилась.
Аромка долгоиграющая, терпковатая.
Советую"
120886,Element,Гранат,Нет данных,Вода,53,"4,1",Средняя,https://htreviews.org/uploads/objects/1/b3372eab084b0702c8d569675721fbf821fb59ac.webp,"Курил неделю назад. Это с одной стороны очень даже ничего, первые минут 20 курил с удовольствием, действительно гранат, нормальное попадание во вкус. Но вот в один момент я начал чувствовать неприятное послевкусие бальзама, такого, для пожилых дам, для рук или ног, то ли это привкус там ч самого начала был, и я не замечал, то ли он появился в процессе курения. И вроде вкус до сих пор хорош, но на выдохе это послевкусие бальзама меня начало убивать. Я так и не смог это не чувствовать. Никак. Это оценка бы была 4,5, если не этот старушечий бальзам. Это еще старая пачка элемента)",Гранат,"<b>
Бренд</b>: Element<b>
Название</b>: Гранат(Нет данных)<b>
Линейка</b>: Вода<b>
Крепость</b>: Средняя<b>
Состав</b>: Гранат<b>
Рейтинг</b>: 4,1<b>
-------------
Отзыв:</b> Курил неделю назад. Это с одной стороны очень даже ничего, первые минут 20 курил с удовольствием, действительно гранат, нормальное попадание во вкус. Но вот в один момент я начал чувствовать неприятное послевкусие бальзама, такого, для пожилых дам, для рук или ног, то ли это привкус там ч самого начала был, и я не замечал, то ли он появился в процессе курения. И вроде вкус до сих пор хорош, но на выдохе это послевкусие бальзама меня начало убивать. Я так и не смог это не чувствовать. Никак. Это оценка бы была 4,5, если не этот старушечий бальзам. Это еще старая пачка элемента)"
87764,Element,Pear,Груша,Земля,54,"4,1",Средне-крепкая,https://htreviews.org/uploads/objects/3/320fccc8fd1409ce247b8bd0451cb9bf.webp,"Классная груша получилась у Элемента, не зря многие её хвалили. Сладости тут немного, поэтому это лишь отдалённо дюшес. Напоминает больше натуральную грушу, а прочитав описание что это свежевыжатый сок с мякотью, можно констатировать попадание во вкус. По прежнему думаю что можно сделать этот фрукт ещё вкуснее, но и тут объективно хорошо получилось.",Груша,"<b>
Бренд</b>: Element<b>
Название</b>: Pear(Груша)<b>
Линейка</b>: Земля<b>
Крепость</b>: Средне-крепкая<b>
Состав</b>: Груша<b>
Рейтинг</b>: 4,1<b>
-------------
Отзыв:</b> Классная груша получилась у Элемента, не зря многие её хвалили. Сладости тут немного, поэтому это лишь отдалённо дюшес. Напоминает больше натуральную грушу, а прочитав описание что это свежевыжатый сок с мякотью, можно констатировать попадание во вкус. По прежнему думаю что можно сделать этот фрукт ещё вкуснее, но и тут объективно хорошо получилось."
197284,Element,Peony,Варенье из пионов,Вода,55,"4,1",Средне-лёгкая,https://htreviews.org/uploads/objects/4/e79d3b00548f0946d117d67ac1a7a9df.webp,"Не знаю, не понял. Ну цветы/духи какие-то. Варенья не почувствовал. Ну ладно, спишем на вкусовщину. Цветы и цветы. Ирл такое варенье не ел. Не знаю, с чем сравнить, будучи мелким совсем, года в 4-5 я съел у мамы помаду, вот в моих воспоминаниях она была похожа на вкус.",Цветочный,"<b>
Бренд</b>: Element<b>
Название</b>: Peony(Варенье из пионов)<b>
Линейка</b>: Вода<b>
Крепость</b>: Средне-лёгкая<b>
Состав</b>: Цветочный<b>
Рейтинг</b>: 4,1<b>
-------------
Отзыв:</b> Не знаю, не понял. Ну цветы/духи какие-то. Варенья не почувствовал. Ну ладно, спишем на вкусовщину. Цветы и цветы. Ирл такое варенье не ел. Не знаю, с чем сравнить, будучи мелким совсем, года в 4-5 я съел у мамы помаду, вот в моих воспоминаниях она была похожа на вкус."
194947,Element,Lollipop,Лолипоп,Воздух,56,"4,1",Лёгкая,https://htreviews.org/uploads/objects/3/31603ae630dd72e9410313347af95155.webp,"Та в принципе весьма неплохо. Кисленький, с лёгкой сладостью конфетный лайм. Курить можно ).","Лайм, Леденцы","<b>
Бренд</b>: Element<b>
Название</b>: Lollipop(Лолипоп)<b>
Линейка</b>: Воздух<b>
Крепость</b>: Лёгкая<b>
Состав</b>: Лайм, Леденцы<b>
Рейтинг</b>: 4,1<b>
-------------
Отзыв:</b> Та в принципе весьма неплохо. Кисленький, с лёгкой сладостью конфетный лайм. Курить можно )."
197513,Element,Cочный персик,Rich Peach,Вода,57,"4,1",Средне-лёгкая,https://htreviews.org/uploads/objects/5/55abea25b398def9ff62147b8aec71cf.webp,"Совсем не сочный персик. Запах из пачки напоминает сочный персик с ноткой цитруса. В курение долгое время не раскрывался, был водянистым, мылил, поддав жара водянистость чуть ушла, но именно сочного персика для себя не нашёл, аромка ещё не доспелого, молодого, травянистого персика. В целом не плохо, но и не хорошо.🍑",Персик,"<b>
Бренд</b>: Element<b>
Название</b>: Cочный персик(Rich Peach)<b>
Линейка</b>: Вода<b>
Крепость</b>: Средне-лёгкая<b>
Состав</b>: Персик<b>
Рейтинг</b>: 4,1<b>
-------------
Отзыв:</b> Совсем не сочный персик. Запах из пачки напоминает сочный персик с ноткой цитруса. В курение долгое время не раскрывался, был водянистым, мылил, поддав жара водянистость чуть ушла, но именно сочного персика для себя не нашёл, аромка ещё не доспелого, молодого, травянистого персика. В целом не плохо, но и не хорошо.🍑"
84163,Element,Lemon,Лимон,Вода,58,"4,1",Средне-лёгкая,https://htreviews.org/uploads/objects/0/4b5549ffefdaeb57e750ad2c9e53f7a091fc7d92.webp,"Вот умеет Элемент делать цитрусы вкусные и запоминающиеся, но это прям самый средний лимон. И нечего добавить даже. Есть на рынке нынешнем масса более удачных ""лимонов"".",Лимон,"<b>
Бренд</b>: Element<b>
Название</b>: Lemon(Лимон)<b>
Линейка</b>: Вода<b>
Крепость</b>: Средне-лёгкая<b>
Состав</b>: Лимон<b>
Рейтинг</b>: 4,1<b>
-------------
Отзыв:</b> Вот умеет Элемент делать цитрусы вкусные и запоминающиеся, но это прям самый средний лимон. И нечего добавить даже. Есть на рынке нынешнем масса более удачных ""лимонов""."
85302,Element,Cola,Кола,Вода,59,4,Средне-лёгкая,https://htreviews.org/uploads/objects/3/0504104646e8577f2d3f0b829023d94b.webp,"Согласен с отзывом ниже, очень похоже на чупа-чупс со вкусом колы, особенно запах. Вкус яркий, сладкий, но не кола, а скорее пепси, из которой газ чуть выдохся. Пожалуй, один из лучших вкусов колы. 
Отдельно отмечу, что с табаком работать легко и приятно, консистенция супер, в меру влажный, пушится легко, жаростойкость на уровне, на 3 25-х углях не перегревается",Кола,"<b>
Бренд</b>: Element<b>
Название</b>: Cola(Кола)<b>
Линейка</b>: Вода<b>
Крепость</b>: Средне-лёгкая<b>
Состав</b>: Кола<b>
Рейтинг</b>: 4<b>
-------------
Отзыв:</b> Согласен с отзывом ниже, очень похоже на чупа-чупс со вкусом колы, особенно запах. Вкус яркий, сладкий, но не кола, а скорее пепси, из которой газ чуть выдохся. Пожалуй, один из лучших вкусов колы. 
Отдельно отмечу, что с табаком работать легко и приятно, консистенция супер, в меру влажный, пушится легко, жаростойкость на уровне, на 3 25-х углях не перегревается"
100159,Element,Grape Mint,Мятный виноград,Вода,60,4,Средняя,https://htreviews.org/uploads/objects/3/a76002a8e20bed4ae57dbc15616c16ac.webp,"Очень интересный виноградный вкус, яркий насыщенный виноград с мятной свежестью, мята не перебивает и не сильно искажает вкус винограда, виноград смесь красного и белого благодаря чему получается очень интересный виноградный сок.","Виноград, Мята","<b>
Бренд</b>: Element<b>
Название</b>: Grape Mint(Мятный виноград)<b>
Линейка</b>: Вода<b>
Крепость</b>: Средняя<b>
Состав</b>: Виноград, Мята<b>
Рейтинг</b>: 4<b>
-------------
Отзыв:</b> Очень интересный виноградный вкус, яркий насыщенный виноград с мятной свежестью, мята не перебивает и не сильно искажает вкус винограда, виноград смесь красного и белого благодаря чему получается очень интересный виноградный сок."
189180,Element,Safari,Сафари,Огонь,61,4,Средне-крепкая,https://htreviews.org/uploads/objects/1/422608e0899cd588b2c1d2d29260fe0c663d42e5.webp,"я скучаю по ройбушу от элемента. для меня он был в какой-то мере эталонным — хорошо передана специфика крепкого настоя, древесная терпкость, травянистость, сладкое послевкусие карамели. очень хочется, чтобы он вернулся.","Чай, Карамель","<b>
Бренд</b>: Element<b>
Название</b>: Safari(Сафари)<b>
Линейка</b>: Огонь<b>
Крепость</b>: Средне-крепкая<b>
Состав</b>: Чай, Карамель<b>
Рейтинг</b>: 4<b>
-------------
Отзыв:</b> я скучаю по ройбушу от элемента. для меня он был в какой-то мере эталонным — хорошо передана специфика крепкого настоя, древесная терпкость, травянистость, сладкое послевкусие карамели. очень хочется, чтобы он вернулся."
196703,Element,Feijoa Lemonade,Лимонад из фейхоа,Земля,62,4,Средняя,https://htreviews.org/uploads/objects/3/92f20123bc702c142e32ca97a7be1b8e.webp,"Хорошая сладко-терпкая фейхоа, лимонадных нот не особо почувствовал
Хорошо и в моно и в миксы, особенно зелёные","Лимон, Газировка, Фейхоа","<b>
Бренд</b>: Element<b>
Название</b>: Feijoa Lemonade(Лимонад из фейхоа)<b>
Линейка</b>: Земля<b>
Крепость</b>: Средняя<b>
Состав</b>: Лимон, Газировка, Фейхоа<b>
Рейтинг</b>: 4<b>
-------------
Отзыв:</b> Хорошая сладко-терпкая фейхоа, лимонадных нот не особо почувствовал
Хорошо и в моно и в миксы, особенно зелёные"
128677,Element,Banana Daiquiry,Банановый дайкири,Вода,63,4,Средняя,https://htreviews.org/uploads/objects/1/e8c15dcc1eff80c68d288404b40514d228d0544b.webp,Мне при покуре чувствуется банан с лаймом. Курится приятно,"Банан, Дайкири","<b>
Бренд</b>: Element<b>
Название</b>: Banana Daiquiry(Банановый дайкири)<b>
Линейка</b>: Вода<b>
Крепость</b>: Средняя<b>
Состав</b>: Банан, Дайкири<b>
Рейтинг</b>: 4<b>
-------------
Отзыв:</b> Мне при покуре чувствуется банан с лаймом. Курится приятно"
195287,Element,Cherry Sangria,Вишневая сангрия,Земля,64,4,Средняя,https://htreviews.org/uploads/objects/1/3c406fc2b1123f117d40422a4e7e005547a73c93.webp,"Тут представлен вишневый сок от фирмы Rich 
И замиксован с фруктами ягодами 
Если бы был просто Вишневый сок , не было бы интересности вкуса , ну да сок ,  ну да вишневый и очень очень похожий , ну и что 
А тут исполнено интересно и вкусно 
Пробуйте !","Вишня, Сангрия","<b>
Бренд</b>: Element<b>
Название</b>: Cherry Sangria(Вишневая сангрия)<b>
Линейка</b>: Земля<b>
Крепость</b>: Средняя<b>
Состав</b>: Вишня, Сангрия<b>
Рейтинг</b>: 4<b>
-------------
Отзыв:</b> Тут представлен вишневый сок от фирмы Rich 
И замиксован с фруктами ягодами 
Если бы был просто Вишневый сок , не было бы интересности вкуса , ну да сок ,  ну да вишневый и очень очень похожий , ну и что 
А тут исполнено интересно и вкусно 
Пробуйте !"
87791,Element,Mango,Манго,Земля,65,4,Средне-крепкая,https://htreviews.org/uploads/objects/0/a652d4e22eee474f634162e6883fcf672cd3d954.webp,"Старая картонная упаковка 25 грамм.
Турка Cosmo, китайский калауд, 3*25.
Зеленое манго, с уклоном в травянистость. Проскальзывает приятная сладость фрукта, но в большей степени наклонность в терпкость.
Обычно данный вкус миксовал, не курил в соло. Радует, что нет мыльности или химозности, аромка в сторону натурального продукта.",Манго,"<b>
Бренд</b>: Element<b>
Название</b>: Mango(Манго)<b>
Линейка</b>: Земля<b>
Крепость</b>: Средне-крепкая<b>
Состав</b>: Манго<b>
Рейтинг</b>: 4<b>
-------------
Отзыв:</b> Старая картонная упаковка 25 грамм.
Турка Cosmo, китайский калауд, 3*25.
Зеленое манго, с уклоном в травянистость. Проскальзывает приятная сладость фрукта, но в большей степени наклонность в терпкость.
Обычно данный вкус миксовал, не курил в соло. Радует, что нет мыльности или химозности, аромка в сторону натурального продукта."
197292,Element,Плюмерия,Нет данных,Земля,66,4,Лёгкая,https://htreviews.org/uploads/objects/4/95153c55893a1fbd256c7a5528722135.webp,"Это очень сложно описать, ибо я её в глаза не видел, а о вкусе вообще молчу.
Это цветочно. немного кисловато, с легкой душностью.",Цветочный,"<b>
Бренд</b>: Element<b>
Название</b>: Плюмерия(Нет данных)<b>
Линейка</b>: Земля<b>
Крепость</b>: Лёгкая<b>
Состав</b>: Цветочный<b>
Рейтинг</b>: 4<b>
-------------
Отзыв:</b> Это очень сложно описать, ибо я её в глаза не видел, а о вкусе вообще молчу.
Это цветочно. немного кисловато, с легкой душностью."
197290,Element,Кумкват,Нет данных,Воздух,67,4,Лёгкая,https://htreviews.org/uploads/objects/4/87ce704b0a55940b61a1798c721eebf9.webp,"Как мне сказали, появится с сентябре.
Сухой, цедровый, приятный, немного кисленький.
Есть кумкват и по лучше, как по мне.",Кумкват,"<b>
Бренд</b>: Element<b>
Название</b>: Кумкват(Нет данных)<b>
Линейка</b>: Воздух<b>
Крепость</b>: Лёгкая<b>
Состав</b>: Кумкват<b>
Рейтинг</b>: 4<b>
-------------
Отзыв:</b> Как мне сказали, появится с сентябре.
Сухой, цедровый, приятный, немного кисленький.
Есть кумкват и по лучше, как по мне."
197285,Element,Жасминовый чай,Нет данных,Воздух,68,4,Лёгкая,https://htreviews.org/uploads/objects/4/a9fbfc3085db5e64baddeeac5dee8c89.webp,"Как мне сказали, появится с сентябре.
Приятно, не переаром, приторность в меру.
Чай очень хорошо передан, лучше чем жасминовый улун от догмы.","Жасмин, Зеленый чай","<b>
Бренд</b>: Element<b>
Название</b>: Жасминовый чай(Нет данных)<b>
Линейка</b>: Воздух<b>
Крепость</b>: Лёгкая<b>
Состав</b>: Жасмин, Зеленый чай<b>
Рейтинг</b>: 4<b>
-------------
Отзыв:</b> Как мне сказали, появится с сентябре.
Приятно, не переаром, приторность в меру.
Чай очень хорошо передан, лучше чем жасминовый улун от догмы."
196839,Element,Tarhun,Нет данных,Вода,69,4,Средне-лёгкая,https://htreviews.org/uploads/objects/3/be617018b0abd4d5d5dcadde629fb7d6.webp,"Очень хороший травянистый эстрагон, не лимонад, а именно трава, как от ДС, топчик:)","Лимон, Тархун","<b>
Бренд</b>: Element<b>
Название</b>: Tarhun(Нет данных)<b>
Линейка</b>: Вода<b>
Крепость</b>: Средне-лёгкая<b>
Состав</b>: Лимон, Тархун<b>
Рейтинг</b>: 4<b>
-------------
Отзыв:</b> Очень хороший травянистый эстрагон, не лимонад, а именно трава, как от ДС, топчик:)"
87780,Element,Acai,Асаи,Земля,70,4,Нет данных,https://htreviews.org/uploads/objects/0/67dfac69eb21edf2247c2d2be06d2c01d3eae97f.webp,"Хорошие ягодки, плюс минус ягодный морс, только оооочень сладкий)",Асаи,"<b>
Бренд</b>: Element<b>
Название</b>: Acai(Асаи)<b>
Линейка</b>: Земля<b>
Крепость</b>: Нет данных<b>
Состав</b>: Асаи<b>
Рейтинг</b>: 4<b>
-------------
Отзыв:</b> Хорошие ягодки, плюс минус ягодный морс, только оооочень сладкий)"
84161,Element,Pear,Груша,Вода,71,"3,9",Средне-лёгкая,https://htreviews.org/uploads/objects/3/15988f97cd9d5920c5112f83d14a84ae.webp,"Вкусная, сладкая груша, вкус очень яркий. Похоже на дюшес, рекомендую попробовать",Груша,"<b>
Бренд</b>: Element<b>
Название</b>: Pear(Груша)<b>
Линейка</b>: Вода<b>
Крепость</b>: Средне-лёгкая<b>
Состав</b>: Груша<b>
Рейтинг</b>: 3,9<b>
-------------
Отзыв:</b> Вкусная, сладкая груша, вкус очень яркий. Похоже на дюшес, рекомендую попробовать"
84177,Element,Currant,Смородина,Вода,72,"3,9",Средняя,https://htreviews.org/uploads/objects/0/622de359440c3f520bc6ffc2cba183a25bca5979.webp,"Такая же нормально-дефолтная смородина, что и в линейке Земля. Микс - не микс, а для меня это больше черная смородина. В соло, правда, ощущается более травянистой. Возможно, из-за разницы в сырье. Хотя явного привкуса базы нет. В миксы залетают одинаково хорошо. А так - чуть сладкая, чуть кислая и легко узнаваемая смородина без химозы. Яркость и насыщенность оптимальные. Сильной и тем более избыточной сладости, как у ребят в отзывах ниже, я не нашел. 

П. С. Отзыв на старые партии 20-21г. в картонных пачках. За вкус и существование в обновленном продукте не скажу.","Черная смородина, Красная смородина","<b>
Бренд</b>: Element<b>
Название</b>: Currant(Смородина)<b>
Линейка</b>: Вода<b>
Крепость</b>: Средняя<b>
Состав</b>: Черная смородина, Красная смородина<b>
Рейтинг</b>: 3,9<b>
-------------
Отзыв:</b> Такая же нормально-дефолтная смородина, что и в линейке Земля. Микс - не микс, а для меня это больше черная смородина. В соло, правда, ощущается более травянистой. Возможно, из-за разницы в сырье. Хотя явного привкуса базы нет. В миксы залетают одинаково хорошо. А так - чуть сладкая, чуть кислая и легко узнаваемая смородина без химозы. Яркость и насыщенность оптимальные. Сильной и тем более избыточной сладости, как у ребят в отзывах ниже, я не нашел. 

П. С. Отзыв на старые партии 20-21г. в картонных пачках. За вкус и существование в обновленном продукте не скажу."
129983,Element,Trdelnik,Трдельник,Воздух,73,"3,9",Средне-лёгкая,https://htreviews.org/uploads/objects/1/7dca6dedce37ece1a8c6d08b2f7e282019cd87dd.webp,"На мой взгляд с трдельник ничего общего, для меня это печенье орешек со сгущенкой (чувствую орехи, сгущенку и тесто). Покурив данный продукт понял что выпечка не для меня, но и плохим его не назову, скорее специфический вкус для тех кто фанатеет по выпечке","Сливочный, Орех, Нуга, Кекс","<b>
Бренд</b>: Element<b>
Название</b>: Trdelnik(Трдельник)<b>
Линейка</b>: Воздух<b>
Крепость</b>: Средне-лёгкая<b>
Состав</b>: Сливочный, Орех, Нуга, Кекс<b>
Рейтинг</b>: 3,9<b>
-------------
Отзыв:</b> На мой взгляд с трдельник ничего общего, для меня это печенье орешек со сгущенкой (чувствую орехи, сгущенку и тесто). Покурив данный продукт понял что выпечка не для меня, но и плохим его не назову, скорее специфический вкус для тех кто фанатеет по выпечке"
98302,Element,Ekzo,Экзо,Земля,74,"3,9",Средняя,https://htreviews.org/uploads/objects/3/4f8f495a06c9326217f8987288be3a78.webp,"Немного арбуза я поймал, арбуз и лёд точнее. Очень тускло и скучновато в соло","Клубника, Лимон, Арбуз","<b>
Бренд</b>: Element<b>
Название</b>: Ekzo(Экзо)<b>
Линейка</b>: Земля<b>
Крепость</b>: Средняя<b>
Состав</b>: Клубника, Лимон, Арбуз<b>
Рейтинг</b>: 3,9<b>
-------------
Отзыв:</b> Немного арбуза я поймал, арбуз и лёд точнее. Очень тускло и скучновато в соло"
87776,Element,Cola,Кола,Земля,75,"3,9",Средняя,https://htreviews.org/uploads/objects/3/f87906b773b585dd06fbc82ca8bf71e3.webp,"Хорошая кола, правда сладости маловато, но зато с приятным профилем и долгоиграющей аромкой. В начале чуть больше терпкости чем нужно, но быстро выравнивается. Моментами напоминает мармелад, но и напиточность присутствует. По итогу не лучшая, но довольно хорошая кола.",Кола,"<b>
Бренд</b>: Element<b>
Название</b>: Cola(Кола)<b>
Линейка</b>: Земля<b>
Крепость</b>: Средняя<b>
Состав</b>: Кола<b>
Рейтинг</b>: 3,9<b>
-------------
Отзыв:</b> Хорошая кола, правда сладости маловато, но зато с приятным профилем и долгоиграющей аромкой. В начале чуть больше терпкости чем нужно, но быстро выравнивается. Моментами напоминает мармелад, но и напиточность присутствует. По итогу не лучшая, но довольно хорошая кола."
128675,Element,Banana Daiquiry,Банановый дайкири,Земля,76,"3,9",Средняя,https://htreviews.org/uploads/objects/1/a9fce688d7313ca8c41743e6189ec9743620ae17.webp,"Кисло-сладкий банан, в старой картонной упаковке. Зная, как Элемент любит жар, сетап следующий: турка Cosmo, китайский калауд и 4*25.
Если честно, мне данный вкус очень напомнил типичные крафтовые напитки пивного типа, где чувствуется алкогольность и пюре, в данном случае банановое. Кислинка ощущается на выдохе, все так.
Крепость отличная, даже чуть выше средней, вопросов по сырью нет.
Сама аромка уровня пойдет, она где-то яркая, где-то приглушенная. Каких-то негативных моментов не ощутил, но и без воодушевления.","Банан, Дайкири","<b>
Бренд</b>: Element<b>
Название</b>: Banana Daiquiry(Банановый дайкири)<b>
Линейка</b>: Земля<b>
Крепость</b>: Средняя<b>
Состав</b>: Банан, Дайкири<b>
Рейтинг</b>: 3,9<b>
-------------
Отзыв:</b> Кисло-сладкий банан, в старой картонной упаковке. Зная, как Элемент любит жар, сетап следующий: турка Cosmo, китайский калауд и 4*25.
Если честно, мне данный вкус очень напомнил типичные крафтовые напитки пивного типа, где чувствуется алкогольность и пюре, в данном случае банановое. Кислинка ощущается на выдохе, все так.
Крепость отличная, даже чуть выше средней, вопросов по сырью нет.
Сама аромка уровня пойдет, она где-то яркая, где-то приглушенная. Каких-то негативных моментов не ощутил, но и без воодушевления."
87799,Element,Wildberry Mors,Ягодный морс,Земля,77,"3,9",Средняя,https://htreviews.org/uploads/objects/3/bb791c937a3f93076e7e15b441a5c9c5.webp,"Из баночки пахнет интересно, чувствуется черника в основе. Курится по-другому - немного химозно, с мыльцой. Похоже на смесь черники и ежевики.
Вроде бы неплохо, но чего-то не хватает этому аромату - то ли насыщенности, то ли кислинки","Клюква, Брусника, Морошка","<b>
Бренд</b>: Element<b>
Название</b>: Wildberry Mors(Ягодный морс)<b>
Линейка</b>: Земля<b>
Крепость</b>: Средняя<b>
Состав</b>: Клюква, Брусника, Морошка<b>
Рейтинг</b>: 3,9<b>
-------------
Отзыв:</b> Из баночки пахнет интересно, чувствуется черника в основе. Курится по-другому - немного химозно, с мыльцой. Похоже на смесь черники и ежевики.
Вроде бы неплохо, но чего-то не хватает этому аромату - то ли насыщенности, то ли кислинки"
165773,Element,Cucumber Lemonade,Огуречный лимонад,Воздух,78,"3,9",Средне-лёгкая,https://htreviews.org/uploads/objects/1/f7350ff4f9017e03f16cee774e85aee8e1cc30af.webp,"Максимально ненавязчивый вкус молосольного огурца,  на лимонад это не похоже совсем, как по мне, но вкус получился интересный, ввиду спокойной ароматики, чую, что может потеряться в миксах, но такое я люблю в соло курить, что и было сделано.
Описать как-то иначе не смогу, возможно, хотел бы на капельку, но увеличить яркость вкуса, правда и так очень приятно. 
Больше всего хотелось бы видеть данный вкус в линейке ""Земля"".","Лимон, Газировка, Огурец","<b>
Бренд</b>: Element<b>
Название</b>: Cucumber Lemonade(Огуречный лимонад)<b>
Линейка</b>: Воздух<b>
Крепость</b>: Средне-лёгкая<b>
Состав</b>: Лимон, Газировка, Огурец<b>
Рейтинг</b>: 3,9<b>
-------------
Отзыв:</b> Максимально ненавязчивый вкус молосольного огурца,  на лимонад это не похоже совсем, как по мне, но вкус получился интересный, ввиду спокойной ароматики, чую, что может потеряться в миксах, но такое я люблю в соло курить, что и было сделано.
Описать как-то иначе не смогу, возможно, хотел бы на капельку, но увеличить яркость вкуса, правда и так очень приятно. 
Больше всего хотелось бы видеть данный вкус в линейке ""Земля""."
84157,Element,Cactus Fig,Кактусовый финик,Вода,79,"3,8",Средняя,https://htreviews.org/uploads/objects/0/0d9c6efd93ccebef4d9efc627edbe20b26766828.webp,"Сладкий интересный вкус, ни на что не похож. 
Если не пробовали попробуйте обязательно",Кактус,"<b>
Бренд</b>: Element<b>
Название</b>: Cactus Fig(Кактусовый финик)<b>
Линейка</b>: Вода<b>
Крепость</b>: Средняя<b>
Состав</b>: Кактус<b>
Рейтинг</b>: 3,8<b>
-------------
Отзыв:</b> Сладкий интересный вкус, ни на что не похож. 
Если не пробовали попробуйте обязательно"
99775,Element,Cherry,Вишня,Вода,80,"3,8",Средне-лёгкая,https://htreviews.org/uploads/objects/0/09849fc3c3ba232e98749d8b60e00c0ec3cf07ea.webp,"Аромат можно назвать посредственным, так как ни кислинки отчетливой, ни терпкости от вишневой косточки я не почувствовал. Подойдет как базовый наполнитель к миксам с вишней:)",Вишня,"<b>
Бренд</b>: Element<b>
Название</b>: Cherry(Вишня)<b>
Линейка</b>: Вода<b>
Крепость</b>: Средне-лёгкая<b>
Состав</b>: Вишня<b>
Рейтинг</b>: 3,8<b>
-------------
Отзыв:</b> Аромат можно назвать посредственным, так как ни кислинки отчетливой, ни терпкости от вишневой косточки я не почувствовал. Подойдет как базовый наполнитель к миксам с вишней:)"
197286,Element,Габа,Нет данных,Земля,81,"3,8",Средне-лёгкая,https://htreviews.org/uploads/objects/4/96e01c82c85ad8dd38395164dc78c06a.webp,"Приятный, зелёный чай, с яркой цветочно-медовой ноткой. Отличный вариант для соло покура!
Брал не один раз и ещё обязательно возбму!",Чай,"<b>
Бренд</b>: Element<b>
Название</b>: Габа(Нет данных)<b>
Линейка</b>: Земля<b>
Крепость</b>: Средне-лёгкая<b>
Состав</b>: Чай<b>
Рейтинг</b>: 3,8<b>
-------------
Отзыв:</b> Приятный, зелёный чай, с яркой цветочно-медовой ноткой. Отличный вариант для соло покура!
Брал не один раз и ещё обязательно возбму!"
99792,Element,Margarita,Маргарита,Земля,82,"3,8",Средняя,https://htreviews.org/uploads/objects/0/f269cd5aec6c5c6b32b33dba5eeea6e198ad9dd4.webp,"Яркий цитрусовый вкус, без алкогольной ноты, но с ощущением добавления сахарного сиропа (частичное попадание в коктейль. Лимон в приоритете и немного заметен лайм. Это в целом неплохо и должно найти своего любителя, но для меня тут цитрус агрессивный и с элементами химозности, поэтому не моя история.",Маргарита,"<b>
Бренд</b>: Element<b>
Название</b>: Margarita(Маргарита)<b>
Линейка</b>: Земля<b>
Крепость</b>: Средняя<b>
Состав</b>: Маргарита<b>
Рейтинг</b>: 3,8<b>
-------------
Отзыв:</b> Яркий цитрусовый вкус, без алкогольной ноты, но с ощущением добавления сахарного сиропа (частичное попадание в коктейль. Лимон в приоритете и немного заметен лайм. Это в целом неплохо и должно найти своего любителя, но для меня тут цитрус агрессивный и с элементами химозности, поэтому не моя история."
133967,Element,Christmas Mystery,Рождественская тайна,Воздух,83,"3,8",Нет данных,https://htreviews.org/uploads/objects/1/aa1788c00f98d4ee0fba0837d3f157452de82d69.webp,"Хвоя, цитрусы, кашмир. Для меня это прежде всего пряный вкус. В соло трудновато курить такое. ","Хвойный, Грейпфрут","<b>
Бренд</b>: Element<b>
Название</b>: Christmas Mystery(Рождественская тайна)<b>
Линейка</b>: Воздух<b>
Крепость</b>: Нет данных<b>
Состав</b>: Хвойный, Грейпфрут<b>
Рейтинг</b>: 3,8<b>
-------------
Отзыв:</b> Хвоя, цитрусы, кашмир. Для меня это прежде всего пряный вкус. В соло трудновато курить такое. "
153373,Element,Pina Colada,Пина Колада,Воздух,84,"3,8",Средне-лёгкая,https://htreviews.org/uploads/objects/3/3c4fb9d0078e65632e31e668fb7e2e8b.webp,"Я бы не сказал,что это пинаколада. На стол положили кокос и дольку ананаса и сказали ""делайте с этим что хотите"". В соло скучновато и плоско,может попробую миксануть с чем",Пина колада,"<b>
Бренд</b>: Element<b>
Название</b>: Pina Colada(Пина Колада)<b>
Линейка</b>: Воздух<b>
Крепость</b>: Средне-лёгкая<b>
Состав</b>: Пина колада<b>
Рейтинг</b>: 3,8<b>
-------------
Отзыв:</b> Я бы не сказал,что это пинаколада. На стол положили кокос и дольку ананаса и сказали ""делайте с этим что хотите"". В соло скучновато и плоско,может попробую миксануть с чем"
100158,Element,Pineapple,Ананас,Земля,85,"3,8",Средняя,https://htreviews.org/uploads/objects/3/a262d282ba327b227d4ec3c845483519.webp,"К сожалению, это не вкусно. Из банки норм, при курении сам аромат ананаса довольно слабый, зато есть какая-то сильная кислинка и терпкость что ли на фоне. И в этом случае это неприятная кислинка и терпкость. К тому же, через 20 минут курения аромка вообще куда-то убегает по делам, оставляя тебе только какой-то непонятный мыльный фон, чего кстати в других вкусах элемента не происходило. Курил в соло на глазированном прямотоке, прогрел 10 минут под колпаком на 4x25, курил на 3. К слову, я его не сжег и не перегрел, все в этом плане было хорошо, так что куда ретировалась аромка, и почему только в этом вкусе, для меня загадка, ибо элемент курил на этом же сетапе(как впрочем и на других). Курил новый элемент из банки. Крепость легкая, хотя линейка земля.",Ананас,"<b>
Бренд</b>: Element<b>
Название</b>: Pineapple(Ананас)<b>
Линейка</b>: Земля<b>
Крепость</b>: Средняя<b>
Состав</b>: Ананас<b>
Рейтинг</b>: 3,8<b>
-------------
Отзыв:</b> К сожалению, это не вкусно. Из банки норм, при курении сам аромат ананаса довольно слабый, зато есть какая-то сильная кислинка и терпкость что ли на фоне. И в этом случае это неприятная кислинка и терпкость. К тому же, через 20 минут курения аромка вообще куда-то убегает по делам, оставляя тебе только какой-то непонятный мыльный фон, чего кстати в других вкусах элемента не происходило. Курил в соло на глазированном прямотоке, прогрел 10 минут под колпаком на 4x25, курил на 3. К слову, я его не сжег и не перегрел, все в этом плане было хорошо, так что куда ретировалась аромка, и почему только в этом вкусе, для меня загадка, ибо элемент курил на этом же сетапе(как впрочем и на других). Курил новый элемент из банки. Крепость легкая, хотя линейка земля."
84155,Element,Acai,Асаи,Вода,86,"3,8",Средняя,https://htreviews.org/uploads/objects/0/f57c4f627fa8862c14dce9a35f6772d4e0f168b9.webp,"Натуральный вкус этой ягоды ни когда не пробовал. Мне напомнил вкус малины и винограда. Есть не большая кислинка в принципе не плохой, курить можно, но ни чего особенного",Асаи,"<b>
Бренд</b>: Element<b>
Название</b>: Acai(Асаи)<b>
Линейка</b>: Вода<b>
Крепость</b>: Средняя<b>
Состав</b>: Асаи<b>
Рейтинг</b>: 3,8<b>
-------------
Отзыв:</b> Натуральный вкус этой ягоды ни когда не пробовал. Мне напомнил вкус малины и винограда. Есть не большая кислинка в принципе не плохой, курить можно, но ни чего особенного"
196707,Element,Tropicana,Тропикана,Земля,87,"3,8",Средняя,https://htreviews.org/uploads/objects/3/14043edad282804c32f14f459d141d8c.webp,Что-то среднее между тропиками и кензой/петрушкой,"Манго, Маракуйя, Персик","<b>
Бренд</b>: Element<b>
Название</b>: Tropicana(Тропикана)<b>
Линейка</b>: Земля<b>
Крепость</b>: Средняя<b>
Состав</b>: Манго, Маракуйя, Персик<b>
Рейтинг</b>: 3,8<b>
-------------
Отзыв:</b> Что-то среднее между тропиками и кензой/петрушкой"
196706,Element,Mellow Blueberry,Спелая черника,Земля,88,"3,8",Средне-лёгкая,https://htreviews.org/uploads/objects/3/9b1c078264d13807d74af61d5daff757.webp,"Не мыльная 
Приторная 
Переслащенная 
Не много глуховатая и сырье лезет , думаю на старом сырье было бы огонь 
Тут же боишься перегреть новый элемент 
Чуть больше жара дал и голубика улетает",Черника,"<b>
Бренд</b>: Element<b>
Название</b>: Mellow Blueberry(Спелая черника)<b>
Линейка</b>: Земля<b>
Крепость</b>: Средне-лёгкая<b>
Состав</b>: Черника<b>
Рейтинг</b>: 3,8<b>
-------------
Отзыв:</b> Не мыльная 
Приторная 
Переслащенная 
Не много глуховатая и сырье лезет , думаю на старом сырье было бы огонь 
Тут же боишься перегреть новый элемент 
Чуть больше жара дал и голубика улетает"
197288,Element,Зелёный чай с имбирём,Нет данных,Земля,89,"3,8",Лёгкая,https://htreviews.org/uploads/objects/4/328218eb3f286a3d23ad070be9adf7c9.webp,"Как мне сказали, появится с сентябре.
Тема имбиря не раскрыта.
Чай хороший, немного терпкий как и любой представленный чай, кроме сырного.
Имбирь прям совсем фоновым показался.","Имбирь, Зеленый чай","<b>
Бренд</b>: Element<b>
Название</b>: Зелёный чай с имбирём(Нет данных)<b>
Линейка</b>: Земля<b>
Крепость</b>: Лёгкая<b>
Состав</b>: Имбирь, Зеленый чай<b>
Рейтинг</b>: 3,8<b>
-------------
Отзыв:</b> Как мне сказали, появится с сентябре.
Тема имбиря не раскрыта.
Чай хороший, немного терпкий как и любой представленный чай, кроме сырного.
Имбирь прям совсем фоновым показался."
84159,Element,Kalamansi,Каламанси,Вода,90,"3,7",Средне-лёгкая,https://htreviews.org/uploads/objects/0/20f41fee37c73d83e7981147d103a29d373a99e5.webp,"Лимон и лайм в начале курения насыщенные, но не напрягающие. Со временем это всё уходит в химозный цитрус. Неудачный вкус.","Лайм, Лимон, Кумкват","<b>
Бренд</b>: Element<b>
Название</b>: Kalamansi(Каламанси)<b>
Линейка</b>: Вода<b>
Крепость</b>: Средне-лёгкая<b>
Состав</b>: Лайм, Лимон, Кумкват<b>
Рейтинг</b>: 3,7<b>
-------------
Отзыв:</b> Лимон и лайм в начале курения насыщенные, но не напрягающие. Со временем это всё уходит в химозный цитрус. Неудачный вкус."
108857,Element,Baikal,Байкал,Воздух,91,"3,7",Средне-лёгкая,https://htreviews.org/uploads/objects/1/ab144258da1bafe079a9dbff9159cf8e851ce689.webp,"Раньше был мой самый любимый вкус. Насыщенный, освежающий, в меру хвойный.",Байкал,"<b>
Бренд</b>: Element<b>
Название</b>: Baikal(Байкал)<b>
Линейка</b>: Воздух<b>
Крепость</b>: Средне-лёгкая<b>
Состав</b>: Байкал<b>
Рейтинг</b>: 3,7<b>
-------------
Отзыв:</b> Раньше был мой самый любимый вкус. Насыщенный, освежающий, в меру хвойный."
84153,Element,Wildberry Mors,Ягодный морс,Вода,92,"3,7",Средняя,https://htreviews.org/uploads/objects/3/577bcf898dd706b82de6c5d7f975a420.webp,"имхо, аромат морса, разбавленного водой. если бы сделали акцент на одну из ягод и добавили некой яркости - то получился бы неплохой премикс. а пока довольно проходной и не яркий аромат","Клюква, Брусника, Морошка","<b>
Бренд</b>: Element<b>
Название</b>: Wildberry Mors(Ягодный морс)<b>
Линейка</b>: Вода<b>
Крепость</b>: Средняя<b>
Состав</b>: Клюква, Брусника, Морошка<b>
Рейтинг</b>: 3,7<b>
-------------
Отзыв:</b> имхо, аромат морса, разбавленного водой. если бы сделали акцент на одну из ягод и добавили некой яркости - то получился бы неплохой премикс. а пока довольно проходной и не яркий аромат"
99766,Element,Peach,Персик,Вода,93,"3,7",Средняя,https://htreviews.org/uploads/objects/0/de5f9546233d5ba8ab6d5c03d05adb10692f3ded.webp,"На первых минутах отлично отдает карамельным персиком, который потихоньку исчезает спустя 15-20 мин покура. Что мы имеем - это быстрый кайф в виде персиковой аромки, которая быстро улетучивается.",Персик,"<b>
Бренд</b>: Element<b>
Название</b>: Peach(Персик)<b>
Линейка</b>: Вода<b>
Крепость</b>: Средняя<b>
Состав</b>: Персик<b>
Рейтинг</b>: 3,7<b>
-------------
Отзыв:</b> На первых минутах отлично отдает карамельным персиком, который потихоньку исчезает спустя 15-20 мин покура. Что мы имеем - это быстрый кайф в виде персиковой аромки, которая быстро улетучивается."
87774,Element,Kashmir,Кашмир ,Земля,94,"3,7",Средняя,https://htreviews.org/uploads/objects/0/1f227a7df6f076503ca80f9ee399a5ff0ac23734.webp,"Прекрасный кашемир ,отднлщгачно за стойку",Кашмир,"<b>
Бренд</b>: Element<b>
Название</b>: Kashmir(Кашмир )<b>
Линейка</b>: Земля<b>
Крепость</b>: Средняя<b>
Состав</b>: Кашмир<b>
Рейтинг</b>: 3,7<b>
-------------
Отзыв:</b> Прекрасный кашемир ,отднлщгачно за стойку"
195581,Element,Rush,Раш,Вода,95,"3,7",Средне-лёгкая,https://htreviews.org/uploads/objects/3/f9c03c0a25763ced24520a88a9a63c88.webp,"Я вообще не понял что я покурил
Первоначально запах с банки давал надежды на что то вкусное, но по итогу не зашло совсем
Вкус сам по себе насыщенный, вот только ни клубники, ни малины, ни киви я там не почувствовал
Мне отдавало какой то рукколой, причем шоколадной рукколой
Курили втроем и никто не чувствовал того, что там заявлено
Оценка 2,5 только за насыщенность вкуса
Короче -вайб(","Клубника, Киви, Малина","<b>
Бренд</b>: Element<b>
Название</b>: Rush(Раш)<b>
Линейка</b>: Вода<b>
Крепость</b>: Средне-лёгкая<b>
Состав</b>: Клубника, Киви, Малина<b>
Рейтинг</b>: 3,7<b>
-------------
Отзыв:</b> Я вообще не понял что я покурил
Первоначально запах с банки давал надежды на что то вкусное, но по итогу не зашло совсем
Вкус сам по себе насыщенный, вот только ни клубники, ни малины, ни киви я там не почувствовал
Мне отдавало какой то рукколой, причем шоколадной рукколой
Курили втроем и никто не чувствовал того, что там заявлено
Оценка 2,5 только за насыщенность вкуса
Короче -вайб("
84171,Element,Lychees,Личи,Вода,96,"3,7",Средняя,https://htreviews.org/uploads/objects/0/c1dd3e01a8c9a07765c9bc94d5d60be85e6121e6.webp,"Очень яркий вкус тропического личи, возможно химозный, возможно для многих слишком приторный (в том числе для моих друзей) но попадание в спелый и сочный личи лично для меня максимальное. очень сладкий и крутой вкус.",Личи,"<b>
Бренд</b>: Element<b>
Название</b>: Lychees(Личи)<b>
Линейка</b>: Вода<b>
Крепость</b>: Средняя<b>
Состав</b>: Личи<b>
Рейтинг</b>: 3,7<b>
-------------
Отзыв:</b> Очень яркий вкус тропического личи, возможно химозный, возможно для многих слишком приторный (в том числе для моих друзей) но попадание в спелый и сочный личи лично для меня максимальное. очень сладкий и крутой вкус."
195286,Element,Grape Drink,Виноградная газировка,Земля,97,"3,7",Средняя,https://htreviews.org/uploads/objects/3/c681e6567a9c31a7b024a9c011af7e70.webp,"В миксах - отличный представитель. 
В газировку не очень попали, но если смотреть на вкус, как тёмный виноград, то пойдёт. 
В чистую, немного недокручено, как по мне, плосковато.","Виноград, Газировка","<b>
Бренд</b>: Element<b>
Название</b>: Grape Drink(Виноградная газировка)<b>
Линейка</b>: Земля<b>
Крепость</b>: Средняя<b>
Состав</b>: Виноград, Газировка<b>
Рейтинг</b>: 3,7<b>
-------------
Отзыв:</b> В миксах - отличный представитель. 
В газировку не очень попали, но если смотреть на вкус, как тёмный виноград, то пойдёт. 
В чистую, немного недокручено, как по мне, плосковато."
158435,Element,Gelato Al Pistacchio,Нет данных,Воздух,98,"3,7",Лёгкая,https://htreviews.org/uploads/objects/1/91db165f92f9b350a1465f156346ada9f9a0cc47.webp,"Когда я его только попробовал, это была любовь с первого взгляда. Он еще на полки не вышел, а я пытался его гуглить, найти, и никто не знал о его существовании...
В итоге любовь прошла, завяли помидоры.
Холодка вообще не много, совсем. Это даже и хорошо, можете сами докинуть, не мешает распробовать ноты вкуса. 
Фисташка не соленая, сливочная база тоже есть, и есть какое-то послевкусие, слегка пластиковое или химозное, которое быстро приелось, и больше не хочется курить. А жаль, воспоминания остались тёплые.","Сливочный, Мороженое, Фисташки","<b>
Бренд</b>: Element<b>
Название</b>: Gelato Al Pistacchio(Нет данных)<b>
Линейка</b>: Воздух<b>
Крепость</b>: Лёгкая<b>
Состав</b>: Сливочный, Мороженое, Фисташки<b>
Рейтинг</b>: 3,7<b>
-------------
Отзыв:</b> Когда я его только попробовал, это была любовь с первого взгляда. Он еще на полки не вышел, а я пытался его гуглить, найти, и никто не знал о его существовании...
В итоге любовь прошла, завяли помидоры.
Холодка вообще не много, совсем. Это даже и хорошо, можете сами докинуть, не мешает распробовать ноты вкуса. 
Фисташка не соленая, сливочная база тоже есть, и есть какое-то послевкусие, слегка пластиковое или химозное, которое быстро приелось, и больше не хочется курить. А жаль, воспоминания остались тёплые."
87759,Element,Lychee,Личи,Земля,99,"3,7",Крепкая,https://htreviews.org/uploads/objects/0/f7dfa3c9bffa78912c360a8de61714a1a95d5231.webp,"хороший личи, не теряется в миксах",Личи,"<b>
Бренд</b>: Element<b>
Название</b>: Lychee(Личи)<b>
Линейка</b>: Земля<b>
Крепость</b>: Крепкая<b>
Состав</b>: Личи<b>
Рейтинг</b>: 3,7<b>
-------------
Отзыв:</b> хороший личи, не теряется в миксах"
99771,Element,Irish Cream,Ирландский крем,Вода,100,"3,7",Нет данных,https://htreviews.org/uploads/objects/0/a1e57c49e6659b1eeedeeed58cf3f45140f2571b.webp,"Мне зашёл норм.Постоянно курить не будешь,т.к.тяжёлый вкус и запах,но иногда брать можно.",Бейлис,"<b>
Бренд</b>: Element<b>
Название</b>: Irish Cream(Ирландский крем)<b>
Линейка</b>: Вода<b>
Крепость</b>: Нет данных<b>
Состав</b>: Бейлис<b>
Рейтинг</b>: 3,7<b>
-------------
Отзыв:</b> Мне зашёл норм.Постоянно курить не будешь,т.к.тяжёлый вкус и запах,но иногда брать можно."
84151,Element,Guava,Гуава,Вода,101,"3,7",Средняя,https://htreviews.org/uploads/objects/0/ec19e24968c0ecd85c6ab1757761acb8038e921a.webp,"Прекрасный вкус гуавы, будто снова отдыхаю с тае. Вкусно, сочно, дымно, средней крепости. Отличный вариант для дома",Гуава,"<b>
Бренд</b>: Element<b>
Название</b>: Guava(Гуава)<b>
Линейка</b>: Вода<b>
Крепость</b>: Средняя<b>
Состав</b>: Гуава<b>
Рейтинг</b>: 3,7<b>
-------------
Отзыв:</b> Прекрасный вкус гуавы, будто снова отдыхаю с тае. Вкусно, сочно, дымно, средней крепости. Отличный вариант для дома"
108868,Element,Melon Holls,Дынный холс,Воздух,102,"3,6",Лёгкая,https://htreviews.org/uploads/objects/3/b176543a82d7ea72efad6f02d190df0c.webp,"Недостаточно яркий вкус дынных леденцов, без сильного холодка.","Дыня, Холодок, Леденцы","<b>
Бренд</b>: Element<b>
Название</b>: Melon Holls(Дынный холс)<b>
Линейка</b>: Воздух<b>
Крепость</b>: Лёгкая<b>
Состав</b>: Дыня, Холодок, Леденцы<b>
Рейтинг</b>: 3,6<b>
-------------
Отзыв:</b> Недостаточно яркий вкус дынных леденцов, без сильного холодка."
128018,Element,Margarita,Маргарита,Воздух,103,"3,6",Лёгкая,https://htreviews.org/uploads/objects/1/3d93e4102cd94003b4df681d586b25d1a0bbf7e3.webp,"Давайте представим лимонный мармелад, который лежал и настраивался в водке.
Представили?
Забудьте)
Это лучше чем земля, можно рассматривать как мандарин с легким привкусом шкурки, и легким флером алкоголя.
Вкус сбалансирован, в меру яркий, достаточно чиловый.",Маргарита,"<b>
Бренд</b>: Element<b>
Название</b>: Margarita(Маргарита)<b>
Линейка</b>: Воздух<b>
Крепость</b>: Лёгкая<b>
Состав</b>: Маргарита<b>
Рейтинг</b>: 3,6<b>
-------------
Отзыв:</b> Давайте представим лимонный мармелад, который лежал и настраивался в водке.
Представили?
Забудьте)
Это лучше чем земля, можно рассматривать как мандарин с легким привкусом шкурки, и легким флером алкоголя.
Вкус сбалансирован, в меру яркий, достаточно чиловый."
127972,Element,Lemongrass,Лемонграсс,Воздух,104,"3,6",Лёгкая,https://htreviews.org/uploads/objects/1/8086cc4766c77abf8b9ca0dda6cf01c05d0343ee.webp,"Старая картонная упаковка, еще на 40 грамм.
Фанел Форма, китайский калауд, 3*25.
Освежающий аромат, с вкраплениями лимонных леденцов/лемонграсса и оттеночным имбирем.
Пачка хранилась долго, думал никогда не доберусь. А тут как нельзя кстати.
В какой-то момент я подустал от крепких сигарных табаков, решил возродить рубрику «кальян, чтобы погонять воздух».
Легко, в меру дымненько, на послевкусии травянистость и ментоловый оттенок.","Имбирь, Леденцы, Лемонграсс","<b>
Бренд</b>: Element<b>
Название</b>: Lemongrass(Лемонграсс)<b>
Линейка</b>: Воздух<b>
Крепость</b>: Лёгкая<b>
Состав</b>: Имбирь, Леденцы, Лемонграсс<b>
Рейтинг</b>: 3,6<b>
-------------
Отзыв:</b> Старая картонная упаковка, еще на 40 грамм.
Фанел Форма, китайский калауд, 3*25.
Освежающий аромат, с вкраплениями лимонных леденцов/лемонграсса и оттеночным имбирем.
Пачка хранилась долго, думал никогда не доберусь. А тут как нельзя кстати.
В какой-то момент я подустал от крепких сигарных табаков, решил возродить рубрику «кальян, чтобы погонять воздух».
Легко, в меру дымненько, на послевкусии травянистость и ментоловый оттенок."
196702,Element,Melony,Дыня,Земля,105,"3,6",Средне-лёгкая,https://htreviews.org/uploads/objects/3/4f7dae9c1da3e00671445ca233c1fa62.webp,"Норм дыня, ничего не обычного, как у всех нормальных дынь, в миксах интересней чем в соло",Дыня,"<b>
Бренд</b>: Element<b>
Название</b>: Melony(Дыня)<b>
Линейка</b>: Земля<b>
Крепость</b>: Средне-лёгкая<b>
Состав</b>: Дыня<b>
Рейтинг</b>: 3,6<b>
-------------
Отзыв:</b> Норм дыня, ничего не обычного, как у всех нормальных дынь, в миксах интересней чем в соло"
195525,Element,Captain Jack,Капитан Джэк,Вода,106,"3,6",Средняя,https://htreviews.org/uploads/objects/2/de787d630a220c5204868366dc81a925.webp,"Откопал старую ещё картонную пачку.
Получилось не слишком сладко, возможно немного химозненько, чувствуется отчётливее всего банан, чем-то похоже на тропический микс в жвачки ( сам Джекфрут не пробовал)
Прикольно для миксов, в соло не скучно, но не думаю, что на постояннку это хорошая идея.
Не разорвался",Джекфрут,"<b>
Бренд</b>: Element<b>
Название</b>: Captain Jack(Капитан Джэк)<b>
Линейка</b>: Вода<b>
Крепость</b>: Средняя<b>
Состав</b>: Джекфрут<b>
Рейтинг</b>: 3,6<b>
-------------
Отзыв:</b> Откопал старую ещё картонную пачку.
Получилось не слишком сладко, возможно немного химозненько, чувствуется отчётливее всего банан, чем-то похоже на тропический микс в жвачки ( сам Джекфрут не пробовал)
Прикольно для миксов, в соло не скучно, но не думаю, что на постояннку это хорошая идея.
Не разорвался"
193650,Element,Green ginger tea,Зелёный чай с имбирём,Воздух,107,"3,6",Лёгкая,https://htreviews.org/uploads/objects/1/4f877d013ee4b1b7ff10c6a5127a3b3006fef63d.webp,"Для любителей зеленого липтона. Больше чувствуется зеленый чай, имбирь при раскуре.","Имбирь, Зеленый чай","<b>
Бренд</b>: Element<b>
Название</b>: Green ginger tea(Зелёный чай с имбирём)<b>
Линейка</b>: Воздух<b>
Крепость</b>: Лёгкая<b>
Состав</b>: Имбирь, Зеленый чай<b>
Рейтинг</b>: 3,6<b>
-------------
Отзыв:</b> Для любителей зеленого липтона. Больше чувствуется зеленый чай, имбирь при раскуре."
84175,Element,Belgian Waffle,Бельгийские вафли,Вода,108,"3,5",Средняя,https://htreviews.org/uploads/objects/0/a4a00bf3f13e619945fb089599ae0d0984d130b3.webp,"При покуре ощущается вкус вафель с ореховым послевкусием. Присутствует небольшая сливочность. Вкус в меру сладкий. В целом неплохо, но не топ.",Вафли,"<b>
Бренд</b>: Element<b>
Название</b>: Belgian Waffle(Бельгийские вафли)<b>
Линейка</b>: Вода<b>
Крепость</b>: Средняя<b>
Состав</b>: Вафли<b>
Рейтинг</b>: 3,5<b>
-------------
Отзыв:</b> При покуре ощущается вкус вафель с ореховым послевкусием. Присутствует небольшая сливочность. Вкус в меру сладкий. В целом неплохо, но не топ."
108841,Element,Noirmelon,Дыня-нуар,Воздух,109,"3,5",Лёгкая,https://htreviews.org/uploads/objects/1/9b07558693b46a0646d509bfd77e6b07f9ea9b52.webp,"Люблю дыни в кальяне, перепробовал практически все. От Элемента не особо понравилась, вряд ли возьму еще раз.","Дыня, Черника","<b>
Бренд</b>: Element<b>
Название</b>: Noirmelon(Дыня-нуар)<b>
Линейка</b>: Воздух<b>
Крепость</b>: Лёгкая<b>
Состав</b>: Дыня, Черника<b>
Рейтинг</b>: 3,5<b>
-------------
Отзыв:</b> Люблю дыни в кальяне, перепробовал практически все. От Элемента не особо понравилась, вряд ли возьму еще раз."
194943,Element,Rosella Ice-Cream,Мороженое с гибискусом,Земля,110,"3,5",Средне-крепкая,https://htreviews.org/uploads/objects/1/9dfb51864abd05b74f8fe5fdd19a424c58a593c8.webp,"Ужасный химозный вкус гибискуса.
Курить в буквальном смысле не реально","Сливочный, Цветочный, Мороженое","<b>
Бренд</b>: Element<b>
Название</b>: Rosella Ice-Cream(Мороженое с гибискусом)<b>
Линейка</b>: Земля<b>
Крепость</b>: Средне-крепкая<b>
Состав</b>: Сливочный, Цветочный, Мороженое<b>
Рейтинг</b>: 3,5<b>
-------------
Отзыв:</b> Ужасный химозный вкус гибискуса.
Курить в буквальном смысле не реально"
196704,Element,Rush,Раш,Земля,111,"3,5",Средне-лёгкая,https://htreviews.org/uploads/objects/3/0d0e79de8bb5f49596e1867965395289.webp,"Проходной микс, не хороший и не плохой, на раз покурить можно. 
Отчетливо ощущались кислые и терпкие киви с малиной, клубники не обнаружил.
Чаша Japona turkish  4. 25 угля","Клубника, Киви, Малина","<b>
Бренд</b>: Element<b>
Название</b>: Rush(Раш)<b>
Линейка</b>: Земля<b>
Крепость</b>: Средне-лёгкая<b>
Состав</b>: Клубника, Киви, Малина<b>
Рейтинг</b>: 3,5<b>
-------------
Отзыв:</b> Проходной микс, не хороший и не плохой, на раз покурить можно. 
Отчетливо ощущались кислые и терпкие киви с малиной, клубники не обнаружил.
Чаша Japona turkish  4. 25 угля"
189173,Element,Honey&Honey,Мед,Огонь,112,"3,5",Средне-крепкая,https://htreviews.org/uploads/objects/1/a3e85ea2c4b1b3f50e75bd1d70eb751decdf01b7.webp,"этот мед не такой сладкий, как у ББ, но зато вкус как будто глубже и более цветочный, за счет чего миксы с ним играют новыми красками

не могу сказать, что это прям крепко, ТХ тоже не заметил, поэтому впечатления остались положительными",Мёд,"<b>
Бренд</b>: Element<b>
Название</b>: Honey&Honey(Мед)<b>
Линейка</b>: Огонь<b>
Крепость</b>: Средне-крепкая<b>
Состав</b>: Мёд<b>
Рейтинг</b>: 3,5<b>
-------------
Отзыв:</b> этот мед не такой сладкий, как у ББ, но зато вкус как будто глубже и более цветочный, за счет чего миксы с ним играют новыми красками

не могу сказать, что это прям крепко, ТХ тоже не заметил, поэтому впечатления остались положительными"
108865,Element,Maui,Ананас и папайя,Воздух,113,"3,5",Средне-крепкая,https://htreviews.org/uploads/objects/3/bfbe089c9d9a4d6a187dd337455ee96d.webp,Сам табак очень сухой. Из банки лёгкий ананас на  вкусе ананас чувствуется в начале потом бесследно исчезает появляется леккий привкус какого-то травенистого фрукта и очень слабый. В целом вкус не приятный. Возможно плохая партия. Брал на пробу разные вкусы разных брендов и впечатление от элемента подпорчено.,"Ананас, Папайя","<b>
Бренд</b>: Element<b>
Название</b>: Maui(Ананас и папайя)<b>
Линейка</b>: Воздух<b>
Крепость</b>: Средне-крепкая<b>
Состав</b>: Ананас, Папайя<b>
Рейтинг</b>: 3,5<b>
-------------
Отзыв:</b> Сам табак очень сухой. Из банки лёгкий ананас на  вкусе ананас чувствуется в начале потом бесследно исчезает появляется леккий привкус какого-то травенистого фрукта и очень слабый. В целом вкус не приятный. Возможно плохая партия. Брал на пробу разные вкусы разных брендов и впечатление от элемента подпорчено."
196573,Element,Maui,Ананас и папайя,Земля,114,"3,5",Средняя,https://htreviews.org/uploads/objects/3/ac116c08580929271b49207d94ea6bca.webp,"Сильно преобладает папайя, ананас на фоне","Ананас, Папайя","<b>
Бренд</b>: Element<b>
Название</b>: Maui(Ананас и папайя)<b>
Линейка</b>: Земля<b>
Крепость</b>: Средняя<b>
Состав</b>: Ананас, Папайя<b>
Рейтинг</b>: 3,5<b>
-------------
Отзыв:</b> Сильно преобладает папайя, ананас на фоне"
185952,Element,Masala Tea,Чай Масала,Вода,115,"3,5",Средне-лёгкая,https://htreviews.org/uploads/objects/1/0cdb26f984739612012a6e62230d24836699eb3e.webp,"Яркость вкуса на уровне безаромок, и ладно бы были детали и нюансы, но их нет, просто что-то совсем слегка похожее на молоко и выпечку. 
Спасибо тем людям снизу за поднятый рейтинг и потраченные деньги с временем :)","Специи, Чай, Мёд","<b>
Бренд</b>: Element<b>
Название</b>: Masala Tea(Чай Масала)<b>
Линейка</b>: Вода<b>
Крепость</b>: Средне-лёгкая<b>
Состав</b>: Специи, Чай, Мёд<b>
Рейтинг</b>: 3,5<b>
-------------
Отзыв:</b> Яркость вкуса на уровне безаромок, и ладно бы были детали и нюансы, но их нет, просто что-то совсем слегка похожее на молоко и выпечку. 
Спасибо тем людям снизу за поднятый рейтинг и потраченные деньги с временем :)"
127970,Element,Ekzo,Экзо,Воздух,116,"3,4",Лёгкая,https://htreviews.org/uploads/objects/3/85f006dfbb4aafee789f39c54ac4be1a.webp,"Как то хотелось покурить вечером,выскочил в ближайший КБ,купил там сие творение.
Скажу так. 
Поначалу чувствуется что то тропическое,экзотическое,но что конкретно - непонятно 😅.
Как заявлено,здесь есть арбуз,клубника и лимон. Ну,арбуз клубнику я действительно почувствовал,а вот лимон не особо. 
Так же присутствовала легкая сливочность,присущая табаку Вирджиния,и это тот редкий случай когда сливочность действительно идет в тему. 
Этот вкус,но в линейке Воды(Где табак берли) пока не попробовал. Найду,попробую обязательно 😁","Клубника, Лимон, Арбуз","<b>
Бренд</b>: Element<b>
Название</b>: Ekzo(Экзо)<b>
Линейка</b>: Воздух<b>
Крепость</b>: Лёгкая<b>
Состав</b>: Клубника, Лимон, Арбуз<b>
Рейтинг</b>: 3,4<b>
-------------
Отзыв:</b> Как то хотелось покурить вечером,выскочил в ближайший КБ,купил там сие творение.
Скажу так. 
Поначалу чувствуется что то тропическое,экзотическое,но что конкретно - непонятно 😅.
Как заявлено,здесь есть арбуз,клубника и лимон. Ну,арбуз клубнику я действительно почувствовал,а вот лимон не особо. 
Так же присутствовала легкая сливочность,присущая табаку Вирджиния,и это тот редкий случай когда сливочность действительно идет в тему. 
Этот вкус,но в линейке Воды(Где табак берли) пока не попробовал. Найду,попробую обязательно 😁"
84169,Element,Mango,Манго,Вода,117,"3,4",Средне-лёгкая,https://htreviews.org/uploads/objects/0/f8332410914ec26d94887598e039c6b22e9a7c44.webp,"Взял для миксов, купил на турке и убивашке, на 3х углях. Что могу сказать, в принципе, для десертных вкусов пойдет. Манго сливочно травянистый, не сладкий, так что отлично сглаживает угли. Что насчет фруктовых миксов, то тут он полностью перебивает все вкусы. Что меня удивило, в миксе с личи, он даже его перебил.. в вкусе остался лишь травянистый манго, не сладкий совсем. В соло такое тоже не куриться. Мне пока из чистого манго нравиться sebero, и darkside(именно mango lassi). 
Могу посоветовать брать немного и только для десертных миксов, в остальном он просто как не спелый манго.",Манго,"<b>
Бренд</b>: Element<b>
Название</b>: Mango(Манго)<b>
Линейка</b>: Вода<b>
Крепость</b>: Средне-лёгкая<b>
Состав</b>: Манго<b>
Рейтинг</b>: 3,4<b>
-------------
Отзыв:</b> Взял для миксов, купил на турке и убивашке, на 3х углях. Что могу сказать, в принципе, для десертных вкусов пойдет. Манго сливочно травянистый, не сладкий, так что отлично сглаживает угли. Что насчет фруктовых миксов, то тут он полностью перебивает все вкусы. Что меня удивило, в миксе с личи, он даже его перебил.. в вкусе остался лишь травянистый манго, не сладкий совсем. В соло такое тоже не куриться. Мне пока из чистого манго нравиться sebero, и darkside(именно mango lassi). 
Могу посоветовать брать немного и только для десертных миксов, в остальном он просто как не спелый манго."
196696,Element,Strawberry Soda,Клубничная газировка,Воздух,118,"3,4",Лёгкая,https://htreviews.org/uploads/objects/3/d9c6999bae29a0e0ee074ce147ea5ab9.webp,"Вкус сырья на первом плане ) не то, чтоб он противный или сильно яркий, но на фоне достаточно приглушенной аромки он заметен ). Но в целом приятная конфетно-напиточная сладкая  клубника с чем - то цитрусовым, наверное лимоном, и свежестью. Покурить можно )","Клубника, Газировка","<b>
Бренд</b>: Element<b>
Название</b>: Strawberry Soda(Клубничная газировка)<b>
Линейка</b>: Воздух<b>
Крепость</b>: Лёгкая<b>
Состав</b>: Клубника, Газировка<b>
Рейтинг</b>: 3,4<b>
-------------
Отзыв:</b> Вкус сырья на первом плане ) не то, чтоб он противный или сильно яркий, но на фоне достаточно приглушенной аромки он заметен ). Но в целом приятная конфетно-напиточная сладкая  клубника с чем - то цитрусовым, наверное лимоном, и свежестью. Покурить можно )"
97644,Element,Blueberry,Черника,Земля,119,"3,4",Средняя,Нет данных,"Чаша Kong turkish, 4*25 угля и не перегрелся, зараза 
Вкус настолько серьезный, я бы назначил его каким-нибудь министром.

Почувствовал вкус отдушки, будто это одеколон с черникой. Терпко и душновато, но душность не напряжная, с небольшой фоновой сладостью. Очень ярко и вкус держится так долго, что пришлось поменять угли, чего я никогда не делаю обычно.
В миксах ведет себя тоже серьезно, лучше использовать как оттеночный вариант, как основа перебивает все и вся",Черника,"<b>
Бренд</b>: Element<b>
Название</b>: Blueberry(Черника)<b>
Линейка</b>: Земля<b>
Крепость</b>: Средняя<b>
Состав</b>: Черника<b>
Рейтинг</b>: 3,4<b>
-------------
Отзыв:</b> Чаша Kong turkish, 4*25 угля и не перегрелся, зараза 
Вкус настолько серьезный, я бы назначил его каким-нибудь министром.

Почувствовал вкус отдушки, будто это одеколон с черникой. Терпко и душновато, но душность не напряжная, с небольшой фоновой сладостью. Очень ярко и вкус держится так долго, что пришлось поменять угли, чего я никогда не делаю обычно.
В миксах ведет себя тоже серьезно, лучше использовать как оттеночный вариант, как основа перебивает все и вся"
196098,Element,Orange Tik-Tak,Апельсиновый Тик-Так,Земля,120,"3,4",Средняя,https://htreviews.org/uploads/objects/2/c7338881ab73ee0b373916e43ba64e08.webp,"Адекватный апельсин,немного мяты для эффекта леденца,вполне приятный аромат,хоть для меня на тик-так и не очень сильно смахивает","Мята, Апельсин","<b>
Бренд</b>: Element<b>
Название</b>: Orange Tik-Tak(Апельсиновый Тик-Так)<b>
Линейка</b>: Земля<b>
Крепость</b>: Средняя<b>
Состав</b>: Мята, Апельсин<b>
Рейтинг</b>: 3,4<b>
-------------
Отзыв:</b> Адекватный апельсин,немного мяты для эффекта леденца,вполне приятный аромат,хоть для меня на тик-так и не очень сильно смахивает"
195526,Element,Melony,Дыня,Вода,121,"3,4",Средняя,https://htreviews.org/uploads/objects/3/c39780ffb40d1ec98a4550581ddcbaa9.webp,"Средняя дыня, достаточно неплохо 
Присутствует небольшая травянистость и сладость. 
Вкус приятный, можно и в соло и в микс",Дыня,"<b>
Бренд</b>: Element<b>
Название</b>: Melony(Дыня)<b>
Линейка</b>: Вода<b>
Крепость</b>: Средняя<b>
Состав</b>: Дыня<b>
Рейтинг</b>: 3,4<b>
-------------
Отзыв:</b> Средняя дыня, достаточно неплохо 
Присутствует небольшая травянистость и сладость. 
Вкус приятный, можно и в соло и в микс"
108845,Element,Garnet Holls,Гранатовый холлс,Воздух,122,"3,3",Лёгкая,https://htreviews.org/uploads/objects/1/0925299d50853fe938a1b4905f142021dcac411f.webp,"Холодка больше, чем граната, но в целом неплохо, довольно приятно, освежает и вкус неплохо держится. Но не то, что очень хочется повторить.","Мята, Холодок, Гранат","<b>
Бренд</b>: Element<b>
Название</b>: Garnet Holls(Гранатовый холлс)<b>
Линейка</b>: Воздух<b>
Крепость</b>: Лёгкая<b>
Состав</b>: Мята, Холодок, Гранат<b>
Рейтинг</b>: 3,3<b>
-------------
Отзыв:</b> Холодка больше, чем граната, но в целом неплохо, довольно приятно, освежает и вкус неплохо держится. Но не то, что очень хочется повторить."
108833,Element,Tropicana,Тропикана,Воздух,123,"3,3",Лёгкая,https://htreviews.org/uploads/objects/3/1eb5cfae029f3e64c61f9e94efd6a2e9.webp,"Не понял что это и с чем его есть 😂😅. Мыльненько, да-да. Даже чашки разные забил не пойму. Не получается что-то другое сделать. Сладко да но мыло чувствую. Грел на 4 и на 3х25 чтобы понять не из-за жара ли такой оттенок мыла во вкусе. Незнаю написано про какую-то сливочность там про какое-то ещё безмятежность, может я что-то не так делаю. Да и на фанеле тоже 2 раза попробовал один в касание один с отступом чутка. Грел стандартненько 3х25. Кальян На грани -2 . Чашки Турка, УПГ, фанел от  HJ, убивашка. Незнаю мне кажеться тут сливочностью и не пахнет. Я бы сказал что это точно мыло. А может просто у меня в голове заклинило что-то, хотя я до того как попробовать это чудо юдо не читал про него отзывы. Всегда стараюсь не читать отзывы про вкусы тут(обычно постоянно тут читаю,бывает на страничке в инстаграмме брендов(табаков) появляется информация но я думаю это не считается) чтобы в голове было только описание от самих создателей и мои ощущения. Хоть и это не всегда получается но тут именно так и было.","Манго, Маракуйя, Персик","<b>
Бренд</b>: Element<b>
Название</b>: Tropicana(Тропикана)<b>
Линейка</b>: Воздух<b>
Крепость</b>: Лёгкая<b>
Состав</b>: Манго, Маракуйя, Персик<b>
Рейтинг</b>: 3,3<b>
-------------
Отзыв:</b> Не понял что это и с чем его есть 😂😅. Мыльненько, да-да. Даже чашки разные забил не пойму. Не получается что-то другое сделать. Сладко да но мыло чувствую. Грел на 4 и на 3х25 чтобы понять не из-за жара ли такой оттенок мыла во вкусе. Незнаю написано про какую-то сливочность там про какое-то ещё безмятежность, может я что-то не так делаю. Да и на фанеле тоже 2 раза попробовал один в касание один с отступом чутка. Грел стандартненько 3х25. Кальян На грани -2 . Чашки Турка, УПГ, фанел от  HJ, убивашка. Незнаю мне кажеться тут сливочностью и не пахнет. Я бы сказал что это точно мыло. А может просто у меня в голове заклинило что-то, хотя я до того как попробовать это чудо юдо не читал про него отзывы. Всегда стараюсь не читать отзывы про вкусы тут(обычно постоянно тут читаю,бывает на страничке в инстаграмме брендов(табаков) появляется информация но я думаю это не считается) чтобы в голове было только описание от самих создателей и мои ощущения. Хоть и это не всегда получается но тут именно так и было."
108853,Element,Bananerro,Бананеро,Воздух,124,"3,3",Лёгкая,https://htreviews.org/uploads/objects/1/3fbeb8f4ba0407aafa21869f8d87645c08739830.webp,"Чуть - чуть недозрелый банан, больше в десертную сторону вкуса. Лимон на выдохе, скорее цедра с лёгким горьковатым привкусом. Чего - то ""вау"" не ждите, но в миксах раскрывается получше","Лимон, Банан","<b>
Бренд</b>: Element<b>
Название</b>: Bananerro(Бананеро)<b>
Линейка</b>: Воздух<b>
Крепость</b>: Лёгкая<b>
Состав</b>: Лимон, Банан<b>
Рейтинг</b>: 3,3<b>
-------------
Отзыв:</b> Чуть - чуть недозрелый банан, больше в десертную сторону вкуса. Лимон на выдохе, скорее цедра с лёгким горьковатым привкусом. Чего - то ""вау"" не ждите, но в миксах раскрывается получше"
196709,Element,Grape Drink,Виноградная газировка,Вода,125,"3,3",Средне-лёгкая,https://htreviews.org/uploads/objects/3/5056f8d751840799631b393e3a9e854c.webp,"Такой себе вкус, очень на любителя, химозный вкус скорее кожуры, чем винограда. Какой-то противный, неприятный запах из банки, который ощущается на выдохе при курении. Если мятный виноград для меня по вкусу близок к топу, то этот вкус - наоборот.","Виноград, Газировка","<b>
Бренд</b>: Element<b>
Название</b>: Grape Drink(Виноградная газировка)<b>
Линейка</b>: Вода<b>
Крепость</b>: Средне-лёгкая<b>
Состав</b>: Виноград, Газировка<b>
Рейтинг</b>: 3,3<b>
-------------
Отзыв:</b> Такой себе вкус, очень на любителя, химозный вкус скорее кожуры, чем винограда. Какой-то противный, неприятный запах из банки, который ощущается на выдохе при курении. Если мятный виноград для меня по вкусу близок к топу, то этот вкус - наоборот."
130297,Element,Tropicana,Тропикана,Вода,126,"3,3",Лёгкая,https://htreviews.org/uploads/objects/3/59d9b5aa0b4d9ecee0e8b0bffcf8a77a.webp,"Вкус как бы салата из тропических фруктов. Жаль, что фрукты вот те из детских игрушек пластмассовые которые.","Манго, Маракуйя, Персик","<b>
Бренд</b>: Element<b>
Название</b>: Tropicana(Тропикана)<b>
Линейка</b>: Вода<b>
Крепость</b>: Лёгкая<b>
Состав</b>: Манго, Маракуйя, Персик<b>
Рейтинг</b>: 3,3<b>
-------------
Отзыв:</b> Вкус как бы салата из тропических фруктов. Жаль, что фрукты вот те из детских игрушек пластмассовые которые."
189174,Element,Golden,Голден,Огонь,127,"3,3",Средне-крепкая,https://htreviews.org/uploads/objects/1/7a5f19224e6840b1a4782c6997c924e311882acb.webp,"Брал не однократно, вкус нравился, последние две пачки вкус кожуры от яблок и крепость невнятная. 
Причём ждал пока поставка новая будет, последнюю пачку...","Яблоко, Груша","<b>
Бренд</b>: Element<b>
Название</b>: Golden(Голден)<b>
Линейка</b>: Огонь<b>
Крепость</b>: Средне-крепкая<b>
Состав</b>: Яблоко, Груша<b>
Рейтинг</b>: 3,3<b>
-------------
Отзыв:</b> Брал не однократно, вкус нравился, последние две пачки вкус кожуры от яблок и крепость невнятная. 
Причём ждал пока поставка новая будет, последнюю пачку..."
189179,Element,Pictachio,Фисташки,Огонь,128,"3,3",Средняя,https://htreviews.org/uploads/objects/1/9b0ba3be830e247d37937dbbc56351a0899c9018.webp,"Аромат, как и вся линейка element-огонь, только для любителей самого табака Element
Скучный, не внятный аромат, крепость 6/10
Даже при соло покуре тяжело разобрать какие-либо составляющие вкуса
Ощущается: и табачка, и не внятный орех, и сливочный шоколад, и даже напоминает кожуру граната 
Советую покурить в соло хотя бы один раз, но только если вы решили познакомиться с этой линейкой!
Можно разнообразить миксами с: Polar Cream (DS), Pictachio Cream (Duft), Ice cream (Must.), но тогда вкус фисташек от элемента вы не ощутите совсем, а получите легкую табачную ноту ..

дикий микс: 50% Pictachio (Element-огонь) + 30% Cacao (Must.) + 20% Вафли (WTO)

P.s на любителя, не плохая сигарная основа, посредственный ароматизатор :(",Фисташки,"<b>
Бренд</b>: Element<b>
Название</b>: Pictachio(Фисташки)<b>
Линейка</b>: Огонь<b>
Крепость</b>: Средняя<b>
Состав</b>: Фисташки<b>
Рейтинг</b>: 3,3<b>
-------------
Отзыв:</b> Аромат, как и вся линейка element-огонь, только для любителей самого табака Element
Скучный, не внятный аромат, крепость 6/10
Даже при соло покуре тяжело разобрать какие-либо составляющие вкуса
Ощущается: и табачка, и не внятный орех, и сливочный шоколад, и даже напоминает кожуру граната 
Советую покурить в соло хотя бы один раз, но только если вы решили познакомиться с этой линейкой!
Можно разнообразить миксами с: Polar Cream (DS), Pictachio Cream (Duft), Ice cream (Must.), но тогда вкус фисташек от элемента вы не ощутите совсем, а получите легкую табачную ноту ..

дикий микс: 50% Pictachio (Element-огонь) + 30% Cacao (Must.) + 20% Вафли (WTO)

P.s на любителя, не плохая сигарная основа, посредственный ароматизатор :("
196715,Element,Mangello,Манговое желе,Воздух,129,"3,3",Лёгкая,https://htreviews.org/uploads/objects/3/680b50c06606b9ac0217fe41a48437f6.webp,"Неплохо. Манго в целом приятный, хоть и с зеленоватостью, присутствует кисленькая составляющая, пусть будет тем самым желе.",Манго,"<b>
Бренд</b>: Element<b>
Название</b>: Mangello(Манговое желе)<b>
Линейка</b>: Воздух<b>
Крепость</b>: Лёгкая<b>
Состав</b>: Манго<b>
Рейтинг</b>: 3,3<b>
-------------
Отзыв:</b> Неплохо. Манго в целом приятный, хоть и с зеленоватостью, присутствует кисленькая составляющая, пусть будет тем самым желе."
99779,Element,Kashmir,Кашмир,Вода,130,"3,3",Средне-лёгкая,https://htreviews.org/uploads/objects/0/3e2cb1286d35c8a823f64467efaa15520d0b247d.webp,"достаточно своеобразный вкус для соло, дико пряный, но, когда все приелось должен зайти на ура.",Кашмир,"<b>
Бренд</b>: Element<b>
Название</b>: Kashmir(Кашмир)<b>
Линейка</b>: Вода<b>
Крепость</b>: Средне-лёгкая<b>
Состав</b>: Кашмир<b>
Рейтинг</b>: 3,3<b>
-------------
Отзыв:</b> достаточно своеобразный вкус для соло, дико пряный, но, когда все приелось должен зайти на ура."
159419,Element,Гранатовый йогурт,Нет данных,Земля,131,"3,2",Средняя,https://htreviews.org/uploads/objects/1/c011ebe28361e4c2d8d303e48f203156f6cadbc7.webp,"Гранат - да. Йогурт - нет. Не нашёл сливочности или даже намёка на неё.  Гранат первые 5-10 минут был весьма и весьма натуральным, прям очень, вот как будто сок, без корочек. Далее начал скатываться понемногу во вкус самой ягоды с косточкой, потому уже во что-то с привкусом корки. Для курения в соло, как мне кажется, слишком быстро исчезает первоначальный вкус. И именно это же свойство может быть весьма полезно в миксах.","Гранат, Йогурт","<b>
Бренд</b>: Element<b>
Название</b>: Гранатовый йогурт(Нет данных)<b>
Линейка</b>: Земля<b>
Крепость</b>: Средняя<b>
Состав</b>: Гранат, Йогурт<b>
Рейтинг</b>: 3,2<b>
-------------
Отзыв:</b> Гранат - да. Йогурт - нет. Не нашёл сливочности или даже намёка на неё.  Гранат первые 5-10 минут был весьма и весьма натуральным, прям очень, вот как будто сок, без корочек. Далее начал скатываться понемногу во вкус самой ягоды с косточкой, потому уже во что-то с привкусом корки. Для курения в соло, как мне кажется, слишком быстро исчезает первоначальный вкус. И именно это же свойство может быть весьма полезно в миксах."
84173,Element,Nuts Mix,Ореховый микс,Вода,132,"3,2",Средняя,https://htreviews.org/uploads/objects/0/aa6d7c2548c58db5db7d7e352ccf127101d1a81a.webp,"Очень похоже на бутовский орех, крепость конечно выше но не хватает ""ореховости"" при прогреве вкус уходит в специи",Орех,"<b>
Бренд</b>: Element<b>
Название</b>: Nuts Mix(Ореховый микс)<b>
Линейка</b>: Вода<b>
Крепость</b>: Средняя<b>
Состав</b>: Орех<b>
Рейтинг</b>: 3,2<b>
-------------
Отзыв:</b> Очень похоже на бутовский орех, крепость конечно выше но не хватает ""ореховости"" при прогреве вкус уходит в специи"
108851,Element,Berrymore,Земляника и черника,Воздух,133,"3,2",Лёгкая,https://htreviews.org/uploads/objects/3/421c4c3d89d0a315d3c309ddbe91a939.webp,Хороший вкусный ягодный микс,"Черника, Земляника","<b>
Бренд</b>: Element<b>
Название</b>: Berrymore(Земляника и черника)<b>
Линейка</b>: Воздух<b>
Крепость</b>: Лёгкая<b>
Состав</b>: Черника, Земляника<b>
Рейтинг</b>: 3,2<b>
-------------
Отзыв:</b> Хороший вкусный ягодный микс"
95565,Element,Blackberry,Ежевика,Вода,134,"3,2",Средняя,https://htreviews.org/uploads/objects/0/a4b5d26eef8ca462ea4f5e8683d047f7c4a393ea.webp,"Очень химозная мыльная ежевика. В соло плохо, в миксах еще пойдет.",Ежевика,"<b>
Бренд</b>: Element<b>
Название</b>: Blackberry(Ежевика)<b>
Линейка</b>: Вода<b>
Крепость</b>: Средняя<b>
Состав</b>: Ежевика<b>
Рейтинг</b>: 3,2<b>
-------------
Отзыв:</b> Очень химозная мыльная ежевика. В соло плохо, в миксах еще пойдет."
189177,Element,Base,База,Огонь,135,"3,2",Средняя,https://htreviews.org/uploads/objects/1/26fbcf9a276dd896395d9ffae9616a7913fba1af.webp,"Очень неплохая безаромка, если взять Aircraft - New world blend - и убавить вкус максимально сильно переженного табака, и оставить эту ""огневую сушку"" на минималках то получится Base. Очень приятно курится. По крепости для прям пятерочка, сильно накурило но очень плавно. Мое почтение",Табачный,"<b>
Бренд</b>: Element<b>
Название</b>: Base(База)<b>
Линейка</b>: Огонь<b>
Крепость</b>: Средняя<b>
Состав</b>: Табачный<b>
Рейтинг</b>: 3,2<b>
-------------
Отзыв:</b> Очень неплохая безаромка, если взять Aircraft - New world blend - и убавить вкус максимально сильно переженного табака, и оставить эту ""огневую сушку"" на минималках то получится Base. Очень приятно курится. По крепости для прям пятерочка, сильно накурило но очень плавно. Мое почтение"
165776,Element,Garnet Yogurt,Гранатовый йогурт,Земля,136,"3,2",Средняя,https://htreviews.org/uploads/objects/1/fc82e027b9679dc59ac3169ecdaa8e3ce5fff7c0.webp,"Не фанат граната, в соло не зашло. Зато как это вкусно можно миксануть. На переднем плане гранат с выраженной кислинкой, на фоне что-то на подобии жидкого йогурта, даже больше кефир, звучит забавно) но у меня именно такие ассоциации.","Гранат, Йогурт","<b>
Бренд</b>: Element<b>
Название</b>: Garnet Yogurt(Гранатовый йогурт)<b>
Линейка</b>: Земля<b>
Крепость</b>: Средняя<b>
Состав</b>: Гранат, Йогурт<b>
Рейтинг</b>: 3,2<b>
-------------
Отзыв:</b> Не фанат граната, в соло не зашло. Зато как это вкусно можно миксануть. На переднем плане гранат с выраженной кислинкой, на фоне что-то на подобии жидкого йогурта, даже больше кефир, звучит забавно) но у меня именно такие ассоциации."
196713,Element,Mellow Blueberry,Спелая черника,Вода,137,"3,2",Лёгкая,https://htreviews.org/uploads/objects/3/b9a6feba3d892164e87c95884d5c93ac.webp,"не мыльная черника, в соло не нужна, ягодную ноту придать ей в миксе можно.",Черника,"<b>
Бренд</b>: Element<b>
Название</b>: Mellow Blueberry(Спелая черника)<b>
Линейка</b>: Вода<b>
Крепость</b>: Лёгкая<b>
Состав</b>: Черника<b>
Рейтинг</b>: 3,2<b>
-------------
Отзыв:</b> не мыльная черника, в соло не нужна, ягодную ноту придать ей в миксе можно."
99781,Element,Basil,Базилик,Земля,138,"3,2",Средняя,https://htreviews.org/uploads/objects/0/f6b65e084a7cc3513f7db6dceffe33f84ec7fe73.webp,"самый натуральный базилик из всех,любителям гастро зайдет.в миксах хорошо себя ведет.в линейке вода лучше",Базилик,"<b>
Бренд</b>: Element<b>
Название</b>: Basil(Базилик)<b>
Линейка</b>: Земля<b>
Крепость</b>: Средняя<b>
Состав</b>: Базилик<b>
Рейтинг</b>: 3,2<b>
-------------
Отзыв:</b> самый натуральный базилик из всех,любителям гастро зайдет.в миксах хорошо себя ведет.в линейке вода лучше"
91906,Element,Kashmir-Feijoa,Кашмир и фейхоа,Земля,139,"3,1",Средняя,https://htreviews.org/uploads/objects/0/8e7b51c64a26118459943853ddf7ad64fb0f8351.webp,"Кашмир здесь действительно очень приятный и раскрывается вполне аккуратно для человека готового к такому вкусу. Другой момент что фейхоа особо не угадывается и сильно уступает в доминации специям. При этом фейхоа вносит сладко-терпкую ноту разбавляющую кашмир. На мой взгляд не идеальное сочетание, можно было бы докрутить фруктовую составляющую и было бы гораздо приятнее для массы. Я покурил с удовольствием, но факт в том что есть более удачные миксы с легендарным кашмиром.","Фейхоа, Кашмир","<b>
Бренд</b>: Element<b>
Название</b>: Kashmir-Feijoa(Кашмир и фейхоа)<b>
Линейка</b>: Земля<b>
Крепость</b>: Средняя<b>
Состав</b>: Фейхоа, Кашмир<b>
Рейтинг</b>: 3,1<b>
-------------
Отзыв:</b> Кашмир здесь действительно очень приятный и раскрывается вполне аккуратно для человека готового к такому вкусу. Другой момент что фейхоа особо не угадывается и сильно уступает в доминации специям. При этом фейхоа вносит сладко-терпкую ноту разбавляющую кашмир. На мой взгляд не идеальное сочетание, можно было бы докрутить фруктовую составляющую и было бы гораздо приятнее для массы. Я покурил с удовольствием, но факт в том что есть более удачные миксы с легендарным кашмиром."
84165,Element,Feijoa,Фейхоа,Вода,140,"3,1",Средне-лёгкая,https://htreviews.org/uploads/objects/0/ee9f7661e59bc2d885ad99ecc6ddc793c5cc39f2.webp,у крепкой линейки получилось лучше передать фейхоа,Фейхоа,"<b>
Бренд</b>: Element<b>
Название</b>: Feijoa(Фейхоа)<b>
Линейка</b>: Вода<b>
Крепость</b>: Средне-лёгкая<b>
Состав</b>: Фейхоа<b>
Рейтинг</b>: 3,1<b>
-------------
Отзыв:</b> у крепкой линейки получилось лучше передать фейхоа"
108863,Element,Li-Ci,Ли-Чи,Воздух,141,3,Лёгкая,https://htreviews.org/uploads/objects/1/d5b91216375ed2e40f9cdebda30fc2f130385274.webp,"По запаху одекалон - парфюмерный личи с цитрусовыми нотками. Не взял бы его, но другого личи под рукой не было, а хотелось виноградика с личи... Это чудо, по итогу, задушнило всю забивку, на старте прям неприятно было курить. Но, чуть подраскурив, стало получше. Такой кисленький личи, даже привкус кумквата почувствовал. Но, всё равно, такой профиль личи мне максимально не нра","Цитрус, Личи","<b>
Бренд</b>: Element<b>
Название</b>: Li-Ci(Ли-Чи)<b>
Линейка</b>: Воздух<b>
Крепость</b>: Лёгкая<b>
Состав</b>: Цитрус, Личи<b>
Рейтинг</b>: 3<b>
-------------
Отзыв:</b> По запаху одекалон - парфюмерный личи с цитрусовыми нотками. Не взял бы его, но другого личи под рукой не было, а хотелось виноградика с личи... Это чудо, по итогу, задушнило всю забивку, на старте прям неприятно было курить. Но, чуть подраскурив, стало получше. Такой кисленький личи, даже привкус кумквата почувствовал. Но, всё равно, такой профиль личи мне максимально не нра"
100154,Element,Pineapple,Ананас,Вода,142,3,Средне-лёгкая,https://htreviews.org/uploads/objects/3/cad0eb2acfe588cb200d30bbfb6d59bb.webp,"Химозненький, сладковатый, кисловатый ананас. Вроде на ананас похоже, вроде кислинка есть, но душа к вкусу не лежит, что-то с ним не то. Кто ел ананасовые конфеты, вот если убрать вкус вафли, сливочность и чуть убавить кислинку, то получится вкус этого табака, такой немного химозный.
Добавил кислый бустер, вкус стал получше, но до кислого ананаса от бб далеко. 
Брать можно только если ананас очень нужен, а аналогов нет",Ананас,"<b>
Бренд</b>: Element<b>
Название</b>: Pineapple(Ананас)<b>
Линейка</b>: Вода<b>
Крепость</b>: Средне-лёгкая<b>
Состав</b>: Ананас<b>
Рейтинг</b>: 3<b>
-------------
Отзыв:</b> Химозненький, сладковатый, кисловатый ананас. Вроде на ананас похоже, вроде кислинка есть, но душа к вкусу не лежит, что-то с ним не то. Кто ел ананасовые конфеты, вот если убрать вкус вафли, сливочность и чуть убавить кислинку, то получится вкус этого табака, такой немного химозный.
Добавил кислый бустер, вкус стал получше, но до кислого ананаса от бб далеко. 
Брать можно только если ананас очень нужен, а аналогов нет"
196705,Element,Siberry,Сибирские ягоды,Земля,143,3,Средняя,https://htreviews.org/uploads/objects/3/c080a1273d6c09ac74f0420f85535326.webp,"Не сказать, что это хороший микс получился, ибо не все компоненты чувствуются как хотелось бы, точно можно разобрать бруснику и клюкву, т.к первая даёт понятною горчинку от ягоды, а вторая кислинку, присущую этой ягоде, княженику и морошку я не почувствовал.
А про голубику/чернику я вообще молчу, их здесь и не должно быть, почему всем кажется, что вкус мыльный, если здесь даже и намёка на это нет.
Микс могу порекомендовать только тем, кто хочет закинуть что-то кисло-ягодное и не заморачиваться, для остальных же это будет скорее всего проходняком.
Я же этот вкус точно брать не буду, ничего интересного в нём нет.

P.S. 25-ка от марта 2024
P.S.S. турка Element Relic, отступ, Pandora Classic, НГ 2-ая, 4×25-ых на 5 минут под колпаком, дальше на 4-ёх без колпака, спустя 10 минут пирамидка.","Клюква, Брусника, Морошка, Княженика","<b>
Бренд</b>: Element<b>
Название</b>: Siberry(Сибирские ягоды)<b>
Линейка</b>: Земля<b>
Крепость</b>: Средняя<b>
Состав</b>: Клюква, Брусника, Морошка, Княженика<b>
Рейтинг</b>: 3<b>
-------------
Отзыв:</b> Не сказать, что это хороший микс получился, ибо не все компоненты чувствуются как хотелось бы, точно можно разобрать бруснику и клюкву, т.к первая даёт понятною горчинку от ягоды, а вторая кислинку, присущую этой ягоде, княженику и морошку я не почувствовал.
А про голубику/чернику я вообще молчу, их здесь и не должно быть, почему всем кажется, что вкус мыльный, если здесь даже и намёка на это нет.
Микс могу порекомендовать только тем, кто хочет закинуть что-то кисло-ягодное и не заморачиваться, для остальных же это будет скорее всего проходняком.
Я же этот вкус точно брать не буду, ничего интересного в нём нет.

P.S. 25-ка от марта 2024
P.S.S. турка Element Relic, отступ, Pandora Classic, НГ 2-ая, 4×25-ых на 5 минут под колпаком, дальше на 4-ёх без колпака, спустя 10 минут пирамидка."
99785,Element,Blackberry,Ежевика,Земля,144,3,Крепкая,https://htreviews.org/uploads/objects/0/aea6244fd265534c633979d63b459a9125a9ace7.webp,"Это именно ягодная ежевика 
Не особо яркая 
Если рассматривать ежевику от МХ / Ежевичный лимонад от ББ или ДС, то там химозная ежевика",Ежевика,"<b>
Бренд</b>: Element<b>
Название</b>: Blackberry(Ежевика)<b>
Линейка</b>: Земля<b>
Крепость</b>: Крепкая<b>
Состав</b>: Ежевика<b>
Рейтинг</b>: 3<b>
-------------
Отзыв:</b> Это именно ягодная ежевика 
Не особо яркая 
Если рассматривать ежевику от МХ / Ежевичный лимонад от ББ или ДС, то там химозная ежевика"
108855,Element,Amazingreen,Зеленые ягоды,Воздух,145,"2,9",Лёгкая,https://htreviews.org/uploads/objects/3/e1de32d28c17de12d26db55fe67a68be.webp,"Не зашел, вкуса нет, пустой и терпкий. Ждем когда исправят аромку",Ягоды,"<b>
Бренд</b>: Element<b>
Название</b>: Amazingreen(Зеленые ягоды)<b>
Линейка</b>: Воздух<b>
Крепость</b>: Лёгкая<b>
Состав</b>: Ягоды<b>
Рейтинг</b>: 2,9<b>
-------------
Отзыв:</b> Не зашел, вкуса нет, пустой и терпкий. Ждем когда исправят аромку"
108835,Element,Tamarind,Тамаринд,Воздух,146,"2,9",Лёгкая,https://htreviews.org/uploads/objects/1/a2c524ccbc7f91a9866f857c535f3d8f4530ebf8.webp,"Легкий цитрус,есть кислинка,ничего более не разобрал. Напомнило немного Юдзу от Деуса.",Тамаринд,"<b>
Бренд</b>: Element<b>
Название</b>: Tamarind(Тамаринд)<b>
Линейка</b>: Воздух<b>
Крепость</b>: Лёгкая<b>
Состав</b>: Тамаринд<b>
Рейтинг</b>: 2,9<b>
-------------
Отзыв:</b> Легкий цитрус,есть кислинка,ничего более не разобрал. Напомнило немного Юдзу от Деуса."
197517,Element,Cочный персик,Rich Peach,Земля,147,"2,9",Средняя,https://htreviews.org/uploads/objects/5/e7241590e7a761368a3a912da5e87ddb.webp,"Отличный вкус, создан для миксов. В моем случае это 50/50 с трофимом шри ланка. Отличнейший вышел мягкий персиковый чай.",Персик,"<b>
Бренд</b>: Element<b>
Название</b>: Cочный персик(Rich Peach)<b>
Линейка</b>: Земля<b>
Крепость</b>: Средняя<b>
Состав</b>: Персик<b>
Рейтинг</b>: 2,9<b>
-------------
Отзыв:</b> Отличный вкус, создан для миксов. В моем случае это 50/50 с трофимом шри ланка. Отличнейший вышел мягкий персиковый чай."
95563,Element,Ekzo,Экзо,Вода,148,"2,8",Средне-лёгкая,https://htreviews.org/uploads/objects/3/5ed622c86ade786e87b70d40db5ff351.webp,"Отличный микс, хорошо чувствуется клубник и лимон. На протяжении курения вкус почти не меняется. После 40 минут, понятное дело, сдувается.","Клубника, Лимон, Арбуз","<b>
Бренд</b>: Element<b>
Название</b>: Ekzo(Экзо)<b>
Линейка</b>: Вода<b>
Крепость</b>: Средне-лёгкая<b>
Состав</b>: Клубника, Лимон, Арбуз<b>
Рейтинг</b>: 2,8<b>
-------------
Отзыв:</b> Отличный микс, хорошо чувствуется клубник и лимон. На протяжении курения вкус почти не меняется. После 40 минут, понятное дело, сдувается."
108859,Element,Bellini,Беллини,Воздух,149,"2,8",Средне-лёгкая,https://htreviews.org/uploads/objects/1/2e05a68fae6c7e0d07d521b953971776e59192ea.webp,Где аромка? Все равно что покурил сена. Произведен был в 2023 году,"Мята, Персик, Шампанское","<b>
Бренд</b>: Element<b>
Название</b>: Bellini(Беллини)<b>
Линейка</b>: Воздух<b>
Крепость</b>: Средне-лёгкая<b>
Состав</b>: Мята, Персик, Шампанское<b>
Рейтинг</b>: 2,8<b>
-------------
Отзыв:</b> Где аромка? Все равно что покурил сена. Произведен был в 2023 году"
189171,Element,Ice Berry,Ягодное мороженое,Огонь,150,"2,8",Средняя,https://htreviews.org/uploads/objects/1/2c1fdbce344dc45b5a075e9ab380995af44b159b.webp,Куришь как будто резину или средство для мытья посуды😀 Ужас! После этого хотелось. Бросить курить 😕,"Сливочный, Ягоды, Мороженое","<b>
Бренд</b>: Element<b>
Название</b>: Ice Berry(Ягодное мороженое)<b>
Линейка</b>: Огонь<b>
Крепость</b>: Средняя<b>
Состав</b>: Сливочный, Ягоды, Мороженое<b>
Рейтинг</b>: 2,8<b>
-------------
Отзыв:</b> Куришь как будто резину или средство для мытья посуды😀 Ужас! После этого хотелось. Бросить курить 😕"
87782,Element,Belgian Waffle,Бельгийские Вафли,Земля,151,"2,8",Средняя,https://htreviews.org/uploads/objects/0/d5f0fd41bbc1b0100b00e0632be116012e551588.webp,"нуууу, фиг знает. запах хороший, но при нагреве  вкус теряется, больше не брал",Вафли,"<b>
Бренд</b>: Element<b>
Название</b>: Belgian Waffle(Бельгийские Вафли)<b>
Линейка</b>: Земля<b>
Крепость</b>: Средняя<b>
Состав</b>: Вафли<b>
Рейтинг</b>: 2,8<b>
-------------
Отзыв:</b> нуууу, фиг знает. запах хороший, но при нагреве  вкус теряется, больше не брал"
196708,Element,Maui,Ананас и папайя,Вода,152,"2,8",Средне-лёгкая,https://htreviews.org/uploads/objects/3/f5368ed9bf6a632c5e625482a8502dd3.webp,"Невнятно, не насыщенно. В миксы заходит нормально, в соло не очень. Ананас немного ощущается, но по больше части это фруктовая каша.","Ананас, Папайя","<b>
Бренд</b>: Element<b>
Название</b>: Maui(Ананас и папайя)<b>
Линейка</b>: Вода<b>
Крепость</b>: Средне-лёгкая<b>
Состав</b>: Ананас, Папайя<b>
Рейтинг</b>: 2,8<b>
-------------
Отзыв:</b> Невнятно, не насыщенно. В миксы заходит нормально, в соло не очень. Ананас немного ощущается, но по больше части это фруктовая каша."
196714,Element,Cherry Juice,Вишневый сок,Воздух,153,"2,7",Лёгкая,https://htreviews.org/uploads/objects/3/b6ea17890bf78f686b183fc36198c743.webp,"Удивлен, что такой низкий рейтинг ). Вкусный, сладкий вишневый сок
Понятное дело, что это воздух во всех смыслах , золотая Вирджиния со всеми ее минусами, но в легком сегменте и вишен - то толковых не то, чтоб найти получится ).",Вишня,"<b>
Бренд</b>: Element<b>
Название</b>: Cherry Juice(Вишневый сок)<b>
Линейка</b>: Воздух<b>
Крепость</b>: Лёгкая<b>
Состав</b>: Вишня<b>
Рейтинг</b>: 2,7<b>
-------------
Отзыв:</b> Удивлен, что такой низкий рейтинг ). Вкусный, сладкий вишневый сок
Понятное дело, что это воздух во всех смыслах , золотая Вирджиния со всеми ее минусами, но в легком сегменте и вишен - то толковых не то, чтоб найти получится )."
196710,Element,Wild Jam,Землянично-персиковый джем,Вода,154,"2,7",Средне-лёгкая,https://htreviews.org/uploads/objects/3/081424a551d975c36b082c75ac0243b9.webp,"Никому не рекомендую этот аромат!!! Если кто в детстве поджигал палочки от чупа-чупсов и помнит это запах горящей пластмассы, то это один в один вкус «землянично-персикового джема». Не стал докуривать чашу и выбросил баночку 25гр. Отвратительный вкус. Однозначно самый худший из всех ароматов в кальянной индустрии.","Персик, Земляника","<b>
Бренд</b>: Element<b>
Название</b>: Wild Jam(Землянично-персиковый джем)<b>
Линейка</b>: Вода<b>
Крепость</b>: Средне-лёгкая<b>
Состав</b>: Персик, Земляника<b>
Рейтинг</b>: 2,7<b>
-------------
Отзыв:</b> Никому не рекомендую этот аромат!!! Если кто в детстве поджигал палочки от чупа-чупсов и помнит это запах горящей пластмассы, то это один в один вкус «землянично-персикового джема». Не стал докуривать чашу и выбросил баночку 25гр. Отвратительный вкус. Однозначно самый худший из всех ароматов в кальянной индустрии."
108843,Element,Grape Mint,Мятный виноград,Воздух,155,"2,7",Лёгкая,https://htreviews.org/uploads/objects/3/a65c46699f4c0c17b93fb860ab6f6bd9.webp,Дикий проходняк со слабым и очень химозным вкусом. При миксовании скорее портит весь микс.,"Виноград, Мята","<b>
Бренд</b>: Element<b>
Название</b>: Grape Mint(Мятный виноград)<b>
Линейка</b>: Воздух<b>
Крепость</b>: Лёгкая<b>
Состав</b>: Виноград, Мята<b>
Рейтинг</b>: 2,7<b>
-------------
Отзыв:</b> Дикий проходняк со слабым и очень химозным вкусом. При миксовании скорее портит весь микс."
130292,Element,Cactus Fig,Кактусовый финик,Воздух,156,"2,7",Средне-лёгкая,https://htreviews.org/uploads/objects/1/8a72e6e478cbf15807a8d761a380931f65f26185.webp,"как-то мыльно, еле сладко, вкус неразличим",Кактус,"<b>
Бренд</b>: Element<b>
Название</b>: Cactus Fig(Кактусовый финик)<b>
Линейка</b>: Воздух<b>
Крепость</b>: Средне-лёгкая<b>
Состав</b>: Кактус<b>
Рейтинг</b>: 2,7<b>
-------------
Отзыв:</b> как-то мыльно, еле сладко, вкус неразличим"
196701,Element,Wild Jam,Землянично-персиковый джем,Земля,157,"2,7",Средне-лёгкая,https://htreviews.org/uploads/objects/3/6888e7e64a8ef589408928e1508b0550.webp,"Яркий насыщенный вкус, но какой то неразборчивый, и персика и земляники я там не почувствовал. 
Приятная крепость всей линейки земля, за неё лайк","Персик, Земляника","<b>
Бренд</b>: Element<b>
Название</b>: Wild Jam(Землянично-персиковый джем)<b>
Линейка</b>: Земля<b>
Крепость</b>: Средне-лёгкая<b>
Состав</b>: Персик, Земляника<b>
Рейтинг</b>: 2,7<b>
-------------
Отзыв:</b> Яркий насыщенный вкус, но какой то неразборчивый, и персика и земляники я там не почувствовал. 
Приятная крепость всей линейки земля, за неё лайк"
195326,Element,Choco Loco,Шоко-локо,Воздух,158,"2,7",Лёгкая,https://htreviews.org/uploads/objects/1/1fc36bbe1bbeeecaedac757e419181ad1378861c.webp,"Аромка довольно яркая, держится долго, чувствуется и шоколад и мята. Для любителей «Тяжелых» ароматов типа выпечки. Мне понравилось, но забил бы во 2ой раз это уже вопрос. В целом неплохо!","Мята, Шоколад","<b>
Бренд</b>: Element<b>
Название</b>: Choco Loco(Шоко-локо)<b>
Линейка</b>: Воздух<b>
Крепость</b>: Лёгкая<b>
Состав</b>: Мята, Шоколад<b>
Рейтинг</b>: 2,7<b>
-------------
Отзыв:</b> Аромка довольно яркая, держится долго, чувствуется и шоколад и мята. Для любителей «Тяжелых» ароматов типа выпечки. Мне понравилось, но забил бы во 2ой раз это уже вопрос. В целом неплохо!"
181141,Element,Christmas Wine,Нет данных,Вода,159,"2,6",Средняя,https://htreviews.org/uploads/objects/1/86e0b38e7d796699fe2f77fdab079f3ba5944ab1.webp,"Вина нет, только специи, гвоздика всё перебивает, у МХ всяко вкуснее.",Глинтвейн,"<b>
Бренд</b>: Element<b>
Название</b>: Christmas Wine(Нет данных)<b>
Линейка</b>: Вода<b>
Крепость</b>: Средняя<b>
Состав</b>: Глинтвейн<b>
Рейтинг</b>: 2,6<b>
-------------
Отзыв:</b> Вина нет, только специи, гвоздика всё перебивает, у МХ всяко вкуснее."
99773,Element,Blueberry,Черника,Вода,160,"2,6",Средняя,https://htreviews.org/uploads/objects/0/6199c369af8252a6b14d36dce075b21aebfc020c.webp,"Яркая сладкая дымная черничка, прямо черничный йогурт.
Буду ли я это курить? Ни за что на свете.
Я в целом избегаю как-то черник в кальяне и судя по этой - не зря. Слишком сладко для меня.",Черника,"<b>
Бренд</b>: Element<b>
Название</b>: Blueberry(Черника)<b>
Линейка</b>: Вода<b>
Крепость</b>: Средняя<b>
Состав</b>: Черника<b>
Рейтинг</b>: 2,6<b>
-------------
Отзыв:</b> Яркая сладкая дымная черничка, прямо черничный йогурт.
Буду ли я это курить? Ни за что на свете.
Я в целом избегаю как-то черник в кальяне и судя по этой - не зря. Слишком сладко для меня."
108847,Element,Fruitberry,Фрутберри,Воздух,161,"2,4",Лёгкая,https://htreviews.org/uploads/objects/3/02e4225dd4a646cc766fb4703010cb09.webp,"Почитав название и понюхав слюни потекли).. Это из-за того что давно не курил гранат). 
Забил с минимальным отступом (максимально пушисто) 
Грею под колпаком на 3х25*
Чашка обычная турочка(я в неё влюблён)) 😅
Кальян ДСХ Амбер. 
Одними словами не высказать ту боль и разочарование которое я испытал с первой затяжки... Нет той терпкости которая шла из пачки её как будто ветром унесло... Да согласен мелкие детали граната где-то там отдалённо пробегают, но это было обидно. Так хотел терпкий гранат а тут такое(дурная голова ногам покой не даёт, не посмотрел на отзывы и купил теперь сожалею об этом даже у бб гранат был намного лучше) , остальное лимон и клубнику не почувствовал даже и да тут вкус как будто фрукты протухли... Незнаю. В 24году когда куча разных гранатов этот заслуживает быть одним из худших. Может и кому-то понравиться, извиняюсь конечно но это я бы назвал ""Треш"".","Клубника, Лимон, Гранат","<b>
Бренд</b>: Element<b>
Название</b>: Fruitberry(Фрутберри)<b>
Линейка</b>: Воздух<b>
Крепость</b>: Лёгкая<b>
Состав</b>: Клубника, Лимон, Гранат<b>
Рейтинг</b>: 2,4<b>
-------------
Отзыв:</b> Почитав название и понюхав слюни потекли).. Это из-за того что давно не курил гранат). 
Забил с минимальным отступом (максимально пушисто) 
Грею под колпаком на 3х25*
Чашка обычная турочка(я в неё влюблён)) 😅
Кальян ДСХ Амбер. 
Одними словами не высказать ту боль и разочарование которое я испытал с первой затяжки... Нет той терпкости которая шла из пачки её как будто ветром унесло... Да согласен мелкие детали граната где-то там отдалённо пробегают, но это было обидно. Так хотел терпкий гранат а тут такое(дурная голова ногам покой не даёт, не посмотрел на отзывы и купил теперь сожалею об этом даже у бб гранат был намного лучше) , остальное лимон и клубнику не почувствовал даже и да тут вкус как будто фрукты протухли... Незнаю. В 24году когда куча разных гранатов этот заслуживает быть одним из худших. Может и кому-то понравиться, извиняюсь конечно но это я бы назвал ""Треш""."
196712,Element,Siberry,Сибирские ягоды,Вода,162,"2,4",Средне-лёгкая,https://htreviews.org/uploads/objects/3/7171731631e726415589b25dc00ae346.webp,"Мне не понравилось в виду сильной химозности, кислотности и невыраженного вкуса ягод. Не получилось при курении разобрать что за ягоды, было ощущение разбавленного водой юппи. Надеюсь что производитель исправиться так как у данного бренда есть вкусы которые мне нравятся и в будущем не хотелось бы их потерять","Клюква, Брусника, Морошка, Княженика","<b>
Бренд</b>: Element<b>
Название</b>: Siberry(Сибирские ягоды)<b>
Линейка</b>: Вода<b>
Крепость</b>: Средне-лёгкая<b>
Состав</b>: Клюква, Брусника, Морошка, Княженика<b>
Рейтинг</b>: 2,4<b>
-------------
Отзыв:</b> Мне не понравилось в виду сильной химозности, кислотности и невыраженного вкуса ягод. Не получилось при курении разобрать что за ягоды, было ощущение разбавленного водой юппи. Надеюсь что производитель исправиться так как у данного бренда есть вкусы которые мне нравятся и в будущем не хотелось бы их потерять"
197207,Element,Raspberry Jam,Малиновый джем,Воздух,163,"2,4",Лёгкая,https://htreviews.org/uploads/objects/4/37bd838a791ca95358eb272055e15554.webp,Опять безвкусная банка и запах химии,Малина,"<b>
Бренд</b>: Element<b>
Название</b>: Raspberry Jam(Малиновый джем)<b>
Линейка</b>: Воздух<b>
Крепость</b>: Лёгкая<b>
Состав</b>: Малина<b>
Рейтинг</b>: 2,4<b>
-------------
Отзыв:</b> Опять безвкусная банка и запах химии"
99768,Element,Lemongrass,Лемонграсс,Вода,164,"2,4",Средняя,https://htreviews.org/uploads/objects/0/5e21e1932792a2f3a88817eb97b0072f70c74eec.webp,"I did not like that flavor neither solo nor in mixes. It smells and tastes like grass. Flavor required much heat to warm up, not so cloudy and sessions did not last long. I would not recommend that flavor.",Лемонграсс,"<b>
Бренд</b>: Element<b>
Название</b>: Lemongrass(Лемонграсс)<b>
Линейка</b>: Вода<b>
Крепость</b>: Средняя<b>
Состав</b>: Лемонграсс<b>
Рейтинг</b>: 2,4<b>
-------------
Отзыв:</b> I did not like that flavor neither solo nor in mixes. It smells and tastes like grass. Flavor required much heat to warm up, not so cloudy and sessions did not last long. I would not recommend that flavor."
189178,Element,Guava,Гуава,Огонь,165,"2,3",Средне-крепкая,https://htreviews.org/uploads/objects/1/6dded52e81c6f449f54ff5c891148ee584244647.webp,"Крепость хорошая, но вот со вкусом полнейшая беда, курить в соло не приятно.",Гуава,"<b>
Бренд</b>: Element<b>
Название</b>: Guava(Гуава)<b>
Линейка</b>: Огонь<b>
Крепость</b>: Средне-крепкая<b>
Состав</b>: Гуава<b>
Рейтинг</b>: 2,3<b>
-------------
Отзыв:</b> Крепость хорошая, но вот со вкусом полнейшая беда, курить в соло не приятно."
195344,Element,Salty Caramel,Соленая карамель,Вода,166,"2,2",Средне-лёгкая,https://htreviews.org/uploads/objects/1/4aa97d912fa9fe85509f00843112bb1c86ac42c1.webp,"А мне понравилось, вкусная карамель, советую",Карамель,"<b>
Бренд</b>: Element<b>
Название</b>: Salty Caramel(Соленая карамель)<b>
Линейка</b>: Вода<b>
Крепость</b>: Средне-лёгкая<b>
Состав</b>: Карамель<b>
Рейтинг</b>: 2,2<b>
-------------
Отзыв:</b> А мне понравилось, вкусная карамель, советую"
189181,Element,Cranberries,Клюква,Огонь,167,"2,2",Средне-крепкая,https://htreviews.org/uploads/objects/1/01f9331c6f8ee1676c7edec008498fc5ad707a47.webp,"Спорный, очень спорный вкус. Вроде что-то в нем есть, но в то же время не можешь отделаться от чувства, что напихал струганого мыла в чашку. Крепость для любителей сигарного листа, для казуалов вроде меня идет тяжко. Остатки закинул в микс, чисто ради крепости 10-15% с яркой аромкой, перебивающей мыло, получилось вполне ничего так.",Клюква,"<b>
Бренд</b>: Element<b>
Название</b>: Cranberries(Клюква)<b>
Линейка</b>: Огонь<b>
Крепость</b>: Средне-крепкая<b>
Состав</b>: Клюква<b>
Рейтинг</b>: 2,2<b>
-------------
Отзыв:</b> Спорный, очень спорный вкус. Вроде что-то в нем есть, но в то же время не можешь отделаться от чувства, что напихал струганого мыла в чашку. Крепость для любителей сигарного листа, для казуалов вроде меня идет тяжко. Остатки закинул в микс, чисто ради крепости 10-15% с яркой аромкой, перебивающей мыло, получилось вполне ничего так."
196717,Element,Berry Chups,Ягодный чупа-чупс,Воздух,168,"2,1",Лёгкая,https://htreviews.org/uploads/objects/3/1d2d40489428e12ea74089d17f90650b.webp,"Почти без вкуса, просто химозина","Клубника, Барбарис, Вишня, Малина, Леденцы","<b>
Бренд</b>: Element<b>
Название</b>: Berry Chups(Ягодный чупа-чупс)<b>
Линейка</b>: Воздух<b>
Крепость</b>: Лёгкая<b>
Состав</b>: Клубника, Барбарис, Вишня, Малина, Леденцы<b>
Рейтинг</b>: 2,1<b>
-------------
Отзыв:</b> Почти без вкуса, просто химозина"
87787,Element,Kalamansi,Каламанси,Земля,169,2,Средне-крепкая,https://htreviews.org/uploads/objects/0/c459e992eeca018a40afcc11ab73362147d5e534.webp,"средний цитрусовый микс, даже и добавить нечего","Лайм, Лимон, Кумкват","<b>
Бренд</b>: Element<b>
Название</b>: Kalamansi(Каламанси)<b>
Линейка</b>: Земля<b>
Крепость</b>: Средне-крепкая<b>
Состав</b>: Лайм, Лимон, Кумкват<b>
Рейтинг</b>: 2<b>
-------------
Отзыв:</b> средний цитрусовый микс, даже и добавить нечего"
189183,Element,Maui,Мауи,Огонь,170,1,Средняя,https://htreviews.org/uploads/objects/1/2435a9a126825ad1821322179b7aa19d17a7a80a.webp,"ТХ и еще раз ТХ, как будто удар по горлу был целью производителя. Не рекомендую курить в Земле, может в Воздухе норм.","Ананас, Папайя","<b>
Бренд</b>: Element<b>
Название</b>: Maui(Мауи)<b>
Линейка</b>: Огонь<b>
Крепость</b>: Средняя<b>
Состав</b>: Ананас, Папайя<b>
Рейтинг</b>: 1<b>
-------------
Отзыв:</b> ТХ и еще раз ТХ, как будто удар по горлу был целью производителя. Не рекомендую курить в Земле, может в Воздухе норм."
87797,Element,Thyme and Bergamot,Чабрец и Бергамот,Земля,171,Нет данных,Нет данных,https://htreviews.org/uploads/objects/0/e61ea92794494c5c37825377da611a64ce7511cc.webp,Нет данных,"Бергамот, Чабрец","<b>
Бренд</b>: Element<b>
Название</b>: Thyme and Bergamot(Чабрец и Бергамот)<b>
Линейка</b>: Земля<b>
Крепость</b>: Нет данных<b>
Состав</b>: Бергамот, Чабрец<b>
Рейтинг</b>: Нет данных<b>
-------------
Отзыв:</b> Нет данных"
87795,Element,Nuts Mix,Ореховый микс,Земля,172,Нет данных,Нет данных,https://htreviews.org/uploads/objects/0/a78715c46b81642136077dceef320749c61f38df.webp,Нет данных,Орех,"<b>
Бренд</b>: Element<b>
Название</b>: Nuts Mix(Ореховый микс)<b>
Линейка</b>: Земля<b>
Крепость</b>: Нет данных<b>
Состав</b>: Орех<b>
Рейтинг</b>: Нет данных<b>
-------------
Отзыв:</b> Нет данных"
87793,Element,Moroz,Мороз,Земля,173,Нет данных,Нет данных,https://htreviews.org/uploads/objects/0/72b04d0e6cee8a912dd8a138b9f34f2c5bf84be6.webp,Нет данных,Мята,"<b>
Бренд</b>: Element<b>
Название</b>: Moroz(Мороз)<b>
Линейка</b>: Земля<b>
Крепость</b>: Нет данных<b>
Состав</b>: Мята<b>
Рейтинг</b>: Нет данных<b>
-------------
Отзыв:</b> Нет данных"
87789,Element,Lemon,Лимон,Земля,174,Нет данных,Нет данных,https://htreviews.org/uploads/objects/0/30b62ad19b885009b1a55f84b6d97f5eff10dfdc.webp,Нет данных,Лимон,"<b>
Бренд</b>: Element<b>
Название</b>: Lemon(Лимон)<b>
Линейка</b>: Земля<b>
Крепость</b>: Нет данных<b>
Состав</b>: Лимон<b>
Рейтинг</b>: Нет данных<b>
-------------
Отзыв:</b> Нет данных"
87784,Element,Guava,Гуава,Земля,175,Нет данных,Нет данных,https://htreviews.org/uploads/objects/0/af4ac39a0043ca2e5d52ae50ff0ab2c5a94ba6c6.webp,Нет данных,Гуава,"<b>
Бренд</b>: Element<b>
Название</b>: Guava(Гуава)<b>
Линейка</b>: Земля<b>
Крепость</b>: Нет данных<b>
Состав</b>: Гуава<b>
Рейтинг</b>: Нет данных<b>
-------------
Отзыв:</b> Нет данных"
190397,MUSTHAVE,Earl Grey,Эрл Грей,Основная,1,"4,6",Средняя,https://htreviews.org/uploads/objects/4/186ee5de567a5661ce5b50d578388c18.webp,"Классический черный чай с нотами бергамота, один из универсальных вкусов маста, как в соло покур, так и в миксах этот вкус прекрасен, любителям бергамонстра понравится","Бергамот, Черный чай","<b>
Бренд</b>: MUSTHAVE<b>
Название</b>: Earl Grey(Эрл Грей)<b>
Линейка</b>: Основная<b>
Крепость</b>: Средняя<b>
Состав</b>: Бергамот, Черный чай<b>
Рейтинг</b>: 4,6<b>
-------------
Отзыв:</b> Классический черный чай с нотами бергамота, один из универсальных вкусов маста, как в соло покур, так и в миксах этот вкус прекрасен, любителям бергамонстра понравится"
92424,MUSTHAVE,Morocco,Морокко,Основная,2,"4,3",Средняя,https://htreviews.org/uploads/objects/4/1abf407301f9b7c6ba70fe55e38fa03d.webp,"Приятный цитрусово-пряный профиль. Чайной составляющей мало, а хотелось бы больше. В целом в соло хорошо, но хочется «бустануть» чай.","Цитрус, Специи, Чай","<b>
Бренд</b>: MUSTHAVE<b>
Название</b>: Morocco(Морокко)<b>
Линейка</b>: Основная<b>
Крепость</b>: Средняя<b>
Состав</b>: Цитрус, Специи, Чай<b>
Рейтинг</b>: 4,3<b>
-------------
Отзыв:</b> Приятный цитрусово-пряный профиль. Чайной составляющей мало, а хотелось бы больше. В целом в соло хорошо, но хочется «бустануть» чай."
196331,MUSTHAVE,Alova,Алова,Основная,3,"4,3",Средняя,https://htreviews.org/uploads/objects/4/364797cfe593920669b1824009112ce8.webp,"Вкус получился очень сбалансированным. В меру сладко, в меру кисленько, в меру травянисто. Идеальный баланс. Не переаромлено, вкус умеренный. Такой, что позволяет распознать все заявленные ингредиенты. Похож на напиток, в котором плавают натуральные кусочки алоэ. Пожалуй, самый любимый аромат МH. Жаль, что приелся уже после 4 баночки. Перестал ощущать, так понравившийся, баланс во вкусе.","Гуава, Алоэ","<b>
Бренд</b>: MUSTHAVE<b>
Название</b>: Alova(Алова)<b>
Линейка</b>: Основная<b>
Крепость</b>: Средняя<b>
Состав</b>: Гуава, Алоэ<b>
Рейтинг</b>: 4,3<b>
-------------
Отзыв:</b> Вкус получился очень сбалансированным. В меру сладко, в меру кисленько, в меру травянисто. Идеальный баланс. Не переаромлено, вкус умеренный. Такой, что позволяет распознать все заявленные ингредиенты. Похож на напиток, в котором плавают натуральные кусочки алоэ. Пожалуй, самый любимый аромат МH. Жаль, что приелся уже после 4 баночки. Перестал ощущать, так понравившийся, баланс во вкусе."
195963,MUSTHAVE,Strawberry,Клубника,Основная,4,"4,3",Средне-лёгкая,https://htreviews.org/uploads/objects/4/26d02b1892982e045efca5880a3f81fe.webp,"Самая лучшее исполнение клубники из всех возможных. В отличии клубник от других производителей, эта ложится практически со всеми миксами идеально. Приятная, не приторно сладкая аромка очень хорошо дополняет чашу. Максимально предсказуемая. Также, приятно для прокура в соло.",Клубника,"<b>
Бренд</b>: MUSTHAVE<b>
Название</b>: Strawberry(Клубника)<b>
Линейка</b>: Основная<b>
Крепость</b>: Средне-лёгкая<b>
Состав</b>: Клубника<b>
Рейтинг</b>: 4,3<b>
-------------
Отзыв:</b> Самая лучшее исполнение клубники из всех возможных. В отличии клубник от других производителей, эта ложится практически со всеми миксами идеально. Приятная, не приторно сладкая аромка очень хорошо дополняет чашу. Максимально предсказуемая. Также, приятно для прокура в соло."
81580,MUSTHAVE,Peppermint,Перечная мята,Основная,5,"4,3",Средняя,https://htreviews.org/uploads/objects/4/2ab6d594b7cf9f26b60e6952cfcafb6f.webp,"В соло сложно было. Ожидал жвачку о которой писали, получил прям мяту, но с тем самым мягким жвачный привкусом. В миксы как мята, которая действительно мята - хорошо",Мята,"<b>
Бренд</b>: MUSTHAVE<b>
Название</b>: Peppermint(Перечная мята)<b>
Линейка</b>: Основная<b>
Крепость</b>: Средняя<b>
Состав</b>: Мята<b>
Рейтинг</b>: 4,3<b>
-------------
Отзыв:</b> В соло сложно было. Ожидал жвачку о которой писали, получил прям мяту, но с тем самым мягким жвачный привкусом. В миксы как мята, которая действительно мята - хорошо"
83814,MUSTHAVE,Lemon-Lime,Лимон-лайм,Основная,6,"4,2",Средняя,https://htreviews.org/uploads/objects/4/914e5ceef456d47f501afa5b38f94e31.webp,"Сладенько и слегка цедрово. Как основа для ""спрайта"" и других напиточных миксов лучше не придумаешь.","Лайм, Лимон","<b>
Бренд</b>: MUSTHAVE<b>
Название</b>: Lemon-Lime(Лимон-лайм)<b>
Линейка</b>: Основная<b>
Крепость</b>: Средняя<b>
Состав</b>: Лайм, Лимон<b>
Рейтинг</b>: 4,2<b>
-------------
Отзыв:</b> Сладенько и слегка цедрово. Как основа для ""спрайта"" и других напиточных миксов лучше не придумаешь."
81881,MUSTHAVE,Barberry Candy,Барбарисовый леденец,Основная,7,"4,2",Средняя,https://htreviews.org/uploads/objects/4/868a5d0da04e311a9743cf2f893e48a1.webp,"Один из любимых вкусов мастхэва, сладкие барбарисовые конфеты с небольшой кислинкой, стабильно вкусно как в соло, так и в миксах. Вкус довольно насыщенный, держится куда дольше, чем барбарис от Северного.",Барбарис,"<b>
Бренд</b>: MUSTHAVE<b>
Название</b>: Barberry Candy(Барбарисовый леденец)<b>
Линейка</b>: Основная<b>
Крепость</b>: Средняя<b>
Состав</b>: Барбарис<b>
Рейтинг</b>: 4,2<b>
-------------
Отзыв:</b> Один из любимых вкусов мастхэва, сладкие барбарисовые конфеты с небольшой кислинкой, стабильно вкусно как в соло, так и в миксах. Вкус довольно насыщенный, держится куда дольше, чем барбарис от Северного."
81951,MUSTHAVE,Grapefruit,Грейпфрут,Основная,8,"4,2",Средняя,https://htreviews.org/uploads/objects/4/a3e75da58ea6c900ed536ae0f0e79d70.webp,"Самый вкусный и натуральный грейпфрут. Никакой другой мне в работе не нужен,тут вопрос принципиален.
Миксовать его можно вообще с чем угодно,и это будет огненный микс.
Самые любимые - с лесными ягодами,всякими-разными тропическими фруктами. Вот в чае грейпфрут мне не сильно заходит,но это скорее вопрос личных предпочтений.",Грейпфрут,"<b>
Бренд</b>: MUSTHAVE<b>
Название</b>: Grapefruit(Грейпфрут)<b>
Линейка</b>: Основная<b>
Крепость</b>: Средняя<b>
Состав</b>: Грейпфрут<b>
Рейтинг</b>: 4,2<b>
-------------
Отзыв:</b> Самый вкусный и натуральный грейпфрут. Никакой другой мне в работе не нужен,тут вопрос принципиален.
Миксовать его можно вообще с чем угодно,и это будет огненный микс.
Самые любимые - с лесными ягодами,всякими-разными тропическими фруктами. Вот в чае грейпфрут мне не сильно заходит,но это скорее вопрос личных предпочтений."
196647,MUSTHAVE,Prosecco,Просекко,Основная,9,"4,2",Средняя,https://htreviews.org/uploads/objects/4/2e1d6b6e2ecae6aa8b75f7b41aea038f.webp,"Что-то кислое с нотками алкоголя не первой свежести, прокуривал в соло. Шампанского здесь не почувствовал, аромка неяркая🍾.",Шампанское,"<b>
Бренд</b>: MUSTHAVE<b>
Название</b>: Prosecco(Просекко)<b>
Линейка</b>: Основная<b>
Крепость</b>: Средняя<b>
Состав</b>: Шампанское<b>
Рейтинг</b>: 4,2<b>
-------------
Отзыв:</b> Что-то кислое с нотками алкоголя не первой свежести, прокуривал в соло. Шампанского здесь не почувствовал, аромка неяркая🍾."
78769,MUSTHAVE,Ice Mint,Ледяная мята,Основная,10,"4,2",Средняя,https://htreviews.org/uploads/objects/4/7eef793706a4beb9ff19deb402315c46.webp,Сладкая мята с холодком и неприятным привкусом кондитерского ментола,"Мята, Холодок","<b>
Бренд</b>: MUSTHAVE<b>
Название</b>: Ice Mint(Ледяная мята)<b>
Линейка</b>: Основная<b>
Крепость</b>: Средняя<b>
Состав</b>: Мята, Холодок<b>
Рейтинг</b>: 4,2<b>
-------------
Отзыв:</b> Сладкая мята с холодком и неприятным привкусом кондитерского ментола"
197154,MUSTHAVE,Guanapapa,Гуанапапа,Основная,11,"4,2",Средне-лёгкая,https://htreviews.org/uploads/objects/4/ae524298e99ca9470013f12a26de8ef2.webp,"Сливочно - сладкая мешанина, что заявлено то и вдыхаешь. Интересно и не стандартно.","Папайя, Гуанабана","<b>
Бренд</b>: MUSTHAVE<b>
Название</b>: Guanapapa(Гуанапапа)<b>
Линейка</b>: Основная<b>
Крепость</b>: Средне-лёгкая<b>
Состав</b>: Папайя, Гуанабана<b>
Рейтинг</b>: 4,2<b>
-------------
Отзыв:</b> Сливочно - сладкая мешанина, что заявлено то и вдыхаешь. Интересно и не стандартно."
197851,MUSTHAVE,Yolka,Елка,Основная,12,"4,2",Средне-лёгкая,https://htreviews.org/uploads/objects/5/30cddaac2788d2d623c9e71470e90682.webp,"Вроде неплохая ёлка, но для меня она непримечательная и обычная. Не поняла, почему так. Может не хватило аромата или нотки запоминающейся.",Хвойный,"<b>
Бренд</b>: MUSTHAVE<b>
Название</b>: Yolka(Елка)<b>
Линейка</b>: Основная<b>
Крепость</b>: Средне-лёгкая<b>
Состав</b>: Хвойный<b>
Рейтинг</b>: 4,2<b>
-------------
Отзыв:</b> Вроде неплохая ёлка, но для меня она непримечательная и обычная. Не поняла, почему так. Может не хватило аромата или нотки запоминающейся."
78761,MUSTHAVE,Pineapple Rings,Ананасовые кольца,Основная,13,"4,1",Средняя,https://htreviews.org/uploads/objects/4/0dfed11b5a73a7da3624995834856a9b.webp,"Вообще не яркий ананас. Хотя колечки консервированного ананаса, по идее, должны быть слаще, чем «живой» фрукт! Этого и ожидал от аромата. А, тут…. чувствуется какое то подобие ананаса, будто тот самый ликер из банки щедро разбавляешь водой. Может, как ниже писали, не повезло с партией… Хотя она была свежей, 2024 года выпуска. Курил на турке, грел на 3 25-х углях минут 7-8. В миксах терялся совсем.",Ананас,"<b>
Бренд</b>: MUSTHAVE<b>
Название</b>: Pineapple Rings(Ананасовые кольца)<b>
Линейка</b>: Основная<b>
Крепость</b>: Средняя<b>
Состав</b>: Ананас<b>
Рейтинг</b>: 4,1<b>
-------------
Отзыв:</b> Вообще не яркий ананас. Хотя колечки консервированного ананаса, по идее, должны быть слаще, чем «живой» фрукт! Этого и ожидал от аромата. А, тут…. чувствуется какое то подобие ананаса, будто тот самый ликер из банки щедро разбавляешь водой. Может, как ниже писали, не повезло с партией… Хотя она была свежей, 2024 года выпуска. Курил на турке, грел на 3 25-х углях минут 7-8. В миксах терялся совсем."
181889,MUSTHAVE,Maple Pecan,Пекан в кленовом сиропе,Основная,14,"4,1",Средняя,https://htreviews.org/uploads/objects/4/cfc09d248ad3068c8f6cd78d3a9dc441.webp,"На запах ярче чем на вкус. Вроде всё чувствуется и даже можно отдельно понять и тесто и пекан, но хотелось бы поярче. Пробовал добавлять чуть-чуть фундука от Кракена, процентов 5-10, и он просто забрал на себя весь вкус","Орех, Кленовый, Пирог","<b>
Бренд</b>: MUSTHAVE<b>
Название</b>: Maple Pecan(Пекан в кленовом сиропе)<b>
Линейка</b>: Основная<b>
Крепость</b>: Средняя<b>
Состав</b>: Орех, Кленовый, Пирог<b>
Рейтинг</b>: 4,1<b>
-------------
Отзыв:</b> На запах ярче чем на вкус. Вроде всё чувствуется и даже можно отдельно понять и тесто и пекан, но хотелось бы поярче. Пробовал добавлять чуть-чуть фундука от Кракена, процентов 5-10, и он просто забрал на себя весь вкус"
82893,MUSTHAVE,Cinnamon,Корица,Основная,15,"4,1",Средне-лёгкая,https://htreviews.org/uploads/objects/4/e65a05cd5d0ce57ac7f417de12b9ac61.webp,"жадничать не будем. В соло курить не стоит, а так достойный вкус корицы, в миксах с десертами и ягодами отлично дополняет",Корица,"<b>
Бренд</b>: MUSTHAVE<b>
Название</b>: Cinnamon(Корица)<b>
Линейка</b>: Основная<b>
Крепость</b>: Средне-лёгкая<b>
Состав</b>: Корица<b>
Рейтинг</b>: 4,1<b>
-------------
Отзыв:</b> жадничать не будем. В соло курить не стоит, а так достойный вкус корицы, в миксах с десертами и ягодами отлично дополняет"
78771,MUSTHAVE,Pinkman,Пинкман,Основная,16,4,Средняя,https://htreviews.org/uploads/objects/4/b133e3487762c04d388117ccec3b996b.webp,"Согласен, последний раз в соло, еле смогли докурить, новичкам зайдёт, главное его не перекурить","Клубника, Малина, Грейпфрут","<b>
Бренд</b>: MUSTHAVE<b>
Название</b>: Pinkman(Пинкман)<b>
Линейка</b>: Основная<b>
Крепость</b>: Средняя<b>
Состав</b>: Клубника, Малина, Грейпфрут<b>
Рейтинг</b>: 4<b>
-------------
Отзыв:</b> Согласен, последний раз в соло, еле смогли докурить, новичкам зайдёт, главное его не перекурить"
83816,MUSTHAVE,Orange Team,Апельсин и мандарин,Основная,17,4,Средняя,https://htreviews.org/uploads/objects/4/ed116cc2a0dfcf44c9c11fb435f9a0a9.webp,"Не любитель химозных ароматов мастхева, но вот это одно из лучших исполнений апельсина, сочный и сладкий. А переаром можно обратить себе в пользу, так как эта штука в миксе точно не потеряется.","Апельсин, Мандарин","<b>
Бренд</b>: MUSTHAVE<b>
Название</b>: Orange Team(Апельсин и мандарин)<b>
Линейка</b>: Основная<b>
Крепость</b>: Средняя<b>
Состав</b>: Апельсин, Мандарин<b>
Рейтинг</b>: 4<b>
-------------
Отзыв:</b> Не любитель химозных ароматов мастхева, но вот это одно из лучших исполнений апельсина, сочный и сладкий. А переаром можно обратить себе в пользу, так как эта штука в миксе точно не потеряется."
98391,MUSTHAVE,Milky Rice,Молочный рис,Основная,18,4,Средне-лёгкая,https://htreviews.org/uploads/objects/4/097d4fad318bbe68d7bbd52490e1ba99.webp,"Хорошая база для десерток, очень сладкая молочная рисовая каша. Как-то хотел сделать на её базе что-то типа манго стики райс, но получилось слишком приторно даже с добавлением мороза. А вот если разбавлять какими-нибудь кислыми ягодками, то очень даже курибельно. Однозначно можно рекомендовать любителям десертных миксов","Сливочный, Молоко, Рис","<b>
Бренд</b>: MUSTHAVE<b>
Название</b>: Milky Rice(Молочный рис)<b>
Линейка</b>: Основная<b>
Крепость</b>: Средне-лёгкая<b>
Состав</b>: Сливочный, Молоко, Рис<b>
Рейтинг</b>: 4<b>
-------------
Отзыв:</b> Хорошая база для десерток, очень сладкая молочная рисовая каша. Как-то хотел сделать на её базе что-то типа манго стики райс, но получилось слишком приторно даже с добавлением мороза. А вот если разбавлять какими-нибудь кислыми ягодками, то очень даже курибельно. Однозначно можно рекомендовать любителям десертных миксов"
172200,MUSTHAVE,Araram,Арарам,Основная,19,4,Средняя,https://htreviews.org/uploads/objects/4/da3335e71fb7d63742bb66209151acdb.webp,"Вот это годно. Однозначно.
На первом плане чернослив,далее идет арбуз. А вот винограда,как бы не прокуривал,не почувствовал. 
В миксы по сути мало куда можно применить,как мне показалось. 
Можно попробовать пихнуть в микс с рисовой кашей,с себеровским молоком. 
Касаемо ягод - тут точно нет. 
Десертки - сомнительно,но право на жизнь имеет. Пирог какой нибудь замутить можно точно.","Виноград, Арбуз, Чернослив","<b>
Бренд</b>: MUSTHAVE<b>
Название</b>: Araram(Арарам)<b>
Линейка</b>: Основная<b>
Крепость</b>: Средняя<b>
Состав</b>: Виноград, Арбуз, Чернослив<b>
Рейтинг</b>: 4<b>
-------------
Отзыв:</b> Вот это годно. Однозначно.
На первом плане чернослив,далее идет арбуз. А вот винограда,как бы не прокуривал,не почувствовал. 
В миксы по сути мало куда можно применить,как мне показалось. 
Можно попробовать пихнуть в микс с рисовой кашей,с себеровским молоком. 
Касаемо ягод - тут точно нет. 
Десертки - сомнительно,но право на жизнь имеет. Пирог какой нибудь замутить можно точно."
153240,MUSTHAVE,Ice Cream,Мороженое,Основная,20,4,Средне-лёгкая,https://htreviews.org/uploads/objects/4/cab4326f4f6a5482df1d1a9fb866b443.webp,"Так довольно приятный сливочный вкус с нотками вафель. Собрал в первый раз с орехом, ореховое мороженое что-то интересно, пошёл дальше я вот не с кактусом а с кокосом собрал балдëж... А да ещё пошёл дальше думаю дай несколько мороженых  из Славицы  попробую:  Дело было так 😅айскрим с клубникой бельгийскими вафлями и малиной зашла мне на ура, после белгийские вафли с киви и айскрим и чутка шоколада на самое дно* с холодом ""не мята"" и тут тоже мне понравился микс(фишку у магната чекнул на донышке шоколад такой половина где-то моего мизинчика может чуть больше ещё мне с дыней понравился дыня йогурт от наша взял тут)
Коротко говоря для миксов хорошо зашëл мне лично. Но тут ещё зависит от вашей фантазии.. 
А да чуть не забыл грел 3х25 курил пирамидкой чтобы табак чувствовал себя комфортно. Чашка турочка обычная, каллауд обычный китаец. Кальян На Грани-1.  Если хотите ещё больше эффекта рекомендую с холодной трубкой.",Мороженое,"<b>
Бренд</b>: MUSTHAVE<b>
Название</b>: Ice Cream(Мороженое)<b>
Линейка</b>: Основная<b>
Крепость</b>: Средне-лёгкая<b>
Состав</b>: Мороженое<b>
Рейтинг</b>: 4<b>
-------------
Отзыв:</b> Так довольно приятный сливочный вкус с нотками вафель. Собрал в первый раз с орехом, ореховое мороженое что-то интересно, пошёл дальше я вот не с кактусом а с кокосом собрал балдëж... А да ещё пошёл дальше думаю дай несколько мороженых  из Славицы  попробую:  Дело было так 😅айскрим с клубникой бельгийскими вафлями и малиной зашла мне на ура, после белгийские вафли с киви и айскрим и чутка шоколада на самое дно* с холодом ""не мята"" и тут тоже мне понравился микс(фишку у магната чекнул на донышке шоколад такой половина где-то моего мизинчика может чуть больше ещё мне с дыней понравился дыня йогурт от наша взял тут)
Коротко говоря для миксов хорошо зашëл мне лично. Но тут ещё зависит от вашей фантазии.. 
А да чуть не забыл грел 3х25 курил пирамидкой чтобы табак чувствовал себя комфортно. Чашка турочка обычная, каллауд обычный китаец. Кальян На Грани-1.  Если хотите ещё больше эффекта рекомендую с холодной трубкой."
91723,MUSTHAVE,Cookie,Печенье,Основная,21,4,Средняя,https://htreviews.org/uploads/objects/4/fe471469ff333fac1f13d1e09db47645.webp,"В соло прикол не оценил.
Это больше какао,чем печеньки.
Ну или печеньки такие,как слегка подгорели. 
Ни хорошо ни плохо 🥹","Шоколад, Печенье","<b>
Бренд</b>: MUSTHAVE<b>
Название</b>: Cookie(Печенье)<b>
Линейка</b>: Основная<b>
Крепость</b>: Средняя<b>
Состав</b>: Шоколад, Печенье<b>
Рейтинг</b>: 4<b>
-------------
Отзыв:</b> В соло прикол не оценил.
Это больше какао,чем печеньки.
Ну или печеньки такие,как слегка подгорели. 
Ни хорошо ни плохо 🥹"
83225,MUSTHAVE,Strawberry-Lychee,Клубника-личи,Основная,22,4,Средне-лёгкая,https://htreviews.org/uploads/objects/4/030830d83a6ce28f7791e6a19a7c368b.webp,"Очень хороший инструмент, для соло покуров тоже неплох, яркий, но без излишней цветочности","Личи, Земляника","<b>
Бренд</b>: MUSTHAVE<b>
Название</b>: Strawberry-Lychee(Клубника-личи)<b>
Линейка</b>: Основная<b>
Крепость</b>: Средне-лёгкая<b>
Состав</b>: Личи, Земляника<b>
Рейтинг</b>: 4<b>
-------------
Отзыв:</b> Очень хороший инструмент, для соло покуров тоже неплох, яркий, но без излишней цветочности"
153242,MUSTHAVE,Cucunade,Огуречный лимонад,Основная,23,4,Средняя,https://htreviews.org/uploads/objects/4/9a7ec76aaca0b5306d0886b2ebb1cd05.webp,"Когда надоели эти заезженные фрукты-ягоды-цитрусы..
самое оно. 
Показался крайне универсальной вещью. Если добавлять его не сильно много в микс (15-20%),можно миксу придать оттенок лимонада.
Да и как база для миксов тоже огонь. 
Касательно вкуса.. в соло это и скучно,и нет. Вкус интересный сам по себе в соляке,но в то же время он так и просится в микс с какой нибудь дыней или арбузом.","Мята, Лимон, Газировка, Огурец","<b>
Бренд</b>: MUSTHAVE<b>
Название</b>: Cucunade(Огуречный лимонад)<b>
Линейка</b>: Основная<b>
Крепость</b>: Средняя<b>
Состав</b>: Мята, Лимон, Газировка, Огурец<b>
Рейтинг</b>: 4<b>
-------------
Отзыв:</b> Когда надоели эти заезженные фрукты-ягоды-цитрусы..
самое оно. 
Показался крайне универсальной вещью. Если добавлять его не сильно много в микс (15-20%),можно миксу придать оттенок лимонада.
Да и как база для миксов тоже огонь. 
Касательно вкуса.. в соло это и скучно,и нет. Вкус интересный сам по себе в соляке,но в то же время он так и просится в микс с какой нибудь дыней или арбузом."
172196,MUSTHAVE,Watermelon,Арбуз,Основная,24,4,Средне-лёгкая,https://htreviews.org/uploads/objects/4/2bf4364b70ca833f3d64f4c838128a7a.webp,Мягко водянистый арбуз . Курится очень легко и приятно,Арбуз,"<b>
Бренд</b>: MUSTHAVE<b>
Название</b>: Watermelon(Арбуз)<b>
Линейка</b>: Основная<b>
Крепость</b>: Средне-лёгкая<b>
Состав</b>: Арбуз<b>
Рейтинг</b>: 4<b>
-------------
Отзыв:</b> Мягко водянистый арбуз . Курится очень легко и приятно"
78767,MUSTHAVE,Choco-Mint,Шокоминт,Основная,25,4,Средняя,https://htreviews.org/uploads/objects/4/a474657938384ef0adf4df05e5d21664.webp,Ну... Это плохо. Химический шоколад с мятой и холодом.,"Мята, Шоколад","<b>
Бренд</b>: MUSTHAVE<b>
Название</b>: Choco-Mint(Шокоминт)<b>
Линейка</b>: Основная<b>
Крепость</b>: Средняя<b>
Состав</b>: Мята, Шоколад<b>
Рейтинг</b>: 4<b>
-------------
Отзыв:</b> Ну... Это плохо. Химический шоколад с мятой и холодом."
165207,MUSTHAVE,Caribbean Rum,Карибский ром,Основная,26,4,Средняя,https://htreviews.org/uploads/objects/4/f58b1c201f2a6804ce7cbaf3677ebfaa.webp,"Вообще ни туда,ни сюда.
У спектрума ром больше похож на ром.
Алкогольности у этого вкуса минимум,при этом чувствуется то ли десертка,то ли шоколадка по вкусу. 
В целом,это хорошо мешается с колой. С другими напитками не пробовал в деле,но думаю смешается норм.",Ром,"<b>
Бренд</b>: MUSTHAVE<b>
Название</b>: Caribbean Rum(Карибский ром)<b>
Линейка</b>: Основная<b>
Крепость</b>: Средняя<b>
Состав</b>: Ром<b>
Рейтинг</b>: 4<b>
-------------
Отзыв:</b> Вообще ни туда,ни сюда.
У спектрума ром больше похож на ром.
Алкогольности у этого вкуса минимум,при этом чувствуется то ли десертка,то ли шоколадка по вкусу. 
В целом,это хорошо мешается с колой. С другими напитками не пробовал в деле,но думаю смешается норм."
136026,MUSTHAVE,Honey Holls,Медовый холлс,Основная,27,4,Средне-лёгкая,https://htreviews.org/uploads/objects/4/2bb0da56cdf45fe7b6b68541792a2325.webp,"Хорошее попадание в цветочный мед.
Сам аромат представляет собой, как не странно мед, хоть и чутка химозный, с добавлением холодка.
В соло курить будет немного скучновато и очень сладко, а вот в микс залетит на «Ура». Так что вкус мне понравился и я бы посоветовал его взять, если нравится очень насыщенный аромат меда.","Холодок, Мёд","<b>
Бренд</b>: MUSTHAVE<b>
Название</b>: Honey Holls(Медовый холлс)<b>
Линейка</b>: Основная<b>
Крепость</b>: Средне-лёгкая<b>
Состав</b>: Холодок, Мёд<b>
Рейтинг</b>: 4<b>
-------------
Отзыв:</b> Хорошее попадание в цветочный мед.
Сам аромат представляет собой, как не странно мед, хоть и чутка химозный, с добавлением холодка.
В соло курить будет немного скучновато и очень сладко, а вот в микс залетит на «Ура». Так что вкус мне понравился и я бы посоветовал его взять, если нравится очень насыщенный аромат меда."
197850,MUSTHAVE,Lemon Tonic,Лимонный тоник,Основная,28,4,Средне-лёгкая,https://htreviews.org/uploads/objects/5/ea56c75c414d1c237d7bb1692b9c8f2b.webp,taste a tart sour lemon note with a subtle tonic flavor have mixed it with a little tangiers cane with and musthave earl grey was very good.,"Лимон, Тоник","<b>
Бренд</b>: MUSTHAVE<b>
Название</b>: Lemon Tonic(Лимонный тоник)<b>
Линейка</b>: Основная<b>
Крепость</b>: Средне-лёгкая<b>
Состав</b>: Лимон, Тоник<b>
Рейтинг</b>: 4<b>
-------------
Отзыв:</b> taste a tart sour lemon note with a subtle tonic flavor have mixed it with a little tangiers cane with and musthave earl grey was very good."
197213,MUSTHAVE,Garnet Grape,Нет данных,Основная,29,4,Средняя,https://htreviews.org/uploads/objects/4/96379ebf23b930f310f5ec7478d1b1d9.webp,"Как то приторно , горький гранат доминирует в смеси. Мне лично возвращаться к нему не хочется , хотя скорее вкусовщина , почитал - кому то зашло , а мне нет. Мне кажется для гастрономии пойдет","Виноград, Гранат","<b>
Бренд</b>: MUSTHAVE<b>
Название</b>: Garnet Grape(Нет данных)<b>
Линейка</b>: Основная<b>
Крепость</b>: Средняя<b>
Состав</b>: Виноград, Гранат<b>
Рейтинг</b>: 4<b>
-------------
Отзыв:</b> Как то приторно , горький гранат доминирует в смеси. Мне лично возвращаться к нему не хочется , хотя скорее вкусовщина , почитал - кому то зашло , а мне нет. Мне кажется для гастрономии пойдет"
176256,MUSTHAVE,Burley Base,Берли Бейз,Основная,30,4,Средне-лёгкая,https://htreviews.org/uploads/objects/4/16811ad35c54be1f4b046e7e8d4b2d4b.webp,"Интересная и единственная безарома Must.
Берли лист сдобренный черносливом и древесно-ореховыми нотами 
Итого сладковато-табачное сочетание, которое действительно ощущается при покуре в соло
При продолжительном курении, сладость уходит на второй план - появляется некая табачная кислинка и удвоенная терпкость табачного аромата 

дикий микс: 100% Burley Base (Must.)

P.s приятно-сладковатый берли, определенно стоит попробовать :)",Табачный,"<b>
Бренд</b>: MUSTHAVE<b>
Название</b>: Burley Base(Берли Бейз)<b>
Линейка</b>: Основная<b>
Крепость</b>: Средне-лёгкая<b>
Состав</b>: Табачный<b>
Рейтинг</b>: 4<b>
-------------
Отзыв:</b> Интересная и единственная безарома Must.
Берли лист сдобренный черносливом и древесно-ореховыми нотами 
Итого сладковато-табачное сочетание, которое действительно ощущается при покуре в соло
При продолжительном курении, сладость уходит на второй план - появляется некая табачная кислинка и удвоенная терпкость табачного аромата 

дикий микс: 100% Burley Base (Must.)

P.s приятно-сладковатый берли, определенно стоит попробовать :)"
197212,MUSTHAVE,Passion Plum,Маракуйя и слива,Основная,31,4,Средне-лёгкая,https://htreviews.org/uploads/objects/4/cae4d41a1b5c266fae02730f6abc8188.webp,"Без эффекта вау  - это курибельно. Есть и маракуя (в уме можно додумать кислинку от неё), и сладость сливы, всё сливается в необычный микс. Не особый любитель сливы, но маракую я уважаю, она тут нормальная, звёзд с неба, конечно, не хватает, но для рядового курильщика самое оно. Опять же - добавить чуть больше яркости и микс заиграет новыми красками.","Слива, Маракуйя","<b>
Бренд</b>: MUSTHAVE<b>
Название</b>: Passion Plum(Маракуйя и слива)<b>
Линейка</b>: Основная<b>
Крепость</b>: Средне-лёгкая<b>
Состав</b>: Слива, Маракуйя<b>
Рейтинг</b>: 4<b>
-------------
Отзыв:</b> Без эффекта вау  - это курибельно. Есть и маракуя (в уме можно додумать кислинку от неё), и сладость сливы, всё сливается в необычный микс. Не особый любитель сливы, но маракую я уважаю, она тут нормальная, звёзд с неба, конечно, не хватает, но для рядового курильщика самое оно. Опять же - добавить чуть больше яркости и микс заиграет новыми красками."
196853,MUSTHAVE,Cinnamon Roll,Булочка с корицей,Основная,32,4,Средняя,https://htreviews.org/uploads/objects/4/f2113197aac91e5e61990a83842a443c.webp,"Похоже на покупную булочку с корицей, а не домашнюю. Чувствуется выпечка, ванилин, корица. Отлично для любителей подобных вкусов и для знакомства с выпечками!","Корица, Булочка","<b>
Бренд</b>: MUSTHAVE<b>
Название</b>: Cinnamon Roll(Булочка с корицей)<b>
Линейка</b>: Основная<b>
Крепость</b>: Средняя<b>
Состав</b>: Корица, Булочка<b>
Рейтинг</b>: 4<b>
-------------
Отзыв:</b> Похоже на покупную булочку с корицей, а не домашнюю. Чувствуется выпечка, ванилин, корица. Отлично для любителей подобных вкусов и для знакомства с выпечками!"
196648,MUSTHAVE,Elderberry,Бузина,Основная,33,4,Средне-лёгкая,https://htreviews.org/uploads/objects/4/80312957908071f72daf63715518b903.webp,"Очень интересное исполнение бузины. Для меня это абсолютно цветочный вкус без ягоды, но с приятной, насыщенной, стабильной и долгоиграющей аромкой.",Бузина,"<b>
Бренд</b>: MUSTHAVE<b>
Название</b>: Elderberry(Бузина)<b>
Линейка</b>: Основная<b>
Крепость</b>: Средне-лёгкая<b>
Состав</b>: Бузина<b>
Рейтинг</b>: 4<b>
-------------
Отзыв:</b> Очень интересное исполнение бузины. Для меня это абсолютно цветочный вкус без ягоды, но с приятной, насыщенной, стабильной и долгоиграющей аромкой."
89854,MUSTHAVE,Melonade,Мелонад,Основная,34,"3,9",Средне-лёгкая,https://htreviews.org/uploads/objects/4/6de8cc10d9f4039673c12ffac40ce35a.webp,"Топ, но такая же история, как с пинкманом, когда ты его перекурил, уже так не заходит","Дыня, Барбарис, Газировка, Арбуз","<b>
Бренд</b>: MUSTHAVE<b>
Название</b>: Melonade(Мелонад)<b>
Линейка</b>: Основная<b>
Крепость</b>: Средне-лёгкая<b>
Состав</b>: Дыня, Барбарис, Газировка, Арбуз<b>
Рейтинг</b>: 3,9<b>
-------------
Отзыв:</b> Топ, но такая же история, как с пинкманом, когда ты его перекурил, уже так не заходит"
100541,MUSTHAVE,Berry Holls,Ягодные леденцы,Основная,35,"3,9",Средняя,https://htreviews.org/uploads/objects/4/d6609c7408d772f58aaa5154d425c4a8.webp,"Стоит понимать, что данный вкус в первую очередь - холлс, а во вторую - ягодный, чтобы не разочароваться в нём. У меня больших надежд на вкус не было, попробовал первый раз в гостях и подсел на вкус. Очень свежий, сладковатый, и, самое интересное - лекарственный вкус. Ягоды в нём очень тусклые, находятся где-то на втором плане, но это никак не вредит вкусу. Очень подходит для летних вечеров. Миксовал его со всеми фруктами и ягодами, которые были под рукой - виноград, гранат, дыня, арбуз, клубника, малина, и всегда получилось довольно вкусно, вкус играл новыми красками в каждом отдельном миксе. Разочарованием стало то, что недавно взяв баночку данного вкуса, он мне уже не зашёл, видимо перекурил его,
Рекомендую всем попробовать миксовать, экспериментировать, возможно, тогда данный вкус зайдёт получше","Ягоды, Холодок","<b>
Бренд</b>: MUSTHAVE<b>
Название</b>: Berry Holls(Ягодные леденцы)<b>
Линейка</b>: Основная<b>
Крепость</b>: Средняя<b>
Состав</b>: Ягоды, Холодок<b>
Рейтинг</b>: 3,9<b>
-------------
Отзыв:</b> Стоит понимать, что данный вкус в первую очередь - холлс, а во вторую - ягодный, чтобы не разочароваться в нём. У меня больших надежд на вкус не было, попробовал первый раз в гостях и подсел на вкус. Очень свежий, сладковатый, и, самое интересное - лекарственный вкус. Ягоды в нём очень тусклые, находятся где-то на втором плане, но это никак не вредит вкусу. Очень подходит для летних вечеров. Миксовал его со всеми фруктами и ягодами, которые были под рукой - виноград, гранат, дыня, арбуз, клубника, малина, и всегда получилось довольно вкусно, вкус играл новыми красками в каждом отдельном миксе. Разочарованием стало то, что недавно взяв баночку данного вкуса, он мне уже не зашёл, видимо перекурил его,
Рекомендую всем попробовать миксовать, экспериментировать, возможно, тогда данный вкус зайдёт получше"
90146,MUSTHAVE,Bananamama,Бананамама,Основная,36,"3,9",Средне-лёгкая,https://htreviews.org/uploads/objects/4/048ab59beb5553e938db17c59900d756.webp,"Средне , не на постоянку - как добавка",Банан,"<b>
Бренд</b>: MUSTHAVE<b>
Название</b>: Bananamama(Бананамама)<b>
Линейка</b>: Основная<b>
Крепость</b>: Средне-лёгкая<b>
Состав</b>: Банан<b>
Рейтинг</b>: 3,9<b>
-------------
Отзыв:</b> Средне , не на постоянку - как добавка"
100149,MUSTHAVE,Coconut Shake,Кокосовый шейк,Основная,37,"3,9",Средне-лёгкая,https://htreviews.org/uploads/objects/4/c83842a75e3e9cd2bd0d5c841feae33b.webp,"Вкус кокосового молока, подойдет как замена молока если хочется чего то эдакого","Кокос, Сливочный, Молоко","<b>
Бренд</b>: MUSTHAVE<b>
Название</b>: Coconut Shake(Кокосовый шейк)<b>
Линейка</b>: Основная<b>
Крепость</b>: Средне-лёгкая<b>
Состав</b>: Кокос, Сливочный, Молоко<b>
Рейтинг</b>: 3,9<b>
-------------
Отзыв:</b> Вкус кокосового молока, подойдет как замена молока если хочется чего то эдакого"
78747,MUSTHAVE,Marula,Марула,Основная,38,"3,9",Средне-лёгкая,https://htreviews.org/uploads/objects/4/998c884bb798f9946b7b0f6715da104d.webp,"Выбирал это аромат специально для миксов, чтобы получить оттенки чего-то нежного, легкого и чуть сливочного, отталкиваясь от описания вкуса на сайтe MX. 
Миксы у меня не получились. А, марула, как мне показалось, имеет цветочную нотку, тропический характер и молочный оттенок. Вкус не яркий, приглушенный. Сожалений, что попробовал нет никаких. Один раз точно стоит, хотя бы потому, что похожих на марулу ароматов, возможно, и нет…",Марула,"<b>
Бренд</b>: MUSTHAVE<b>
Название</b>: Marula(Марула)<b>
Линейка</b>: Основная<b>
Крепость</b>: Средне-лёгкая<b>
Состав</b>: Марула<b>
Рейтинг</b>: 3,9<b>
-------------
Отзыв:</b> Выбирал это аромат специально для миксов, чтобы получить оттенки чего-то нежного, легкого и чуть сливочного, отталкиваясь от описания вкуса на сайтe MX. 
Миксы у меня не получились. А, марула, как мне показалось, имеет цветочную нотку, тропический характер и молочный оттенок. Вкус не яркий, приглушенный. Сожалений, что попробовал нет никаких. Один раз точно стоит, хотя бы потому, что похожих на марулу ароматов, возможно, и нет…"
146003,MUSTHAVE,Paradise,Рай,Основная,39,"3,9",Средне-лёгкая,https://htreviews.org/uploads/objects/4/9538975320e18cf49b7d4e9047240379.webp,"Сперва почувствовал карамель с бананом далее догоняет легкий аромат кокоса. Прикольно, сладко, нежно и сливочно. Банан не химозит и очень приятно передается, это большой плюс.","Кокос, Карамель, Банан","<b>
Бренд</b>: MUSTHAVE<b>
Название</b>: Paradise(Рай)<b>
Линейка</b>: Основная<b>
Крепость</b>: Средне-лёгкая<b>
Состав</b>: Кокос, Карамель, Банан<b>
Рейтинг</b>: 3,9<b>
-------------
Отзыв:</b> Сперва почувствовал карамель с бананом далее догоняет легкий аромат кокоса. Прикольно, сладко, нежно и сливочно. Банан не химозит и очень приятно передается, это большой плюс."
78763,MUSTHAVE,Mulled Wine,Глинтвейн,Основная,40,"3,9",Средняя,https://htreviews.org/uploads/objects/4/96e1bc4bf94e9ed8b21e352e350906d9.webp,"Хорошая текстура глинтвейна,но есть в этом аромате мыльца которая не совсем приятная",Глинтвейн,"<b>
Бренд</b>: MUSTHAVE<b>
Название</b>: Mulled Wine(Глинтвейн)<b>
Линейка</b>: Основная<b>
Крепость</b>: Средняя<b>
Состав</b>: Глинтвейн<b>
Рейтинг</b>: 3,9<b>
-------------
Отзыв:</b> Хорошая текстура глинтвейна,но есть в этом аромате мыльца которая не совсем приятная"
196332,MUSTHAVE,Milk Oolong,Молочный улун,Основная,41,"3,9",Средняя,https://htreviews.org/uploads/objects/4/35a71aa6d9b0344119790ea98a128fd6.webp,"В общем понравилось. Такой зелёный чай с молоком в соотношении 40/60 + сахар.

Соло курить можно, но сложно. Чувствуется горечь и терпкость

Лучше добавлять ~30/40% в миксы 
Соло больше забивать не буду, но для миксов возьму маленькую баночку",Зеленый чай,"<b>
Бренд</b>: MUSTHAVE<b>
Название</b>: Milk Oolong(Молочный улун)<b>
Линейка</b>: Основная<b>
Крепость</b>: Средняя<b>
Состав</b>: Зеленый чай<b>
Рейтинг</b>: 3,9<b>
-------------
Отзыв:</b> В общем понравилось. Такой зелёный чай с молоком в соотношении 40/60 + сахар.

Соло курить можно, но сложно. Чувствуется горечь и терпкость

Лучше добавлять ~30/40% в миксы 
Соло больше забивать не буду, но для миксов возьму маленькую баночку"
196852,MUSTHAVE,Cacao,Какао и маршмеллоу,Основная,42,"3,9",Средняя,https://htreviews.org/uploads/objects/4/a0427199737a23d9fbb7b4f9af388565.webp,"Как по мне,проходнячок.
Больше похоже на черный кекс без начинки. 
Либо похоже на самый дешевый какао,приправленный молоком. 
Заявленного вкуса маршмеллоу… а его нет. 
В отступ это курилось более менее. А вот в касание.. отвратительно. 
На разочек можно,чисто с целью поржать.","Какао, Зефир","<b>
Бренд</b>: MUSTHAVE<b>
Название</b>: Cacao(Какао и маршмеллоу)<b>
Линейка</b>: Основная<b>
Крепость</b>: Средняя<b>
Состав</b>: Какао, Зефир<b>
Рейтинг</b>: 3,9<b>
-------------
Отзыв:</b> Как по мне,проходнячок.
Больше похоже на черный кекс без начинки. 
Либо похоже на самый дешевый какао,приправленный молоком. 
Заявленного вкуса маршмеллоу… а его нет. 
В отступ это курилось более менее. А вот в касание.. отвратительно. 
На разочек можно,чисто с целью поржать."
196333,MUSTHAVE,Berry Mors,Ягодный морс,Основная,43,"3,9",Средне-лёгкая,https://htreviews.org/uploads/objects/4/5f685fe8afe6061274bf5dd1def20fa7.webp,"Кисло- ягодное сочетание с преобладанием вишни, похоже на морс, но что-то ему не хватает.",Ягоды,"<b>
Бренд</b>: MUSTHAVE<b>
Название</b>: Berry Mors(Ягодный морс)<b>
Линейка</b>: Основная<b>
Крепость</b>: Средне-лёгкая<b>
Состав</b>: Ягоды<b>
Рейтинг</b>: 3,9<b>
-------------
Отзыв:</b> Кисло- ягодное сочетание с преобладанием вишни, похоже на морс, но что-то ему не хватает."
141710,MUSTHAVE,Rocketman,Ракета,Основная,44,"3,8",Средне-лёгкая,https://htreviews.org/uploads/objects/4/4459b15f648f44a1e8ca373af125e708.webp,Пинк ман с киви смузи.,"Клубника, Киви, Газировка, Грейпфрут","<b>
Бренд</b>: MUSTHAVE<b>
Название</b>: Rocketman(Ракета)<b>
Линейка</b>: Основная<b>
Крепость</b>: Средне-лёгкая<b>
Состав</b>: Клубника, Киви, Газировка, Грейпфрут<b>
Рейтинг</b>: 3,8<b>
-------------
Отзыв:</b> Пинк ман с киви смузи."
83812,MUSTHAVE,Space Flavour,Космический вкус,Основная,45,"3,8",Средняя,https://htreviews.org/uploads/objects/4/5617055ed7c526d07cd49de31e9c5c8a.webp,"По сути это Леди Киллер на больших максималках. В начале холодка многовато, он слегка разражает своей агрессией. Но затем вкус становится очень приятным, все заявленные компоненты чувствуются. Очень хороший готовый микс.","Манго, Маракуйя, Личи, Роза","<b>
Бренд</b>: MUSTHAVE<b>
Название</b>: Space Flavour(Космический вкус)<b>
Линейка</b>: Основная<b>
Крепость</b>: Средняя<b>
Состав</b>: Манго, Маракуйя, Личи, Роза<b>
Рейтинг</b>: 3,8<b>
-------------
Отзыв:</b> По сути это Леди Киллер на больших максималках. В начале холодка многовато, он слегка разражает своей агрессией. Но затем вкус становится очень приятным, все заявленные компоненты чувствуются. Очень хороший готовый микс."
97342,MUSTHAVE,Tropic Juice,Тропический сок,Основная,46,"3,8",Средняя,https://htreviews.org/uploads/objects/4/d3d15c13218486e134a86b3dc6be3946.webp,"Сладкая тропическая мешанина, ничем не запомнившаяся.","Ананас, Маракуйя","<b>
Бренд</b>: MUSTHAVE<b>
Название</b>: Tropic Juice(Тропический сок)<b>
Линейка</b>: Основная<b>
Крепость</b>: Средняя<b>
Состав</b>: Ананас, Маракуйя<b>
Рейтинг</b>: 3,8<b>
-------------
Отзыв:</b> Сладкая тропическая мешанина, ничем не запомнившаяся."
78749,MUSTHAVE,Mango Sling,Манго слинг,Основная,47,"3,8",Средне-лёгкая,https://htreviews.org/uploads/objects/4/175777d94fb9725aa3fa5905b2386545.webp,Спелое манго с добавлением каких-то приправ и холодка. Мне вкус не зашёл от слова совсем.,Манго,"<b>
Бренд</b>: MUSTHAVE<b>
Название</b>: Mango Sling(Манго слинг)<b>
Линейка</b>: Основная<b>
Крепость</b>: Средне-лёгкая<b>
Состав</b>: Манго<b>
Рейтинг</b>: 3,8<b>
-------------
Отзыв:</b> Спелое манго с добавлением каких-то приправ и холодка. Мне вкус не зашёл от слова совсем."
78757,MUSTHAVE,Raspberry,Малина,Основная,48,"3,8",Средне-лёгкая,https://htreviews.org/uploads/objects/4/09a8562ac5f3be918cc516164dcd3750.webp,"Аромат из банки это супер точное попадание в малиновое варенье. Вкус у сожалению не такой яркий, но очень приятный. Натурально получилось и за это респект компании.",Малина,"<b>
Бренд</b>: MUSTHAVE<b>
Название</b>: Raspberry(Малина)<b>
Линейка</b>: Основная<b>
Крепость</b>: Средне-лёгкая<b>
Состав</b>: Малина<b>
Рейтинг</b>: 3,8<b>
-------------
Отзыв:</b> Аромат из банки это супер точное попадание в малиновое варенье. Вкус у сожалению не такой яркий, но очень приятный. Натурально получилось и за это респект компании."
100162,MUSTHAVE,Frosty,Морозный,Основная,49,"3,8",Средне-лёгкая,https://htreviews.org/uploads/objects/4/dab755d56d1be8ee3c2906161f89d683.webp,"a fingertip is enough for the coolness if you mix in too much it is absurdly cool, I tend to use cane mint for the freshness because there is still a sweet sugar cane flavor to it.",Холодок,"<b>
Бренд</b>: MUSTHAVE<b>
Название</b>: Frosty(Морозный)<b>
Линейка</b>: Основная<b>
Крепость</b>: Средне-лёгкая<b>
Состав</b>: Холодок<b>
Рейтинг</b>: 3,8<b>
-------------
Отзыв:</b> a fingertip is enough for the coolness if you mix in too much it is absurdly cool, I tend to use cane mint for the freshness because there is still a sweet sugar cane flavor to it."
100143,MUSTHAVE,Estragon,Эстрагон,Основная,50,"3,8",Средне-лёгкая,https://htreviews.org/uploads/objects/4/cd00e84526b819a3ba3275f5bc9acbc1.webp,"Дикая, скошенная, немного сладкая трава)",Тархун,"<b>
Бренд</b>: MUSTHAVE<b>
Название</b>: Estragon(Эстрагон)<b>
Линейка</b>: Основная<b>
Крепость</b>: Средне-лёгкая<b>
Состав</b>: Тархун<b>
Рейтинг</b>: 3,8<b>
-------------
Отзыв:</b> Дикая, скошенная, немного сладкая трава)"
130497,MUSTHAVE,Lemon Pie,Лимонный пирог,Основная,51,"3,8",Средне-лёгкая,https://htreviews.org/uploads/objects/4/6afa19950d49ac285916e6969def1104.webp,"А вот здесь я почувствовал лимонный пирог! Но аромки катастрофически не хватает данному вкусу. Это приятно курить, нужно докручивать насыщенность 🍋","Лимон, Пирог","<b>
Бренд</b>: MUSTHAVE<b>
Название</b>: Lemon Pie(Лимонный пирог)<b>
Линейка</b>: Основная<b>
Крепость</b>: Средне-лёгкая<b>
Состав</b>: Лимон, Пирог<b>
Рейтинг</b>: 3,8<b>
-------------
Отзыв:</b> А вот здесь я почувствовал лимонный пирог! Но аромки катастрофически не хватает данному вкусу. Это приятно курить, нужно докручивать насыщенность 🍋"
78759,MUSTHAVE,Black Currant,Черная смородина,Основная,52,"3,8",Средняя,https://htreviews.org/uploads/objects/4/f21711ffed17cc49c63d84a3211d73f4.webp,"Неплохая смородина, но не понятно, варенье это или ягода из-за отсутствия яркости. Вкус умеренный, сладковатый. В миксах дает глубины аромату, не лезет на первый план. В соло курить, наверное, поинтересней будет.",Черная смородина,"<b>
Бренд</b>: MUSTHAVE<b>
Название</b>: Black Currant(Черная смородина)<b>
Линейка</b>: Основная<b>
Крепость</b>: Средняя<b>
Состав</b>: Черная смородина<b>
Рейтинг</b>: 3,8<b>
-------------
Отзыв:</b> Неплохая смородина, но не понятно, варенье это или ягода из-за отсутствия яркости. Вкус умеренный, сладковатый. В миксах дает глубины аромату, не лезет на первый план. В соло курить, наверное, поинтересней будет."
88810,MUSTHAVE,Masala Tea,Чай масала,Основная,53,"3,8",Средняя,https://htreviews.org/uploads/objects/4/c5d530d1bd59ca3f15dfa28938ad5ab2.webp,"Приятный, мягкий вкус специй, чай не ощущается.... Где-то там в куркуме видать потерялся. В остальном приятный, средний по крепости и долго держится на чашке. Мне хорошо заходит в миксе с кислыми вкусами.","Специи, Чай","<b>
Бренд</b>: MUSTHAVE<b>
Название</b>: Masala Tea(Чай масала)<b>
Линейка</b>: Основная<b>
Крепость</b>: Средняя<b>
Состав</b>: Специи, Чай<b>
Рейтинг</b>: 3,8<b>
-------------
Отзыв:</b> Приятный, мягкий вкус специй, чай не ощущается.... Где-то там в куркуме видать потерялся. В остальном приятный, средний по крепости и долго держится на чашке. Мне хорошо заходит в миксе с кислыми вкусами."
195234,MUSTHAVE,Pearl Pool,Жемчужный бассейн,Основная,54,"3,8",Средняя,https://htreviews.org/uploads/objects/4/8811c2788ee7493a3fa5cf8788966b90.webp,"Даже не хочу это комментировать, ужас...","Фрукты, Десерт","<b>
Бренд</b>: MUSTHAVE<b>
Название</b>: Pearl Pool(Жемчужный бассейн)<b>
Линейка</b>: Основная<b>
Крепость</b>: Средняя<b>
Состав</b>: Фрукты, Десерт<b>
Рейтинг</b>: 3,8<b>
-------------
Отзыв:</b> Даже не хочу это комментировать, ужас..."
91726,MUSTHAVE,Cranberry,Клюква,Основная,55,"3,8",Средне-лёгкая,https://htreviews.org/uploads/objects/4/045cb2cca7f3c331e2951f351abd97d2.webp,"Кислая ягода, попадание есть.",Клюква,"<b>
Бренд</b>: MUSTHAVE<b>
Название</b>: Cranberry(Клюква)<b>
Линейка</b>: Основная<b>
Крепость</b>: Средне-лёгкая<b>
Состав</b>: Клюква<b>
Рейтинг</b>: 3,8<b>
-------------
Отзыв:</b> Кислая ягода, попадание есть."
90137,MUSTHAVE,Pistachio Cake,Фисташковый пирог,Основная,56,"3,8",Средне-лёгкая,https://htreviews.org/uploads/objects/4/14a1275528b161afe236dcf8015c367e.webp,"Хотел с кайфом покурить фисташковый пирожок) забивка в легкое касание, чаша хулиган прямоточка, калауд сковородка миша, 3 угля... В итоге что хочется сказать... Фисташка конечно чувствовалась, но где обещанный пирожок я не понял) очень много холода, как-будто куришь морожено , а не пирог, сказать что это было неожиданно ничего не сказать) в общем и целом, если хочите покурить неплохого фисташкового мороженого то вам сюда)) Всех обнял","Малина, Фисташки, Пирог","<b>
Бренд</b>: MUSTHAVE<b>
Название</b>: Pistachio Cake(Фисташковый пирог)<b>
Линейка</b>: Основная<b>
Крепость</b>: Средне-лёгкая<b>
Состав</b>: Малина, Фисташки, Пирог<b>
Рейтинг</b>: 3,8<b>
-------------
Отзыв:</b> Хотел с кайфом покурить фисташковый пирожок) забивка в легкое касание, чаша хулиган прямоточка, калауд сковородка миша, 3 угля... В итоге что хочется сказать... Фисташка конечно чувствовалась, но где обещанный пирожок я не понял) очень много холода, как-будто куришь морожено , а не пирог, сказать что это было неожиданно ничего не сказать) в общем и целом, если хочите покурить неплохого фисташкового мороженого то вам сюда)) Всех обнял"
182725,MUSTHAVE,Charlotte Pie,Яблочная Шарлотка,Основная,57,"3,8",Средняя,https://htreviews.org/uploads/objects/4/e6ee7ab449b8a07e18a6c83b19525aa4.webp,"Корица, суховатое тесто и сладкие яблоки. Отличный получился десерт и достаточно точное попадание во вкус.","Яблоко, Пирог","<b>
Бренд</b>: MUSTHAVE<b>
Название</b>: Charlotte Pie(Яблочная Шарлотка)<b>
Линейка</b>: Основная<b>
Крепость</b>: Средняя<b>
Состав</b>: Яблоко, Пирог<b>
Рейтинг</b>: 3,8<b>
-------------
Отзыв:</b> Корица, суховатое тесто и сладкие яблоки. Отличный получился десерт и достаточно точное попадание во вкус."
195964,MUSTHAVE,Jumango,Джуманго,Основная,58,"3,8",Средняя,https://htreviews.org/uploads/objects/4/b9a3e58acef40b4c11c023469eebcbd0.webp,"Вкусно, но ожидал большего. В основе чувствуется мед и где-то на фоне немного манго, малины вообще не заметил. Можно просто докинуть к нему и того и другого и будет вкуснее явно.","Манго, Малина, Мёд","<b>
Бренд</b>: MUSTHAVE<b>
Название</b>: Jumango(Джуманго)<b>
Линейка</b>: Основная<b>
Крепость</b>: Средняя<b>
Состав</b>: Манго, Малина, Мёд<b>
Рейтинг</b>: 3,8<b>
-------------
Отзыв:</b> Вкусно, но ожидал большего. В основе чувствуется мед и где-то на фоне немного манго, малины вообще не заметил. Можно просто докинуть к нему и того и другого и будет вкуснее явно."
197849,MUSTHAVE,Cherry Juice,Вишневый сок,Основная,59,"3,8",Средне-лёгкая,https://htreviews.org/uploads/objects/5/777e3c149e80de10184b167c150d4dcd.webp,"Эх, ну не хватает насыщенности и яркости. Вкусная кислая вишня, но она водянистая, как будто сок разбавили. Косточки нет. Брать только если хочется какой-то гиперяркой аромки. В миксы точно не пойдет, ее там съедят.",Вишня,"<b>
Бренд</b>: MUSTHAVE<b>
Название</b>: Cherry Juice(Вишневый сок)<b>
Линейка</b>: Основная<b>
Крепость</b>: Средне-лёгкая<b>
Состав</b>: Вишня<b>
Рейтинг</b>: 3,8<b>
-------------
Отзыв:</b> Эх, ну не хватает насыщенности и яркости. Вкусная кислая вишня, но она водянистая, как будто сок разбавили. Косточки нет. Брать только если хочется какой-то гиперяркой аромки. В миксы точно не пойдет, ее там съедят."
84390,MUSTHAVE,Kiwi Smoothie,Киви смузи,Основная,60,"3,7",Средняя,https://htreviews.org/uploads/objects/4/2517be547f85bcb15bf7bf4f397e8009.webp,"Знаю много поклонников данного вкуса, но как говорится... на вкус и цвет. Кисленькое сочетание яблока и киви, попадание в смузи засчитано. Однако, я восторга не испытал, мне чего-то не хватает и второй раз брать точно не буду.","Мята, Киви, Яблоко","<b>
Бренд</b>: MUSTHAVE<b>
Название</b>: Kiwi Smoothie(Киви смузи)<b>
Линейка</b>: Основная<b>
Крепость</b>: Средняя<b>
Состав</b>: Мята, Киви, Яблоко<b>
Рейтинг</b>: 3,7<b>
-------------
Отзыв:</b> Знаю много поклонников данного вкуса, но как говорится... на вкус и цвет. Кисленькое сочетание яблока и киви, попадание в смузи засчитано. Однако, я восторга не испытал, мне чего-то не хватает и второй раз брать точно не буду."
111118,MUSTHAVE,Sea Buckthorn Tea,Облепиховый чай,Основная,61,"3,7",Средняя,https://htreviews.org/uploads/objects/4/b7da69f630e3b28f927c40fd8e446873.webp,"Какая то ерунда, нет тут облепихового чая, только имбирь плюс какие то специи чайные. Хотел поставить 2 бала","Имбирь, Грейпфрут, Облепиха","<b>
Бренд</b>: MUSTHAVE<b>
Название</b>: Sea Buckthorn Tea(Облепиховый чай)<b>
Линейка</b>: Основная<b>
Крепость</b>: Средняя<b>
Состав</b>: Имбирь, Грейпфрут, Облепиха<b>
Рейтинг</b>: 3,7<b>
-------------
Отзыв:</b> Какая то ерунда, нет тут облепихового чая, только имбирь плюс какие то специи чайные. Хотел поставить 2 бала"
93777,MUSTHAVE,Mad Pear,Сумасшедшая груша,Основная,62,"3,7",Средне-лёгкая,https://htreviews.org/uploads/objects/4/d083b670a87b9fff8ab914a0bd9df8a1.webp,"Дюшесная- напиточная история, не зацепил",Груша,"<b>
Бренд</b>: MUSTHAVE<b>
Название</b>: Mad Pear(Сумасшедшая груша)<b>
Линейка</b>: Основная<b>
Крепость</b>: Средне-лёгкая<b>
Состав</b>: Груша<b>
Рейтинг</b>: 3,7<b>
-------------
Отзыв:</b> Дюшесная- напиточная история, не зацепил"
111116,MUSTHAVE,Baikal,Байкал,Основная,63,"3,7",Средняя,https://htreviews.org/uploads/objects/4/2402fc4e43e95010fdc713469cff62b4.webp,"На напиток Байкал совсем не похож. Немного хвои чувствуется и сладкого сиропчика, но не Байкал.",Байкал,"<b>
Бренд</b>: MUSTHAVE<b>
Название</b>: Baikal(Байкал)<b>
Линейка</b>: Основная<b>
Крепость</b>: Средняя<b>
Состав</b>: Байкал<b>
Рейтинг</b>: 3,7<b>
-------------
Отзыв:</b> На напиток Байкал совсем не похож. Немного хвои чувствуется и сладкого сиропчика, но не Байкал."
145360,MUSTHAVE,Fizzy Dizzy,Физи-Дизи,Основная,64,"3,7",Средне-лёгкая,https://htreviews.org/uploads/objects/4/b31fdbcccfcd36f286abc6cd1d1e15c9.webp,"Барбарисовый сидр, приторно","Барбарис, Шампанское","<b>
Бренд</b>: MUSTHAVE<b>
Название</b>: Fizzy Dizzy(Физи-Дизи)<b>
Линейка</b>: Основная<b>
Крепость</b>: Средне-лёгкая<b>
Состав</b>: Барбарис, Шампанское<b>
Рейтинг</b>: 3,7<b>
-------------
Отзыв:</b> Барбарисовый сидр, приторно"
184332,MUSTHAVE,Citrus Spritz,Цитрусовый коктейль с просеко,Основная,65,"3,7",Средне-лёгкая,https://htreviews.org/uploads/objects/4/e5a90064c1d0a0ccbf6cadc7e37cd230.webp,"Спорный вкус. 
По названию, очевидное направление в Апероль. Но, как Апероль недокрутили. 
По вкусу, это Физзи Диззи, в который вместо барбариса добавили горьковатый апельсин. 
Будто бы, есть более удачные аналоги. 
Не самый удачный Апероль джин овера, даже интереснее.","Цитрус, Апельсин, Шампанское","<b>
Бренд</b>: MUSTHAVE<b>
Название</b>: Citrus Spritz(Цитрусовый коктейль с просеко)<b>
Линейка</b>: Основная<b>
Крепость</b>: Средне-лёгкая<b>
Состав</b>: Цитрус, Апельсин, Шампанское<b>
Рейтинг</b>: 3,7<b>
-------------
Отзыв:</b> Спорный вкус. 
По названию, очевидное направление в Апероль. Но, как Апероль недокрутили. 
По вкусу, это Физзи Диззи, в который вместо барбариса добавили горьковатый апельсин. 
Будто бы, есть более удачные аналоги. 
Не самый удачный Апероль джин овера, даже интереснее."
102013,MUSTHAVE,Feijoa,Фейхоа,Основная,66,"3,7",Средне-лёгкая,https://htreviews.org/uploads/objects/4/694ded212c60a44989ada78c637c1bf9.webp,"Слишком спокойный вкус, абсолютно не яркая аромка. Хочется наслаждаться прекрасным вкусом фейхоа, а здесь просто чувствуешь еле заметный его флëр.",Фейхоа,"<b>
Бренд</b>: MUSTHAVE<b>
Название</b>: Feijoa(Фейхоа)<b>
Линейка</b>: Основная<b>
Крепость</b>: Средне-лёгкая<b>
Состав</b>: Фейхоа<b>
Рейтинг</b>: 3,7<b>
-------------
Отзыв:</b> Слишком спокойный вкус, абсолютно не яркая аромка. Хочется наслаждаться прекрасным вкусом фейхоа, а здесь просто чувствуешь еле заметный его флëр."
165203,MUSTHAVE,Vanilla Cream,Ванильный крем,Основная,67,"3,7",Средне-лёгкая,https://htreviews.org/uploads/objects/4/58295c1bdf9c10151a191eab1e76f729.webp,"Мне не хватило яркости и сахара в аромате, чтобы было похоже на зефир или сахарную пудру! Может ваниль и не должна быть очень сладкой в натуральном виде, но я бы подстластил. Сливочности не почувствовал.","Сливочный, Ваниль","<b>
Бренд</b>: MUSTHAVE<b>
Название</b>: Vanilla Cream(Ванильный крем)<b>
Линейка</b>: Основная<b>
Крепость</b>: Средне-лёгкая<b>
Состав</b>: Сливочный, Ваниль<b>
Рейтинг</b>: 3,7<b>
-------------
Отзыв:</b> Мне не хватило яркости и сахара в аромате, чтобы было похоже на зефир или сахарную пудру! Может ваниль и не должна быть очень сладкой в натуральном виде, но я бы подстластил. Сливочности не почувствовал."
86560,MUSTHAVE,Christmas Drink,Шампанское,Основная,68,"3,7",Средне-лёгкая,https://htreviews.org/uploads/objects/4/20772a6c0cc669bfe6c749b0ee15c164.webp,"Аромат. Простое обычное шампанское. Да с кислинкой, чувствуется алкоголь. 

Крепость. Забивала данную прелесть на упг, убивашке и фанеле. Было средне, дымно. 

Вкус. Вкус, как и аромат. Алкоголь во вкусе есть, но не прям, как у  просекко. Курится мягко, химозности не наблюдала. 
Забивала такую лапу с ягодами, фруктами, специями и даже с десертами. 
Самый годный микс: персик + шампусик))",Шампанское,"<b>
Бренд</b>: MUSTHAVE<b>
Название</b>: Christmas Drink(Шампанское)<b>
Линейка</b>: Основная<b>
Крепость</b>: Средне-лёгкая<b>
Состав</b>: Шампанское<b>
Рейтинг</b>: 3,7<b>
-------------
Отзыв:</b> Аромат. Простое обычное шампанское. Да с кислинкой, чувствуется алкоголь. 

Крепость. Забивала данную прелесть на упг, убивашке и фанеле. Было средне, дымно. 

Вкус. Вкус, как и аромат. Алкоголь во вкусе есть, но не прям, как у  просекко. Курится мягко, химозности не наблюдала. 
Забивала такую лапу с ягодами, фруктами, специями и даже с десертами. 
Самый годный микс: персик + шампусик))"
133704,MUSTHAVE,Candy Cow,Коровка,Основная,69,"3,6",Средняя,https://htreviews.org/uploads/objects/4/2a3ada489155863913737b5047f58542.webp,"Очень отвратный запах и вкус.
Ужасная аромка табака.","Сливочный, Карамель","<b>
Бренд</b>: MUSTHAVE<b>
Название</b>: Candy Cow(Коровка)<b>
Линейка</b>: Основная<b>
Крепость</b>: Средняя<b>
Состав</b>: Сливочный, Карамель<b>
Рейтинг</b>: 3,6<b>
-------------
Отзыв:</b> Очень отвратный запах и вкус.
Ужасная аромка табака."
195192,MUSTHAVE,Violet,Фиолетовый,Основная,70,"3,6",Средняя,https://htreviews.org/uploads/objects/4/6232b8566c4c943d1420a37af7e2fac7.webp,"Да *ля, я до сих пор не могу понять почему именно на этом вкусе постоянно случается какая-то беда. На обеих дегустациях Маста первую чашку с Вайлетом жестко перегрели. Не дождались проявления аромы черники? Зря. Ее тут и нет. Это что-то дынное-кремовое дерущееся со специями (кто-то сказал что это было похоже на карамельную крошку Дальгона). И как и любая выпечка средней крепости нуждается в подмоге.","Дыня, Специи, Сливочный, Черника","<b>
Бренд</b>: MUSTHAVE<b>
Название</b>: Violet(Фиолетовый)<b>
Линейка</b>: Основная<b>
Крепость</b>: Средняя<b>
Состав</b>: Дыня, Специи, Сливочный, Черника<b>
Рейтинг</b>: 3,6<b>
-------------
Отзыв:</b> Да *ля, я до сих пор не могу понять почему именно на этом вкусе постоянно случается какая-то беда. На обеих дегустациях Маста первую чашку с Вайлетом жестко перегрели. Не дождались проявления аромы черники? Зря. Ее тут и нет. Это что-то дынное-кремовое дерущееся со специями (кто-то сказал что это было похоже на карамельную крошку Дальгона). И как и любая выпечка средней крепости нуждается в подмоге."
81578,MUSTHAVE,Apple Drops,Яблочные леденцы,Основная,71,"3,6",Средне-лёгкая,https://htreviews.org/uploads/objects/4/345d5ab816bde1f9d67bf19e62b58d70.webp,"Ох уж это двойное холодное яблоко. Настолько заезженно оно в кальянах. 
В соло уже реально надоело)) 
В целом если говорить за яблоко,то яблоко от мх нравится больше,чем холодная бабка от дарксайд 😂. 
Если выбирать из похожих вкусов холодных конфет (Например берри холлс) - тут я выберу берри холлс. 
В миксы конкретно это яблоко годится и еще как. 
Из последнего,что делал : 
Musthave Cream-Soda 40%
Musthave Apple Drops 30%
Musthave Sinnamon 20%
Starline Бельгийские вафли 10%
Ниче такой яблочный штрудель с корицей.",Яблоко,"<b>
Бренд</b>: MUSTHAVE<b>
Название</b>: Apple Drops(Яблочные леденцы)<b>
Линейка</b>: Основная<b>
Крепость</b>: Средне-лёгкая<b>
Состав</b>: Яблоко<b>
Рейтинг</b>: 3,6<b>
-------------
Отзыв:</b> Ох уж это двойное холодное яблоко. Настолько заезженно оно в кальянах. 
В соло уже реально надоело)) 
В целом если говорить за яблоко,то яблоко от мх нравится больше,чем холодная бабка от дарксайд 😂. 
Если выбирать из похожих вкусов холодных конфет (Например берри холлс) - тут я выберу берри холлс. 
В миксы конкретно это яблоко годится и еще как. 
Из последнего,что делал : 
Musthave Cream-Soda 40%
Musthave Apple Drops 30%
Musthave Sinnamon 20%
Starline Бельгийские вафли 10%
Ниче такой яблочный штрудель с корицей."
78755,MUSTHAVE,Forest Berries,Лесные ягоды,Основная,72,"3,6",Средне-лёгкая,https://htreviews.org/uploads/objects/4/d3db4f9e2d4fe259346b02d1ba8e6a8c.webp,"Не знаю,че сказать за эту сладкую мешанину конструктивного. 
Ягоды,лесные,сладкие. Но что именно тут преобладает я не знаю,даже предположить не могу. В соло мне надоел уже через 10 минут. 
Как база для миксов не самая огненная,в целом сойдет.
Твердые 3.3",Ягоды,"<b>
Бренд</b>: MUSTHAVE<b>
Название</b>: Forest Berries(Лесные ягоды)<b>
Линейка</b>: Основная<b>
Крепость</b>: Средне-лёгкая<b>
Состав</b>: Ягоды<b>
Рейтинг</b>: 3,6<b>
-------------
Отзыв:</b> Не знаю,че сказать за эту сладкую мешанину конструктивного. 
Ягоды,лесные,сладкие. Но что именно тут преобладает я не знаю,даже предположить не могу. В соло мне надоел уже через 10 минут. 
Как база для миксов не самая огненная,в целом сойдет.
Твердые 3.3"
190394,MUSTHAVE,Holland Pie,Голландский кекс,Основная,73,"3,6",Средняя,https://htreviews.org/uploads/objects/4/300da2cc42b3809a39d356bbd8b58150.webp,"Вот это интересно, выпечка сладкая, но хорошо балансируется горьковатым травянистым вкусом «того самого».",Кекс,"<b>
Бренд</b>: MUSTHAVE<b>
Название</b>: Holland Pie(Голландский кекс)<b>
Линейка</b>: Основная<b>
Крепость</b>: Средняя<b>
Состав</b>: Кекс<b>
Рейтинг</b>: 3,6<b>
-------------
Отзыв:</b> Вот это интересно, выпечка сладкая, но хорошо балансируется горьковатым травянистым вкусом «того самого»."
81576,MUSTHAVE,Sweet Peach,Сладкий персик,Основная,74,"3,6",Средне-лёгкая,https://htreviews.org/uploads/objects/4/365f6d8c5cd543b046e9c0f26b4579a3.webp,"не плохой вкус персика,
Не химозный.
Чувствуется не большая кислинка7/10",Персик,"<b>
Бренд</b>: MUSTHAVE<b>
Название</b>: Sweet Peach(Сладкий персик)<b>
Линейка</b>: Основная<b>
Крепость</b>: Средне-лёгкая<b>
Состав</b>: Персик<b>
Рейтинг</b>: 3,6<b>
-------------
Отзыв:</b> не плохой вкус персика,
Не химозный.
Чувствуется не большая кислинка7/10"
111113,MUSTHAVE,Quince,Айва,Основная,75,"3,6",Средне-лёгкая,https://htreviews.org/uploads/objects/4/eb6479715e1ca3a5bc348db946f142b2.webp,"Не сильно насыщенный аромат. Рассматривать как что-то новое и как базу для миксов точно стоит. 
Аромат показался «плоским», сильно вяжет, есть привкус груши и яблока. Точно не под соло прокур, исключительно в миксы.","Анис, Айва","<b>
Бренд</b>: MUSTHAVE<b>
Название</b>: Quince(Айва)<b>
Линейка</b>: Основная<b>
Крепость</b>: Средне-лёгкая<b>
Состав</b>: Анис, Айва<b>
Рейтинг</b>: 3,6<b>
-------------
Отзыв:</b> Не сильно насыщенный аромат. Рассматривать как что-то новое и как базу для миксов точно стоит. 
Аромат показался «плоским», сильно вяжет, есть привкус груши и яблока. Точно не под соло прокур, исключительно в миксы."
196759,MUSTHAVE,Cocoloco,Коколоко,Основная,76,"3,6",Средне-лёгкая,https://htreviews.org/uploads/objects/4/d589862b9880543353a30bd8c6c6401f.webp,"При покуре чувствуется только кокос, обычный сладенький кокосик
заявленных ягод там я не ощутил -rep","Кокос, Ягоды, Десерт","<b>
Бренд</b>: MUSTHAVE<b>
Название</b>: Cocoloco(Коколоко)<b>
Линейка</b>: Основная<b>
Крепость</b>: Средне-лёгкая<b>
Состав</b>: Кокос, Ягоды, Десерт<b>
Рейтинг</b>: 3,6<b>
-------------
Отзыв:</b> При покуре чувствуется только кокос, обычный сладенький кокосик
заявленных ягод там я не ощутил -rep"
78745,MUSTHAVE,Unicorn Treats,Кукурузные палочки,Основная,77,"3,5",Средняя,https://htreviews.org/uploads/objects/4/e02109f274ce2fbd76cd8da0e5dc651f.webp,"Ничего заявленного во вкусе не обнаружил. Обычная сливочная десертка, коих тысячи.","Сливочный, Десерт, Зефир","<b>
Бренд</b>: MUSTHAVE<b>
Название</b>: Unicorn Treats(Кукурузные палочки)<b>
Линейка</b>: Основная<b>
Крепость</b>: Средняя<b>
Состав</b>: Сливочный, Десерт, Зефир<b>
Рейтинг</b>: 3,5<b>
-------------
Отзыв:</b> Ничего заявленного во вкусе не обнаружил. Обычная сливочная десертка, коих тысячи."
184768,MUSTHAVE,Mandarin,Мандарин,Основная,78,"3,5",Средняя,https://htreviews.org/uploads/objects/4/20d260e90e3163ab4b2b653b272e6077.webp,"В миксе какой-то десертности/выпечки не почуствовала, скорее неяркий и более фоновый мандарин. Мешала с елками от бб и немного базилика от дс для свежести. При условии, что мх была забита бОльшая часть чашки курился манадирн неуверенно. В миксы для оттенка пойдет.",Мандарин,"<b>
Бренд</b>: MUSTHAVE<b>
Название</b>: Mandarin(Мандарин)<b>
Линейка</b>: Основная<b>
Крепость</b>: Средняя<b>
Состав</b>: Мандарин<b>
Рейтинг</b>: 3,5<b>
-------------
Отзыв:</b> В миксе какой-то десертности/выпечки не почуствовала, скорее неяркий и более фоновый мандарин. Мешала с елками от бб и немного базилика от дс для свежести. При условии, что мх была забита бОльшая часть чашки курился манадирн неуверенно. В миксы для оттенка пойдет."
81948,MUSTHAVE,Sweet Melon,Сладкая дыня,Основная,79,"3,5",Средне-лёгкая,https://htreviews.org/uploads/objects/4/aedbb123b80fcb16b993560842e79ee1.webp,"Хорошая, сладкая дыня, аромка держится долго. Из банки аромат будто разрезал спелую дыню, при курении ощущения те же.",Дыня,"<b>
Бренд</b>: MUSTHAVE<b>
Название</b>: Sweet Melon(Сладкая дыня)<b>
Линейка</b>: Основная<b>
Крепость</b>: Средне-лёгкая<b>
Состав</b>: Дыня<b>
Рейтинг</b>: 3,5<b>
-------------
Отзыв:</b> Хорошая, сладкая дыня, аромка держится долго. Из банки аромат будто разрезал спелую дыню, при курении ощущения те же."
78751,MUSTHAVE,Ruby Grape,Рубиновый виноград,Основная,80,"3,5",Средне-лёгкая,https://htreviews.org/uploads/objects/4/18fb82f33af79a47f90d64907aceb4e5.webp,Химозный вкус для меня не похожий на виноград,Виноград,"<b>
Бренд</b>: MUSTHAVE<b>
Название</b>: Ruby Grape(Рубиновый виноград)<b>
Линейка</b>: Основная<b>
Крепость</b>: Средне-лёгкая<b>
Состав</b>: Виноград<b>
Рейтинг</b>: 3,5<b>
-------------
Отзыв:</b> Химозный вкус для меня не похожий на виноград"
172198,MUSTHAVE,Gooseberry,Крыжовник,Основная,81,"3,5",Средне-лёгкая,https://htreviews.org/uploads/objects/4/19b826b72d8a241e344ff527d106bea8.webp,"В слепую, боюсь, что это вообще никак не идентифицировать крыжовником. 
Просто трава, без каких-либо ягодных намеков. 
Нет, это сладковатая трава, вкус можно принять за неудачный киви или невнятный кактус. 
Представитель места, который создан, чисто чтоб что-то в чашку для массы накидать, а не наслаждения.",Крыжовник,"<b>
Бренд</b>: MUSTHAVE<b>
Название</b>: Gooseberry(Крыжовник)<b>
Линейка</b>: Основная<b>
Крепость</b>: Средне-лёгкая<b>
Состав</b>: Крыжовник<b>
Рейтинг</b>: 3,5<b>
-------------
Отзыв:</b> В слепую, боюсь, что это вообще никак не идентифицировать крыжовником. 
Просто трава, без каких-либо ягодных намеков. 
Нет, это сладковатая трава, вкус можно принять за неудачный киви или невнятный кактус. 
Представитель места, который создан, чисто чтоб что-то в чашку для массы накидать, а не наслаждения."
197155,MUSTHAVE,Red Tea,Красный чай,Основная,82,"3,5",Средняя,https://htreviews.org/uploads/objects/4/fb01d65b571327b5fb7cedfee1b6fd23.webp,"Ещё один вкус, который я очень долго мариновал, но на то были причины, я его сравнивал с конкурентом в виде DS'а Red Tea.
Главное его отличие в том, что вкус у MH более подходит под соло покур, а вот DS, само собой для меня, не особо, в миксах можно найти применение, но в чистую спорный вкус, да и терпкость у DS'а более выраженна, чем у этого вкуса от MH.
Что же касается вкусовых качеств, то это именно красный фруктовый чай, мне он напомнил ""Весёлый фрукт"". Он не кислый как классический каркаде, сладости в нём тоже, по сути, никакой нет. Это именно какой-то набор фруктов, отдельные выделить невозможно, но суммарно это смотрится интересно, а что немаловажно вкусно.
Но аромат достаточно спокойный, скорее всего придётся класть его в основу, ибо может затеряться, также хотелось бы чуть-чуть больше терпкости, всё же это чайный вкус.
Резюмируя вышесказанное - вкус рекомендую, пробовать можно смело!

P.S. 125-ка от мая 2024 года
P.S.S. пробовал много раз, но последний был такой: MattPear Mini S, турка BlackBurn, пушисто с мелким отступом, НГ 2-ая, 4-е 25-ых на 5 минут, а дальше пирамидкой","Фрукты, Чай","<b>
Бренд</b>: MUSTHAVE<b>
Название</b>: Red Tea(Красный чай)<b>
Линейка</b>: Основная<b>
Крепость</b>: Средняя<b>
Состав</b>: Фрукты, Чай<b>
Рейтинг</b>: 3,5<b>
-------------
Отзыв:</b> Ещё один вкус, который я очень долго мариновал, но на то были причины, я его сравнивал с конкурентом в виде DS'а Red Tea.
Главное его отличие в том, что вкус у MH более подходит под соло покур, а вот DS, само собой для меня, не особо, в миксах можно найти применение, но в чистую спорный вкус, да и терпкость у DS'а более выраженна, чем у этого вкуса от MH.
Что же касается вкусовых качеств, то это именно красный фруктовый чай, мне он напомнил ""Весёлый фрукт"". Он не кислый как классический каркаде, сладости в нём тоже, по сути, никакой нет. Это именно какой-то набор фруктов, отдельные выделить невозможно, но суммарно это смотрится интересно, а что немаловажно вкусно.
Но аромат достаточно спокойный, скорее всего придётся класть его в основу, ибо может затеряться, также хотелось бы чуть-чуть больше терпкости, всё же это чайный вкус.
Резюмируя вышесказанное - вкус рекомендую, пробовать можно смело!

P.S. 125-ка от мая 2024 года
P.S.S. пробовал много раз, но последний был такой: MattPear Mini S, турка BlackBurn, пушисто с мелким отступом, НГ 2-ая, 4-е 25-ых на 5 минут, а дальше пирамидкой"
197214,MUSTHAVE,Cream Soda,Крем-сода,Основная,83,"3,5",Средне-лёгкая,https://htreviews.org/uploads/objects/4/1a4cc637bd2b7c0ea1b4cecb5fc4a255.webp,"Работаю кальянным мастером. 
Конкретно этот вкус использую в миксах для всяких десертов,как в качестве «Базы»,так и в качестве добавки в микс. 
Начну с того,что это не крем сода. Больше чувствуется,как взбитые сливки. Очень похожий вкус есть у сапфира,лично мне больше МХ вкатывает. 
Учитывая то,что это десертная линейка,не советую курить на трех углях,поскольку во время покура в горле чувствуется дискомфорт,эдакое першение в горле. 
И уж тем более не советую забивать в касатку)) десертная линейка на то и десертная,ей нужно наслаждаться,а не накуриваться. 
Вердикт - в соло нужно попробовать однозначно,для миксов из разряда «Выпечка-десерты» - самое оно. 
Ван лав,однозначно","Сливочный, Газировка","<b>
Бренд</b>: MUSTHAVE<b>
Название</b>: Cream Soda(Крем-сода)<b>
Линейка</b>: Основная<b>
Крепость</b>: Средне-лёгкая<b>
Состав</b>: Сливочный, Газировка<b>
Рейтинг</b>: 3,5<b>
-------------
Отзыв:</b> Работаю кальянным мастером. 
Конкретно этот вкус использую в миксах для всяких десертов,как в качестве «Базы»,так и в качестве добавки в микс. 
Начну с того,что это не крем сода. Больше чувствуется,как взбитые сливки. Очень похожий вкус есть у сапфира,лично мне больше МХ вкатывает. 
Учитывая то,что это десертная линейка,не советую курить на трех углях,поскольку во время покура в горле чувствуется дискомфорт,эдакое першение в горле. 
И уж тем более не советую забивать в касатку)) десертная линейка на то и десертная,ей нужно наслаждаться,а не накуриваться. 
Вердикт - в соло нужно попробовать однозначно,для миксов из разряда «Выпечка-десерты» - самое оно. 
Ван лав,однозначно"
196649,MUSTHAVE,Lemongrass,Лемонграсс,Основная,84,"3,5",Средне-лёгкая,https://htreviews.org/uploads/objects/4/5272f08af6604c8f771cfec75e93e680.webp,"Наткнулся на столь низкую оценку и удивился. По мне так очень подходит по описанию. Отличная штука для лимонадных миксов или чайных. Кисло-сладко, немного лайма. Лемонграсс для меня отчетливый. Я его хорошо ощущаю, потому что часто люблю пить со свежим лемонграссом чай.","Лайм, Газировка, Лемонграсс","<b>
Бренд</b>: MUSTHAVE<b>
Название</b>: Lemongrass(Лемонграсс)<b>
Линейка</b>: Основная<b>
Крепость</b>: Средне-лёгкая<b>
Состав</b>: Лайм, Газировка, Лемонграсс<b>
Рейтинг</b>: 3,5<b>
-------------
Отзыв:</b> Наткнулся на столь низкую оценку и удивился. По мне так очень подходит по описанию. Отличная штука для лимонадных миксов или чайных. Кисло-сладко, немного лайма. Лемонграсс для меня отчетливый. Я его хорошо ощущаю, потому что часто люблю пить со свежим лемонграссом чай."
78753,MUSTHAVE,Blueberry,Черника,Основная,85,"3,4",Средне-лёгкая,https://htreviews.org/uploads/objects/4/da1e055ffd4686f87059109b5bff1b0a.webp,"Good sweet blueberry flavor 
Doesn’t taste soapy or chemical which is a nice change of pace 
It does resemble a dessert blueberry but not in a bad way 
If this is the only blueberry flavor I had then I wouldn’t be upset 
Good with citrus and pineapple","Черника, Йогурт","<b>
Бренд</b>: MUSTHAVE<b>
Название</b>: Blueberry(Черника)<b>
Линейка</b>: Основная<b>
Крепость</b>: Средне-лёгкая<b>
Состав</b>: Черника, Йогурт<b>
Рейтинг</b>: 3,4<b>
-------------
Отзыв:</b> Good sweet blueberry flavor 
Doesn’t taste soapy or chemical which is a nice change of pace 
It does resemble a dessert blueberry but not in a bad way 
If this is the only blueberry flavor I had then I wouldn’t be upset 
Good with citrus and pineapple"
90028,MUSTHAVE,Red Bomb,Гранат,Основная,86,"3,4",Средне-лёгкая,https://htreviews.org/uploads/objects/4/1ba5209594134d08949908b5c940299e.webp,"Терпкий гранат, сладостью даже и не пахнет. По вкусу похож на концентрированный гранатовый сок, не разбавленный и без сахара. На разок покурить можно, но больше не хочется покупать",Гранат,"<b>
Бренд</b>: MUSTHAVE<b>
Название</b>: Red Bomb(Гранат)<b>
Линейка</b>: Основная<b>
Крепость</b>: Средне-лёгкая<b>
Состав</b>: Гранат<b>
Рейтинг</b>: 3,4<b>
-------------
Отзыв:</b> Терпкий гранат, сладостью даже и не пахнет. По вкусу похож на концентрированный гранатовый сок, не разбавленный и без сахара. На разок покурить можно, но больше не хочется покупать"
195233,MUSTHAVE,Tipsy,Типси,Основная,87,"3,4",Средняя,https://htreviews.org/uploads/objects/4/aad6e36d61511bd2f9b772443fae87a9.webp,"Складывается впечатление, что авторы пытались изобразить ""дефолтный"" ягодный вкус. Если с такими ожиданиями подходить к курению, то худо бедно чашку добить можно. Какую либо отдельную ягоду из этого ""микса"" выделить почти невозможно, при повторном покуре правда удалось вычленить арбуз. Ликёра и взбитых сливок, сколько не пытался, так и не обнаружил.","Сливочный, Ягоды, Алкоголь, Арбуз","<b>
Бренд</b>: MUSTHAVE<b>
Название</b>: Tipsy(Типси)<b>
Линейка</b>: Основная<b>
Крепость</b>: Средняя<b>
Состав</b>: Сливочный, Ягоды, Алкоголь, Арбуз<b>
Рейтинг</b>: 3,4<b>
-------------
Отзыв:</b> Складывается впечатление, что авторы пытались изобразить ""дефолтный"" ягодный вкус. Если с такими ожиданиями подходить к курению, то худо бедно чашку добить можно. Какую либо отдельную ягоду из этого ""микса"" выделить почти невозможно, при повторном покуре правда удалось вычленить арбуз. Ликёра и взбитых сливок, сколько не пытался, так и не обнаружил."
83810,MUSTHAVE,Cherry-Cola,Вишня-кола,Основная,88,"3,3",Средняя,https://htreviews.org/uploads/objects/4/ee51817174227cdb1a0926b5e3799464.webp,"It does taste like cherry cola just not a very strong one I didn’t get any carbonation or strong cola flavor 
But it smoked like cherry and cola syrup with no soda 
I would much rather mix cherry and cola separate 
If you love cherry cola or Dr Pepper you might like this 
I know people who this is their favorite must have flavor just not mine","Кола, Вишня","<b>
Бренд</b>: MUSTHAVE<b>
Название</b>: Cherry-Cola(Вишня-кола)<b>
Линейка</b>: Основная<b>
Крепость</b>: Средняя<b>
Состав</b>: Кола, Вишня<b>
Рейтинг</b>: 3,3<b>
-------------
Отзыв:</b> It does taste like cherry cola just not a very strong one I didn’t get any carbonation or strong cola flavor 
But it smoked like cherry and cola syrup with no soda 
I would much rather mix cherry and cola separate 
If you love cherry cola or Dr Pepper you might like this 
I know people who this is their favorite must have flavor just not mine"
84388,MUSTHAVE,Nord Star,Кисло-сладкая вишня,Основная,89,"3,3",Средне-лёгкая,https://htreviews.org/uploads/objects/4/eb61ec8d431daa954b0023eacf94972f.webp,"Вишня как вишня. Ничем не выделяется,попадание сто процентов. В миксах теряется в силу слабой аромки. Подкрутить бы немного аромку,убрать присутствие косточки (Заметил,что присутствие косточки зависит от партии) и будет хороший,годный аромат.
Изменено : Терпкости бы ему тоже чуть убавить. И сладости прибавить. ",Вишня,"<b>
Бренд</b>: MUSTHAVE<b>
Название</b>: Nord Star(Кисло-сладкая вишня)<b>
Линейка</b>: Основная<b>
Крепость</b>: Средне-лёгкая<b>
Состав</b>: Вишня<b>
Рейтинг</b>: 3,3<b>
-------------
Отзыв:</b> Вишня как вишня. Ничем не выделяется,попадание сто процентов. В миксах теряется в силу слабой аромки. Подкрутить бы немного аромку,убрать присутствие косточки (Заметил,что присутствие косточки зависит от партии) и будет хороший,годный аромат.
Изменено : Терпкости бы ему тоже чуть убавить. И сладости прибавить. "
83228,MUSTHAVE,Pistachio,Фисташки,Основная,90,"3,3",Средне-лёгкая,https://htreviews.org/uploads/objects/4/8b5423663c96070109f4a27af6e2499a.webp,"Сухая фисташка, очень сухая и горьковатая. Узнаваемая. Вкус не понравился, в соло курить будет скучно и утомительно. В миксах так и не нашёл для неё применения, но попыток было мало. Других фисташек не пробовал.",Фисташки,"<b>
Бренд</b>: MUSTHAVE<b>
Название</b>: Pistachio(Фисташки)<b>
Линейка</b>: Основная<b>
Крепость</b>: Средне-лёгкая<b>
Состав</b>: Фисташки<b>
Рейтинг</b>: 3,3<b>
-------------
Отзыв:</b> Сухая фисташка, очень сухая и горьковатая. Узнаваемая. Вкус не понравился, в соло курить будет скучно и утомительно. В миксах так и не нашёл для неё применения, но попыток было мало. Других фисташек не пробовал."
195079,MUSTHAVE,Cheesecake,Чизкейк,Основная,91,"3,3",Средняя,https://htreviews.org/uploads/objects/4/6fe7ef8d4e001e1cc1343198755fdae8.webp,"Good cheesecake flavor you can use in dessert mixes or instead of vanilla to add sweetness and creaminess 
The smell of smoke is very strong and the smell from the can is unpleasant but it still smokes good 
You can do a lot of combinations 
I do recommend you add cooling because it smokes warm",Чизкейк,"<b>
Бренд</b>: MUSTHAVE<b>
Название</b>: Cheesecake(Чизкейк)<b>
Линейка</b>: Основная<b>
Крепость</b>: Средняя<b>
Состав</b>: Чизкейк<b>
Рейтинг</b>: 3,3<b>
-------------
Отзыв:</b> Good cheesecake flavor you can use in dessert mixes or instead of vanilla to add sweetness and creaminess 
The smell of smoke is very strong and the smell from the can is unpleasant but it still smokes good 
You can do a lot of combinations 
I do recommend you add cooling because it smokes warm"
93779,MUSTHAVE,Blackberry,Ежевика,Основная,92,"3,1",Средняя,https://htreviews.org/uploads/objects/4/749234d3f9b185fae3a021f6f0f5671b.webp,"Вкуса мыла в дегустационной чашке не уловили, что радует, но все же это не самый сильный аромат который можно рекомендовать. Да, может быть в миксе раскроется круче, но в соло... Нет.",Ежевика,"<b>
Бренд</b>: MUSTHAVE<b>
Название</b>: Blackberry(Ежевика)<b>
Линейка</b>: Основная<b>
Крепость</b>: Средняя<b>
Состав</b>: Ежевика<b>
Рейтинг</b>: 3,1<b>
-------------
Отзыв:</b> Вкуса мыла в дегустационной чашке не уловили, что радует, но все же это не самый сильный аромат который можно рекомендовать. Да, может быть в миксе раскроется круче, но в соло... Нет."
195962,MUSTHAVE,Green Fizz,Зеленая шипучка,Основная,93,"3,1",Средне-лёгкая,https://htreviews.org/uploads/objects/4/708fbe3bf6642ae63c2b4b661a2a719c.webp,"Довелось попробовать это чудо,когда только стажировался на км’а. Забивал в соляк. 
Скажу так. Кактус и абсент играется ярко. Киви-где то вдалеке,но чувствуется. 
Не знаю как его можно применить в соло. Ну разве что попросят кальян со вкусом «Дикого запада». Я не знаю. 
В миксы можно попробовать.","Киви, Кактус, Абсент","<b>
Бренд</b>: MUSTHAVE<b>
Название</b>: Green Fizz(Зеленая шипучка)<b>
Линейка</b>: Основная<b>
Крепость</b>: Средне-лёгкая<b>
Состав</b>: Киви, Кактус, Абсент<b>
Рейтинг</b>: 3,1<b>
-------------
Отзыв:</b> Довелось попробовать это чудо,когда только стажировался на км’а. Забивал в соляк. 
Скажу так. Кактус и абсент играется ярко. Киви-где то вдалеке,но чувствуется. 
Не знаю как его можно применить в соло. Ну разве что попросят кальян со вкусом «Дикого запада». Я не знаю. 
В миксы можно попробовать."
165205,MUSTHAVE,Cola,Кола,Основная,94,3,Средне-лёгкая,https://htreviews.org/uploads/objects/4/e48c8f36c6802bba58ee3486dfdf80d7.webp,"Последние партии очень странные. Нет сахарности колы, какую ей обычно добавляют для комфортного курения в соло, а в недавней покупке стограммовки знакомыми даже столкнулись с палками в сырье. 
Как бы я не хотела говорить, но если вам хочется порекомендовать человеку колу, это точно не Мастхев. По крайней мере не самые свежие партии.",Кола,"<b>
Бренд</b>: MUSTHAVE<b>
Название</b>: Cola(Кола)<b>
Линейка</b>: Основная<b>
Крепость</b>: Средне-лёгкая<b>
Состав</b>: Кола<b>
Рейтинг</b>: 3<b>
-------------
Отзыв:</b> Последние партии очень странные. Нет сахарности колы, какую ей обычно добавляют для комфортного курения в соло, а в недавней покупке стограммовки знакомыми даже столкнулись с палками в сырье. 
Как бы я не хотела говорить, но если вам хочется порекомендовать человеку колу, это точно не Мастхев. По крайней мере не самые свежие партии."
197945,Nаш,Сбитень,Нет данных,Основная,1,"4,6",Средняя,https://htreviews.org/uploads/objects/5/9f1ad6deda8c5f8f1a32ea422e62b2f7.webp,"Интересный медовый напиток на отваре из трав. Мед приглушенный, не душный. Разнотравье хорошо выражено, прямо обволакивает. горчинкой.  Может это от лимона горечь, фиг знает. Я лимона не почувствовала
Alpha hookah X, Bigmaks Fact, Lotus, 3x25","Травяной, Мёд","<b>
Бренд</b>: Nаш<b>
Название</b>: Сбитень(Нет данных)<b>
Линейка</b>: Основная<b>
Крепость</b>: Средняя<b>
Состав</b>: Травяной, Мёд<b>
Рейтинг</b>: 4,6<b>
-------------
Отзыв:</b> Интересный медовый напиток на отваре из трав. Мед приглушенный, не душный. Разнотравье хорошо выражено, прямо обволакивает. горчинкой.  Может это от лимона горечь, фиг знает. Я лимона не почувствовала
Alpha hookah X, Bigmaks Fact, Lotus, 3x25"
196476,Nаш,ЛЕДЕNЦЫ лимон дыня,Леденцы лимон дыня,Крепкая,2,"4,5",Средняя,https://htreviews.org/uploads/objects/3/590fd4f8f7d5830f220b9478435b98f9.webp,Реально леденец лимон+дыня. Очень вкусно),"Дыня, Лимон, Леденцы","<b>
Бренд</b>: Nаш<b>
Название</b>: ЛЕДЕNЦЫ лимон дыня(Леденцы лимон дыня)<b>
Линейка</b>: Крепкая<b>
Крепость</b>: Средняя<b>
Состав</b>: Дыня, Лимон, Леденцы<b>
Рейтинг</b>: 4,5<b>
-------------
Отзыв:</b> Реально леденец лимон+дыня. Очень вкусно)"
197947,Nаш,Таежный чай,Нет данных,Основная,3,"4,5",Средняя,https://htreviews.org/uploads/objects/5/bd2dd5a690d0c94f69b0c9ed49a1b268.webp,"В меру заваренный черный чай с еле уловимыми ягодными нотами. Опять же отлично гармонирует с концепцией лимитированной линейки. В миксах не теряется, аромку держит.",Чай,"<b>
Бренд</b>: Nаш<b>
Название</b>: Таежный чай(Нет данных)<b>
Линейка</b>: Основная<b>
Крепость</b>: Средняя<b>
Состав</b>: Чай<b>
Рейтинг</b>: 4,5<b>
-------------
Отзыв:</b> В меру заваренный черный чай с еле уловимыми ягодными нотами. Опять же отлично гармонирует с концепцией лимитированной линейки. В миксах не теряется, аромку держит."
196808,Nаш,Гаспачо,Нет данных,Основная,4,"4,4",Средняя,https://htreviews.org/uploads/objects/5/c164ebd06360251807a985e6b2f89f38.webp,"Начал знакомство с гастрономией с этого вкуса. Курил в кальяной, после приобрел себе баночку. Скажу так,  от этого вкуса вам не придется выкидывать свой кальян, поэтому можете не волноваться что вкус не отмоете)
Сам вкус представляет из себя такую легкую томатную пасту. Отлично подходит для миксов. Вот мой:
- Госпачо 50%
- Базилик 25%
- Лайм 25%",Томат,"<b>
Бренд</b>: Nаш<b>
Название</b>: Гаспачо(Нет данных)<b>
Линейка</b>: Основная<b>
Крепость</b>: Средняя<b>
Состав</b>: Томат<b>
Рейтинг</b>: 4,4<b>
-------------
Отзыв:</b> Начал знакомство с гастрономией с этого вкуса. Курил в кальяной, после приобрел себе баночку. Скажу так,  от этого вкуса вам не придется выкидывать свой кальян, поэтому можете не волноваться что вкус не отмоете)
Сам вкус представляет из себя такую легкую томатную пасту. Отлично подходит для миксов. Вот мой:
- Госпачо 50%
- Базилик 25%
- Лайм 25%"
196756,Nаш,ЮБИLЕЙНОЕ,Юбилейное печенье,Крепкая,5,"4,4",Средняя,https://htreviews.org/uploads/objects/3/ae15def5852e4feffea828d8131077ce.webp,"Дублирую отзыв из классической линейки. Тут всё аналогично на уровне, что, кстати говоря, бывает у ребят из ""Наш"" не всегда (чего только стоят совершенно разные малины...)
А вот мне зашло на все ""5 из 5"". Как говорится, сколько людей - столько и мнений, но ведь для этого мы тут и собрались, чтобы этим самым мнением делиться. Эталонный вкус печенья из детства, сладость и приятная сливочность переданы на ""Ура"". В соло такой продукт вряд ли получит восторженные отклики, суховат он..., однако, господа - кто из Вас получит настоящее удовольствие от трапезы пустой пачкой печенюх?! Такое явство нужно ублажать фруктиками , ягодками, молочком -  гармонизируя и насыщая финальную картинку. Тут ситуация полностью аналогичная, это великолепный продукт для творчества, прекрасная база, которая составит основу Вашей итоговой композиции. База, которая аутентично передаёт вкус печенья, того самого, которое пробивает на ностальгию.",Печенье,"<b>
Бренд</b>: Nаш<b>
Название</b>: ЮБИLЕЙНОЕ(Юбилейное печенье)<b>
Линейка</b>: Крепкая<b>
Крепость</b>: Средняя<b>
Состав</b>: Печенье<b>
Рейтинг</b>: 4,4<b>
-------------
Отзыв:</b> Дублирую отзыв из классической линейки. Тут всё аналогично на уровне, что, кстати говоря, бывает у ребят из ""Наш"" не всегда (чего только стоят совершенно разные малины...)
А вот мне зашло на все ""5 из 5"". Как говорится, сколько людей - столько и мнений, но ведь для этого мы тут и собрались, чтобы этим самым мнением делиться. Эталонный вкус печенья из детства, сладость и приятная сливочность переданы на ""Ура"". В соло такой продукт вряд ли получит восторженные отклики, суховат он..., однако, господа - кто из Вас получит настоящее удовольствие от трапезы пустой пачкой печенюх?! Такое явство нужно ублажать фруктиками , ягодками, молочком -  гармонизируя и насыщая финальную картинку. Тут ситуация полностью аналогичная, это великолепный продукт для творчества, прекрасная база, которая составит основу Вашей итоговой композиции. База, которая аутентично передаёт вкус печенья, того самого, которое пробивает на ностальгию."
197946,Nаш,Квас,Нет данных,Основная,6,"4,4",Средняя,https://htreviews.org/uploads/objects/5/5b82b409b879c6154d266ae9ecea6ce0.webp,"Не совсем квас, скорее бородинский хлеб и дрожжи. Если сравнивать с квасом от сатира, то здесь куриться более мягко, нет ярко выраженной горечи и в большей степени ощущается напиточность. 
Для лимитки хорошо, отлично ложиться в концепцию линейки. Рекомендую попробовать.",Квас,"<b>
Бренд</b>: Nаш<b>
Название</b>: Квас(Нет данных)<b>
Линейка</b>: Основная<b>
Крепость</b>: Средняя<b>
Состав</b>: Квас<b>
Рейтинг</b>: 4,4<b>
-------------
Отзыв:</b> Не совсем квас, скорее бородинский хлеб и дрожжи. Если сравнивать с квасом от сатира, то здесь куриться более мягко, нет ярко выраженной горечи и в большей степени ощущается напиточность. 
Для лимитки хорошо, отлично ложиться в концепцию линейки. Рекомендую попробовать."
181275,Nаш,Холлс Лимон Мед,Нет данных,Основная,7,"4,3",Средняя,https://htreviews.org/uploads/objects/5/735a21f77f5fed1af44b55a13eadc53e.webp,"хорошее попадание, очень мягкий и обволакивающий вкус

медовые леденцы с сладковатым лимоном, в соло хороши, в миксах тоже им найдется применение","Лимон, Холодок, Мёд","<b>
Бренд</b>: Nаш<b>
Название</b>: Холлс Лимон Мед(Нет данных)<b>
Линейка</b>: Основная<b>
Крепость</b>: Средняя<b>
Состав</b>: Лимон, Холодок, Мёд<b>
Рейтинг</b>: 4,3<b>
-------------
Отзыв:</b> хорошее попадание, очень мягкий и обволакивающий вкус

медовые леденцы с сладковатым лимоном, в соло хороши, в миксах тоже им найдется применение"
196232,Nаш,Кислая малина,Нет данных,Основная,8,"4,3",Средняя,https://htreviews.org/uploads/objects/5/54134714f4cc9fd65aa03515b40c4e49.webp,Хороший приятный табак для миксов!,Малина,"<b>
Бренд</b>: Nаш<b>
Название</b>: Кислая малина(Нет данных)<b>
Линейка</b>: Основная<b>
Крепость</b>: Средняя<b>
Состав</b>: Малина<b>
Рейтинг</b>: 4,3<b>
-------------
Отзыв:</b> Хороший приятный табак для миксов!"
197948,Nаш,Черника черёмуха ромашка ,Нет данных,Основная,9,"4,3",Средняя,https://htreviews.org/uploads/objects/5/531340b791a81d2f44551e7358d22acd.webp,"Доминирует травянистое, немного сладкое ромашковое варенье. На фоне - натуральные ягоды, терпкая черемуха и кислая черники. Все составляющие хорошо между собой сочетаются.
По яркости получилось ненавязчиво, но для меня это плюс. Куриться мягко, приятно. Мне зашло.","Черника, Ромашка, Черемуха","<b>
Бренд</b>: Nаш<b>
Название</b>: Черника черёмуха ромашка (Нет данных)<b>
Линейка</b>: Основная<b>
Крепость</b>: Средняя<b>
Состав</b>: Черника, Ромашка, Черемуха<b>
Рейтинг</b>: 4,3<b>
-------------
Отзыв:</b> Доминирует травянистое, немного сладкое ромашковое варенье. На фоне - натуральные ягоды, терпкая черемуха и кислая черники. Все составляющие хорошо между собой сочетаются.
По яркости получилось ненавязчиво, но для меня это плюс. Куриться мягко, приятно. Мне зашло."
197957,Nаш,Перу,Нет данных,Cigar Product,10,"4,3",Средняя,https://htreviews.org/uploads/objects/5/f8e55c33cecddac8ecd8c527aaaf9566.webp,Вкусно. Мед+сухофрукты чувствуется,Табачный,"<b>
Бренд</b>: Nаш<b>
Название</b>: Перу(Нет данных)<b>
Линейка</b>: Cigar Product<b>
Крепость</b>: Средняя<b>
Состав</b>: Табачный<b>
Рейтинг</b>: 4,3<b>
-------------
Отзыв:</b> Вкусно. Мед+сухофрукты чувствуется"
136229,Nаш,Грут,Нет данных,Основная,11,"4,2",Средняя,https://htreviews.org/uploads/objects/5/685651e81af5d3cca8d3ce487a734c79.webp,Неожиданно хорошо. Яркий насыщенный древесный аромат. С ним выходят потрясающие миксы,Можжевельник,"<b>
Бренд</b>: Nаш<b>
Название</b>: Грут(Нет данных)<b>
Линейка</b>: Основная<b>
Крепость</b>: Средняя<b>
Состав</b>: Можжевельник<b>
Рейтинг</b>: 4,2<b>
-------------
Отзыв:</b> Неожиданно хорошо. Яркий насыщенный древесный аромат. С ним выходят потрясающие миксы"
196231,Nаш,Кокос,Нет данных,Основная,12,"4,2",Средняя,https://htreviews.org/uploads/objects/5/08f6c487a83dd8833845a4f138490434.webp,"Брал, не читая отзывов. Ожидал кокос, а получил Рафаэлло без ореха внутри. Если оценивать как десертный Рафаэлло, то хорошо передано, но для меня в соло было слишком приторно. Нужно разбавлять с менее сладкими вкусами. 
В соло вряд ли. Буду брать исключительно если хочется десертный микс с мякотью Рафаэлло.",Кокос,"<b>
Бренд</b>: Nаш<b>
Название</b>: Кокос(Нет данных)<b>
Линейка</b>: Основная<b>
Крепость</b>: Средняя<b>
Состав</b>: Кокос<b>
Рейтинг</b>: 4,2<b>
-------------
Отзыв:</b> Брал, не читая отзывов. Ожидал кокос, а получил Рафаэлло без ореха внутри. Если оценивать как десертный Рафаэлло, то хорошо передано, но для меня в соло было слишком приторно. Нужно разбавлять с менее сладкими вкусами. 
В соло вряд ли. Буду брать исключительно если хочется десертный микс с мякотью Рафаэлло."
197158,Nаш,Зеленое яблоко,Нет данных,Основная,13,"4,2",Средняя,https://htreviews.org/uploads/objects/5/2445a7e0195403ec4ac470dc250bc5a5.webp,"Крутое зелёное яблоко. Свежее, с кислинкой и главное - без аниса и всякого такого. Заходит хорошо во фруктовые миксы, чтобы освежить чашу. Но с новыми партиями сырьё стало каким то странным и жёстким, что отражается на аромате и делает его менее насыщенным",Яблоко,"<b>
Бренд</b>: Nаш<b>
Название</b>: Зеленое яблоко(Нет данных)<b>
Линейка</b>: Основная<b>
Крепость</b>: Средняя<b>
Состав</b>: Яблоко<b>
Рейтинг</b>: 4,2<b>
-------------
Отзыв:</b> Крутое зелёное яблоко. Свежее, с кислинкой и главное - без аниса и всякого такого. Заходит хорошо во фруктовые миксы, чтобы освежить чашу. Но с новыми партиями сырьё стало каким то странным и жёстким, что отражается на аромате и делает его менее насыщенным"
195649,Nаш,Барбарис,Нет данных,Основная,14,"4,2",Средняя,https://htreviews.org/uploads/objects/5/8b1868edc02c6777999cb25f148528e4.webp,"Сладковато-кислые леденцы, те самые, которые мы любили есть горстями в юности.
Однако, на выдохе улавливается нотка самого барбариса, что достаточно удивительно.
Сама конфетная история ощущается ностальгически, баланс между вкусом и сырьем. Кальян уверенно курился около часа.
Спасибо за аромат, проникся.",Барбарис,"<b>
Бренд</b>: Nаш<b>
Название</b>: Барбарис(Нет данных)<b>
Линейка</b>: Основная<b>
Крепость</b>: Средняя<b>
Состав</b>: Барбарис<b>
Рейтинг</b>: 4,2<b>
-------------
Отзыв:</b> Сладковато-кислые леденцы, те самые, которые мы любили есть горстями в юности.
Однако, на выдохе улавливается нотка самого барбариса, что достаточно удивительно.
Сама конфетная история ощущается ностальгически, баланс между вкусом и сырьем. Кальян уверенно курился около часа.
Спасибо за аромат, проникся."
196997,Nаш,Лимончелло,Нет данных,Основная,15,"4,2",Средняя,https://htreviews.org/uploads/objects/5/c466b8da0be6b8b66a3d614c0eea60a8.webp,"наконец-то что-то приближенное к самому напитку удалось попробовать)

лимон здесь приятный, с алкогольной ноткой. в соло хорошо зашел, уверен, в миксах тоже будет таким",Лимончелло,"<b>
Бренд</b>: Nаш<b>
Название</b>: Лимончелло(Нет данных)<b>
Линейка</b>: Основная<b>
Крепость</b>: Средняя<b>
Состав</b>: Лимончелло<b>
Рейтинг</b>: 4,2<b>
-------------
Отзыв:</b> наконец-то что-то приближенное к самому напитку удалось попробовать)

лимон здесь приятный, с алкогольной ноткой. в соло хорошо зашел, уверен, в миксах тоже будет таким"
197949,Nаш,Морс,Нет данных,Основная,16,"4,2",Средняя,https://htreviews.org/uploads/objects/5/4b8a89dbd0eb0083f5c32ccec392147e.webp,"Прелесть морса в том, что он больше водянистый, менее сладкий, чем сок. В целом что ожидал, то и получил. Легенькие ягодки (непонятно какие). Вопрос, нужны ли они в таком виде)","Ягоды, Лимонад","<b>
Бренд</b>: Nаш<b>
Название</b>: Морс(Нет данных)<b>
Линейка</b>: Основная<b>
Крепость</b>: Средняя<b>
Состав</b>: Ягоды, Лимонад<b>
Рейтинг</b>: 4,2<b>
-------------
Отзыв:</b> Прелесть морса в том, что он больше водянистый, менее сладкий, чем сок. В целом что ожидал, то и получил. Легенькие ягодки (непонятно какие). Вопрос, нужны ли они в таком виде)"
197836,Nаш,"Елки, ягоды, ананас",Нет данных,Основная,17,"4,2",Средняя,https://htreviews.org/uploads/objects/5/13a76a0bd63c166b109a8cdc5997d98c.webp,"Ну что то такое непонятное. Чувствуются что то хвойное и просто какие то ягодки, ананаса вообще не почувствовал. Такой середнячок, еще бы не стал его курить, особо ни каких вкусовых эмоций для себя не выявил. Как по мне пустоватый микс, быстро утухающий","Ананас, Ягоды, Ёлка","<b>
Бренд</b>: Nаш<b>
Название</b>: Елки, ягоды, ананас(Нет данных)<b>
Линейка</b>: Основная<b>
Крепость</b>: Средняя<b>
Состав</b>: Ананас, Ягоды, Ёлка<b>
Рейтинг</b>: 4,2<b>
-------------
Отзыв:</b> Ну что то такое непонятное. Чувствуются что то хвойное и просто какие то ягодки, ананаса вообще не почувствовал. Такой середнячок, еще бы не стал его курить, особо ни каких вкусовых эмоций для себя не выявил. Как по мне пустоватый микс, быстро утухающий"
196863,Nаш,ЧЁRНАЯ СМОRОДИНА,Чёрная смородина,Крепкая,18,"4,2",Средняя,https://htreviews.org/uploads/objects/4/715cc8195a10b71aeb49041398fbd700.webp,"Тоже отличный вкус. Это не ягода с куста, а скорее варенье или очень насыщенный морс. Сладко, немного с кислинкой и с капелькой травянистости. Также можно смело записывать в топ.",Черная смородина,"<b>
Бренд</b>: Nаш<b>
Название</b>: ЧЁRНАЯ СМОRОДИНА(Чёрная смородина)<b>
Линейка</b>: Крепкая<b>
Крепость</b>: Средняя<b>
Состав</b>: Черная смородина<b>
Рейтинг</b>: 4,2<b>
-------------
Отзыв:</b> Тоже отличный вкус. Это не ягода с куста, а скорее варенье или очень насыщенный морс. Сладко, немного с кислинкой и с капелькой травянистости. Также можно смело записывать в топ."
196801,Nаш,АHAHAS,Ананас,Крепкая,19,"4,2",Средняя,https://htreviews.org/uploads/objects/3/6430eb7a4cbefc364902413da74b0e44.webp,"Крепкий консервированный ананас, прекрасен для алкогольных миксов, в фруктовых кажется будет большим лидером во вкусе, чем остальные. Но это не делает его хуже, всегда можно будет к нему вернуться, если в магазинах вашего города попадутся баночки по 20 гр.",Ананас,"<b>
Бренд</b>: Nаш<b>
Название</b>: АHAHAS(Ананас)<b>
Линейка</b>: Крепкая<b>
Крепость</b>: Средняя<b>
Состав</b>: Ананас<b>
Рейтинг</b>: 4,2<b>
-------------
Отзыв:</b> Крепкий консервированный ананас, прекрасен для алкогольных миксов, в фруктовых кажется будет большим лидером во вкусе, чем остальные. Но это не делает его хуже, всегда можно будет к нему вернуться, если в магазинах вашего города попадутся баночки по 20 гр."
196803,Nаш,ЛИПТОN,Липтон,Крепкая,20,"4,2",Средне-лёгкая,https://htreviews.org/uploads/objects/3/4bb9c3da3612a29e07b4053f5495972e.webp,"Зеленый чай в бутылках, довольно цитрусовый, но цитрусы легкие, не давящие. Хороший соло вкус, да и в миксах работает так, как от него ожидаешь.","Лимон, Зеленый чай","<b>
Бренд</b>: Nаш<b>
Название</b>: ЛИПТОN(Липтон)<b>
Линейка</b>: Крепкая<b>
Крепость</b>: Средне-лёгкая<b>
Состав</b>: Лимон, Зеленый чай<b>
Рейтинг</b>: 4,2<b>
-------------
Отзыв:</b> Зеленый чай в бутылках, довольно цитрусовый, но цитрусы легкие, не давящие. Хороший соло вкус, да и в миксах работает так, как от него ожидаешь."
195053,Nаш,Карамель цитрус,Нет данных,Основная,21,"4,1",Средняя,https://htreviews.org/uploads/objects/5/c105bd8b895dbc105d862503aaa7523f.webp,"Вкусное сладко-кислое сочетание. Пойдет, как готовый микс","Цитрус, Карамель","<b>
Бренд</b>: Nаш<b>
Название</b>: Карамель цитрус(Нет данных)<b>
Линейка</b>: Основная<b>
Крепость</b>: Средняя<b>
Состав</b>: Цитрус, Карамель<b>
Рейтинг</b>: 4,1<b>
-------------
Отзыв:</b> Вкусное сладко-кислое сочетание. Пойдет, как готовый микс"
123121,Nаш,Земляника,Нет данных,Основная,22,"4,1",Средняя,https://htreviews.org/uploads/objects/5/4c0ab934b782400908da5fa67ea34988.webp,"крепкий середнячок для земляник, может, чуть выше

мне не хватило яркости, но, в целом, были все аспекты этой ягоды: знакомая кислинка и сладость конфитюра",Земляника,"<b>
Бренд</b>: Nаш<b>
Название</b>: Земляника(Нет данных)<b>
Линейка</b>: Основная<b>
Крепость</b>: Средняя<b>
Состав</b>: Земляника<b>
Рейтинг</b>: 4,1<b>
-------------
Отзыв:</b> крепкий середнячок для земляник, может, чуть выше

мне не хватило яркости, но, в целом, были все аспекты этой ягоды: знакомая кислинка и сладость конфитюра"
181281,Nаш,Индиго,Нет данных,Основная,23,"4,1",Средняя,https://htreviews.org/uploads/objects/5/ee251336ec3c7adaee1503bba59bea90.webp,"Очень вкусная бузина, прям сочная мякоть. От малины, пожалуй, только кислинка (как в описании), и то иногда пролетает. Черника нормальная, не мыльная, не химозная - присутствует фоном. И самое интересное - это терпкое послевкусие, аж во рту вяжет.
Покурив пару раз этот бренд табака с отступом мне не хватало яркости, поэтому проходил мимо него, и тут решил в касание, взяв в магазине баночку со вкусом наугад. А вот это совсем другое дело: и дымно, и ярко, горло не першит. Минут 30-35 аромка держится. Чаша Element Relic, Lotus, 2х25+1","Черника, Малина, Бузина","<b>
Бренд</b>: Nаш<b>
Название</b>: Индиго(Нет данных)<b>
Линейка</b>: Основная<b>
Крепость</b>: Средняя<b>
Состав</b>: Черника, Малина, Бузина<b>
Рейтинг</b>: 4,1<b>
-------------
Отзыв:</b> Очень вкусная бузина, прям сочная мякоть. От малины, пожалуй, только кислинка (как в описании), и то иногда пролетает. Черника нормальная, не мыльная, не химозная - присутствует фоном. И самое интересное - это терпкое послевкусие, аж во рту вяжет.
Покурив пару раз этот бренд табака с отступом мне не хватало яркости, поэтому проходил мимо него, и тут решил в касание, взяв в магазине баночку со вкусом наугад. А вот это совсем другое дело: и дымно, и ярко, горло не першит. Минут 30-35 аромка держится. Чаша Element Relic, Lotus, 2х25+1"
195430,Nаш,Смородина чабрец,х Hardhookah,Основная,24,"4,1",Средняя,https://htreviews.org/uploads/objects/5/12bdf64b433f7a65699ca21e548d91b5.webp,"Смородина слабая, чабрец вроде есть. Химозности и мыльности не ощутил, уже хорошо. Главная претензия - консистенция табака в банке. Как будто комок пластелина закинули. Я изматерился 10 раз, пока смог хоть как-то распушить его, чтобы получилась более или менее забивка. При попытке разбить комок, табак наливает на вилочку таким же комком.","Черная смородина, Чабрец","<b>
Бренд</b>: Nаш<b>
Название</b>: Смородина чабрец(х Hardhookah)<b>
Линейка</b>: Основная<b>
Крепость</b>: Средняя<b>
Состав</b>: Черная смородина, Чабрец<b>
Рейтинг</b>: 4,1<b>
-------------
Отзыв:</b> Смородина слабая, чабрец вроде есть. Химозности и мыльности не ощутил, уже хорошо. Главная претензия - консистенция табака в банке. Как будто комок пластелина закинули. Я изматерился 10 раз, пока смог хоть как-то распушить его, чтобы получилась более или менее забивка. При попытке разбить комок, табак наливает на вилочку таким же комком."
131550,Nаш,Бренди,Нет данных,Основная,25,"4,1",Средняя,https://htreviews.org/uploads/objects/5/99564a5bda38beb814ed29df4325c639.webp,"Достаточно крепкий тёплый аромат, действительно напоминающий послевкусие от бренди. Немного печёного яблока .",Коньяк,"<b>
Бренд</b>: Nаш<b>
Название</b>: Бренди(Нет данных)<b>
Линейка</b>: Основная<b>
Крепость</b>: Средняя<b>
Состав</b>: Коньяк<b>
Рейтинг</b>: 4,1<b>
-------------
Отзыв:</b> Достаточно крепкий тёплый аромат, действительно напоминающий послевкусие от бренди. Немного печёного яблока ."
196665,Nаш,Урал,Можжевельник ягоды мята,Крепкая,26,"4,1",Средняя,https://htreviews.org/uploads/objects/3/ac1f000920044d6e2b605536452a62b1.webp,"Из баночки какой-то непонятно ягодный микс, но ранее не скуривал можжевельник, поэтому так кажется.
По покуру очень мягко, нежненько и холодно(мята ушла в холод), раскур как-то дался тяжко, первые 7 минут было нечто приторное, но в моменте оказался приятный переход, что сразу и забыл про приторность

Как на первую пробу будет непривычно, но дальше будет топово, рекомендую

Партия 11.2024","Мята, Ягоды, Можжевельник","<b>
Бренд</b>: Nаш<b>
Название</b>: Урал(Можжевельник ягоды мята)<b>
Линейка</b>: Крепкая<b>
Крепость</b>: Средняя<b>
Состав</b>: Мята, Ягоды, Можжевельник<b>
Рейтинг</b>: 4,1<b>
-------------
Отзыв:</b> Из баночки какой-то непонятно ягодный микс, но ранее не скуривал можжевельник, поэтому так кажется.
По покуру очень мягко, нежненько и холодно(мята ушла в холод), раскур как-то дался тяжко, первые 7 минут было нечто приторное, но в моменте оказался приятный переход, что сразу и забыл про приторность

Как на первую пробу будет непривычно, но дальше будет топово, рекомендую

Партия 11.2024"
165430,Nаш,Маракуйя авокадо,х Дава Дым,Основная,27,"4,1",Средняя,https://htreviews.org/uploads/objects/5/a9eaca2463d18a9fa2100e581b8b02d2.webp,"Авакадо иногда дает горчинку, когда когда табак перегревается. Без перегрева от авакадо есть маслянистость. Маракуйя обычная, с кислинкой.","Маракуйя, Травяной","<b>
Бренд</b>: Nаш<b>
Название</b>: Маракуйя авокадо(х Дава Дым)<b>
Линейка</b>: Основная<b>
Крепость</b>: Средняя<b>
Состав</b>: Маракуйя, Травяной<b>
Рейтинг</b>: 4,1<b>
-------------
Отзыв:</b> Авакадо иногда дает горчинку, когда когда табак перегревается. Без перегрева от авакадо есть маслянистость. Маракуйя обычная, с кислинкой."
196996,Nаш,Молочный шейк,Ягодный,Основная,28,"4,1",Средняя,https://htreviews.org/uploads/objects/5/e2f53ef311a54119b44bed9f5cbb3c2d.webp,"Характерный и узнаваемый сливочный вкус, будто ешь йогурт или пьешь милкшейк! От ягод есть умеренно кислый, сладкий привкус. Но что за ягода, я не понял.","Сливочный, Ягоды, Молоко","<b>
Бренд</b>: Nаш<b>
Название</b>: Молочный шейк(Ягодный)<b>
Линейка</b>: Основная<b>
Крепость</b>: Средняя<b>
Состав</b>: Сливочный, Ягоды, Молоко<b>
Рейтинг</b>: 4,1<b>
-------------
Отзыв:</b> Характерный и узнаваемый сливочный вкус, будто ешь йогурт или пьешь милкшейк! От ягод есть умеренно кислый, сладкий привкус. Но что за ягода, я не понял."
196473,Nаш,Кола карамель,Нет данных,Основная,29,"4,1",Средняя,https://htreviews.org/uploads/objects/5/7070c798e53911f52062fbedfe4a6f01.webp,"В целом - неплохая и чуть ""химозненькая"" кола со сладостью карамели. Но больше и сказать нечего, аромат не запоминается и не завлекает. Он просто неплохой, чтобы купить и закинуть в чашку без заморочек.","Кола, Карамель","<b>
Бренд</b>: Nаш<b>
Название</b>: Кола карамель(Нет данных)<b>
Линейка</b>: Основная<b>
Крепость</b>: Средняя<b>
Состав</b>: Кола, Карамель<b>
Рейтинг</b>: 4,1<b>
-------------
Отзыв:</b> В целом - неплохая и чуть ""химозненькая"" кола со сладостью карамели. Но больше и сказать нечего, аромат не запоминается и не завлекает. Он просто неплохой, чтобы купить и закинуть в чашку без заморочек."
196475,Nаш,Манго киви,Нет данных,Основная,30,"4,1",Средняя,https://htreviews.org/uploads/objects/5/1dd9b39e828c3f55e9dccc63c14a768e.webp,"Кисло сладкий вкус. И манго и киви тут травянистый, что, по моему мнению, неплохо.","Манго, Киви","<b>
Бренд</b>: Nаш<b>
Название</b>: Манго киви(Нет данных)<b>
Линейка</b>: Основная<b>
Крепость</b>: Средняя<b>
Состав</b>: Манго, Киви<b>
Рейтинг</b>: 4,1<b>
-------------
Отзыв:</b> Кисло сладкий вкус. И манго и киви тут травянистый, что, по моему мнению, неплохо."
143993,Nаш,Груша,Нет данных,Основная,31,"4,1",Средняя,https://htreviews.org/uploads/objects/5/3a74c95c5762fc7019c78ce350683f79.webp,"Приятный вкус, но не самый насыщенный, скорее леденец со вкусом груши или как писали лимонад дюшес. Попадание во вкус есть, но это не натуральная груша.  
Крепость средняя, нарезка средняя, забивать в турку одно удовольствие.
В банке попалась огромная ветка 

Чаша Cosmo Bowl Turkish A-Shot
8 грамм, пышно, чуть уплотнил, 
отступ 1 мм  
Калауд нержа Tortuga, 3Х25 коколоко прогрев 7 мин, курил так же на 3 внутри колодки.",Груша,"<b>
Бренд</b>: Nаш<b>
Название</b>: Груша(Нет данных)<b>
Линейка</b>: Основная<b>
Крепость</b>: Средняя<b>
Состав</b>: Груша<b>
Рейтинг</b>: 4,1<b>
-------------
Отзыв:</b> Приятный вкус, но не самый насыщенный, скорее леденец со вкусом груши или как писали лимонад дюшес. Попадание во вкус есть, но это не натуральная груша.  
Крепость средняя, нарезка средняя, забивать в турку одно удовольствие.
В банке попалась огромная ветка 

Чаша Cosmo Bowl Turkish A-Shot
8 грамм, пышно, чуть уплотнил, 
отступ 1 мм  
Калауд нержа Tortuga, 3Х25 коколоко прогрев 7 мин, курил так же на 3 внутри колодки."
197958,Nаш,Розмарин Чабрец,Нет данных,Cigar Product,32,"4,1",Средняя,https://htreviews.org/uploads/objects/5/8f78378e797b2db87473770b7fd62b38.webp,"Вкус очень необычный. На постоянку я бы не стала, а вот как разнообразие или чтобы удивить друзей очень хорош. Ярко чувствуется розмарин, чабрец на втором плане. Из банки также ароматно пахнет.","Чабрец, Розмарин","<b>
Бренд</b>: Nаш<b>
Название</b>: Розмарин Чабрец(Нет данных)<b>
Линейка</b>: Cigar Product<b>
Крепость</b>: Средняя<b>
Состав</b>: Чабрец, Розмарин<b>
Рейтинг</b>: 4,1<b>
-------------
Отзыв:</b> Вкус очень необычный. На постоянку я бы не стала, а вот как разнообразие или чтобы удивить друзей очень хорош. Ярко чувствуется розмарин, чабрец на втором плане. Из банки также ароматно пахнет."
195054,Nаш,Алоэ клубника,Нет данных,Основная,33,4,Средняя,https://htreviews.org/uploads/objects/5/4bab1892922a9e60d30da8a6ecfa21f1.webp,"Хороший аромат, на основном плане алоэ, дальше клубника. Чем-то похоже на лимонад с клубникой и алоэ. В соло - хорошо, в миксах - еще лучше.","Клубника, Алоэ","<b>
Бренд</b>: Nаш<b>
Название</b>: Алоэ клубника(Нет данных)<b>
Линейка</b>: Основная<b>
Крепость</b>: Средняя<b>
Состав</b>: Клубника, Алоэ<b>
Рейтинг</b>: 4<b>
-------------
Отзыв:</b> Хороший аромат, на основном плане алоэ, дальше клубника. Чем-то похоже на лимонад с клубникой и алоэ. В соло - хорошо, в миксах - еще лучше."
196474,Nаш,Груша горгонзола,Нет данных,Основная,34,4,Средняя,https://htreviews.org/uploads/objects/5/3aaa805cbae5b9915ad1bfa1c13bca1d.webp,"Груша с сыром. Сырный привкус отчетливо ощущается, в меру сливочно и грушево. Сочетание на любителя гастрономии, тем, кто не любит, вкус однозначно не зайдет. Со временем сырность тает, где- то через 30 минут, и остается фоном. Груша умеренно сладкая.","Груша, Сыр","<b>
Бренд</b>: Nаш<b>
Название</b>: Груша горгонзола(Нет данных)<b>
Линейка</b>: Основная<b>
Крепость</b>: Средняя<b>
Состав</b>: Груша, Сыр<b>
Рейтинг</b>: 4<b>
-------------
Отзыв:</b> Груша с сыром. Сырный привкус отчетливо ощущается, в меру сливочно и грушево. Сочетание на любителя гастрономии, тем, кто не любит, вкус однозначно не зайдет. Со временем сырность тает, где- то через 30 минут, и остается фоном. Груша умеренно сладкая."
123110,Nаш,Арахисовая паста,Нет данных,Основная,35,4,Средняя,https://htreviews.org/uploads/objects/5/e2d0796d2ea4e9b086f21e80d3a42229.webp,"Аромат супер, напоминает Нутеллу. Но вкус абсолютно разочаровал, не особо сладко и не особо ярко. Посредственная десертка к сожалению.","Карамель, Арахис","<b>
Бренд</b>: Nаш<b>
Название</b>: Арахисовая паста(Нет данных)<b>
Линейка</b>: Основная<b>
Крепость</b>: Средняя<b>
Состав</b>: Карамель, Арахис<b>
Рейтинг</b>: 4<b>
-------------
Отзыв:</b> Аромат супер, напоминает Нутеллу. Но вкус абсолютно разочаровал, не особо сладко и не особо ярко. Посредственная десертка к сожалению."
195429,Nаш,Чернослив кедр,х Hardhookah,Основная,36,4,Средняя,https://htreviews.org/uploads/objects/5/6ca2635a29e24189ffb4841f058333c0.webp,"За счёт чернослива и крепости, вкус ближе к безаромкам (пряно копчёный) кедр и правда как указано в описании лёгкая нотка. 
Но не каждому может подойти, если не знать названия и прокурить в слепую, вполне можно уловить смесь салями от бонча и трубочной латакии.
В миксы идеален, в соло для любителей сигар и трубок) Скурил одну банку вчистую, и ни разу не пожалел.","Хвойный, Чернослив","<b>
Бренд</b>: Nаш<b>
Название</b>: Чернослив кедр(х Hardhookah)<b>
Линейка</b>: Основная<b>
Крепость</b>: Средняя<b>
Состав</b>: Хвойный, Чернослив<b>
Рейтинг</b>: 4<b>
-------------
Отзыв:</b> За счёт чернослива и крепости, вкус ближе к безаромкам (пряно копчёный) кедр и правда как указано в описании лёгкая нотка. 
Но не каждому может подойти, если не знать названия и прокурить в слепую, вполне можно уловить смесь салями от бонча и трубочной латакии.
В миксы идеален, в соло для любителей сигар и трубок) Скурил одну банку вчистую, и ни разу не пожалел."
194927,Nаш,Арбуз ягоды,х Дава Дым,Основная,37,4,Средняя,https://htreviews.org/uploads/objects/5/0c57962492e56ecb3d85f74b9613d548.webp,"Во вкусе больше годности, арбуз чувствуется меньше. Немного мылит на послевкусии","Ягоды, Арбуз","<b>
Бренд</b>: Nаш<b>
Название</b>: Арбуз ягоды(х Дава Дым)<b>
Линейка</b>: Основная<b>
Крепость</b>: Средняя<b>
Состав</b>: Ягоды, Арбуз<b>
Рейтинг</b>: 4<b>
-------------
Отзыв:</b> Во вкусе больше годности, арбуз чувствуется меньше. Немного мылит на послевкусии"
196063,Nаш,ТОRФЯНОЙ ВИСКИ,Торфяной виски,Крепкая,38,4,Средне-крепкая,https://htreviews.org/uploads/objects/2/331c8f0252eedbed8c5aed36f2808888.webp,"не могу назвать это виски, но намеки на напиток есть

вкус отдает копченостью, пряностью, очень неплохо заходит с ананасом или выпечкой",Виски,"<b>
Бренд</b>: Nаш<b>
Название</b>: ТОRФЯНОЙ ВИСКИ(Торфяной виски)<b>
Линейка</b>: Крепкая<b>
Крепость</b>: Средне-крепкая<b>
Состав</b>: Виски<b>
Рейтинг</b>: 4<b>
-------------
Отзыв:</b> не могу назвать это виски, но намеки на напиток есть

вкус отдает копченостью, пряностью, очень неплохо заходит с ананасом или выпечкой"
136231,Nаш,ПеRсик,Персик,Основная,39,4,Средняя,https://htreviews.org/uploads/objects/5/f5b8e07e6a4201b66fee1a9624dfce76.webp,"Не самый вкусный персик на рынке, но в миксы отлично зайдет",Персик,"<b>
Бренд</b>: Nаш<b>
Название</b>: ПеRсик(Персик)<b>
Линейка</b>: Основная<b>
Крепость</b>: Средняя<b>
Состав</b>: Персик<b>
Рейтинг</b>: 4<b>
-------------
Отзыв:</b> Не самый вкусный персик на рынке, но в миксы отлично зайдет"
196864,Nаш,АRБУЗ,Арбуз,Крепкая,40,4,Средняя,https://htreviews.org/uploads/objects/4/16e3ad446c07d74e1b3c8d86080e2ba8.webp,"Не плохой арбузик, похож на ледяной арбуз из классики. Сладкий, насыщенный, не химозный, но до Вау далеко",Арбуз,"<b>
Бренд</b>: Nаш<b>
Название</b>: АRБУЗ(Арбуз)<b>
Линейка</b>: Крепкая<b>
Крепость</b>: Средняя<b>
Состав</b>: Арбуз<b>
Рейтинг</b>: 4<b>
-------------
Отзыв:</b> Не плохой арбузик, похож на ледяной арбуз из классики. Сладкий, насыщенный, не химозный, но до Вау далеко"
158187,Nаш,Скитлз,Нет данных,Основная,41,"3,9",Средняя,https://htreviews.org/uploads/objects/5/40a8649f0d18c54358c3baa7bf3d2a0d.webp,"Давала ему шанс на двух чашах. Но то ли руки-крюки, то ли с табаком беда. 5 минут яркий кисленький  Скиттлс, а потом вкус рыготного сырья",Конфетный,"<b>
Бренд</b>: Nаш<b>
Название</b>: Скитлз(Нет данных)<b>
Линейка</b>: Основная<b>
Крепость</b>: Средняя<b>
Состав</b>: Конфетный<b>
Рейтинг</b>: 3,9<b>
-------------
Отзыв:</b> Давала ему шанс на двух чашах. Но то ли руки-крюки, то ли с табаком беда. 5 минут яркий кисленький  Скиттлс, а потом вкус рыготного сырья"
195055,Nаш,Чупа чупс, х Hookahmarket,Основная,42,"3,9",Средняя,https://htreviews.org/uploads/objects/5/677a4e1d71debb9d016d1986e89af8aa.webp,"Сразу хочу сказать, что вкусы энергетиков не особо-то и моё, ибо единственный энергетик, который я бы курил ещё и ещё это Догма'вский, в старой линейке, но это так, к слову.
Что же касается данного вкуса, то тут, как ни странно, энергетик доминирует, первые минут 20-30 первым планом идёт вкус РедБулл'а, более спокойнее, фоном, идет привкус резиновой жевачки, после истечения, сказанного ранее времени, вкус отходит от доминации энергетика, но не исчезает вовсе, жевачка теряет химический привкус резины и становится просто сладкой, правда где здесь чупа чупс - я без понятия, но производителю виднее.
Вкус не мой, но слишком плохого я про него сказать не могу, если вы любите энергетик и вкус жевачки, то этот вкус создан для вас, также подойдёт тем, кто любит сладковатые вкусы.

P.S. 100-ка от сентября 2022 года
P.S.S. как и всегда набор такой: MattPear Mini S, убивашка Японы, колодец и отступ, НГ 2-ая, 4-е 25-ых на 5 минут, а затем пирамидка","Жвачка, Энергетик","<b>
Бренд</b>: Nаш<b>
Название</b>: Чупа чупс( х Hookahmarket)<b>
Линейка</b>: Основная<b>
Крепость</b>: Средняя<b>
Состав</b>: Жвачка, Энергетик<b>
Рейтинг</b>: 3,9<b>
-------------
Отзыв:</b> Сразу хочу сказать, что вкусы энергетиков не особо-то и моё, ибо единственный энергетик, который я бы курил ещё и ещё это Догма'вский, в старой линейке, но это так, к слову.
Что же касается данного вкуса, то тут, как ни странно, энергетик доминирует, первые минут 20-30 первым планом идёт вкус РедБулл'а, более спокойнее, фоном, идет привкус резиновой жевачки, после истечения, сказанного ранее времени, вкус отходит от доминации энергетика, но не исчезает вовсе, жевачка теряет химический привкус резины и становится просто сладкой, правда где здесь чупа чупс - я без понятия, но производителю виднее.
Вкус не мой, но слишком плохого я про него сказать не могу, если вы любите энергетик и вкус жевачки, то этот вкус создан для вас, также подойдёт тем, кто любит сладковатые вкусы.

P.S. 100-ка от сентября 2022 года
P.S.S. как и всегда набор такой: MattPear Mini S, убивашка Японы, колодец и отступ, НГ 2-ая, 4-е 25-ых на 5 минут, а затем пирамидка"
158113,Nаш,Мандарин,Нет данных,Основная,43,"3,9",Средняя,https://htreviews.org/uploads/objects/5/1eecd26b62e08c9028681c42f3dbfe51.webp,"Как оказалось чайная история, даже больше с лимоном и апельсиновой корочкой. Не газировка, не сочный новогодний мандарин, а именно крепкий черный чай, немного терпкий. Поскольку это была уже вторая чашка, нормально так накидало, и организм в надежде все просил - дай мандарина, а его все нет, и нет...)",Мандарин,"<b>
Бренд</b>: Nаш<b>
Название</b>: Мандарин(Нет данных)<b>
Линейка</b>: Основная<b>
Крепость</b>: Средняя<b>
Состав</b>: Мандарин<b>
Рейтинг</b>: 3,9<b>
-------------
Отзыв:</b> Как оказалось чайная история, даже больше с лимоном и апельсиновой корочкой. Не газировка, не сочный новогодний мандарин, а именно крепкий черный чай, немного терпкий. Поскольку это была уже вторая чашка, нормально так накидало, и организм в надежде все просил - дай мандарина, а его все нет, и нет...)"
123133,Nаш,Мараскино черри,Нет данных,Основная,44,"3,9",Средняя,https://htreviews.org/uploads/objects/5/9e14fde23fefbcc5784f0ef89a38c751.webp,"Неплохая коктейльная вишня. Курится приятно, спокойно","Вишня, Миндаль","<b>
Бренд</b>: Nаш<b>
Название</b>: Мараскино черри(Нет данных)<b>
Линейка</b>: Основная<b>
Крепость</b>: Средняя<b>
Состав</b>: Вишня, Миндаль<b>
Рейтинг</b>: 3,9<b>
-------------
Отзыв:</b> Неплохая коктейльная вишня. Курится приятно, спокойно"
129632,Nаш,Рондо,Нет данных,Основная,45,"3,9",Средняя,https://htreviews.org/uploads/objects/5/358f940e98eaabed48a43c92f231a97c.webp,"Попадание в рондо! Но только по запаху. 
В горле крутая мята! Но только первые 10-15 минут. Дальше мята становится как  в сливках.",Мята,"<b>
Бренд</b>: Nаш<b>
Название</b>: Рондо(Нет данных)<b>
Линейка</b>: Основная<b>
Крепость</b>: Средняя<b>
Состав</b>: Мята<b>
Рейтинг</b>: 3,9<b>
-------------
Отзыв:</b> Попадание в рондо! Но только по запаху. 
В горле крутая мята! Но только первые 10-15 минут. Дальше мята становится как  в сливках."
123126,Nаш,Малина,Нет данных,Основная,46,"3,9",Средняя,https://htreviews.org/uploads/objects/5/b5c2460bdb4effc335ba2d2d7fb311a4.webp,"Хорошая малина, курил и чистой и в миксах. Химозной не ощущается. По вкусу напоминает джем.",Малина,"<b>
Бренд</b>: Nаш<b>
Название</b>: Малина(Нет данных)<b>
Линейка</b>: Основная<b>
Крепость</b>: Средняя<b>
Состав</b>: Малина<b>
Рейтинг</b>: 3,9<b>
-------------
Отзыв:</b> Хорошая малина, курил и чистой и в миксах. Химозной не ощущается. По вкусу напоминает джем."
196064,Nаш,АПЕЛЬСИN VАНИЛЬ,Апельсин ваниль,Крепкая,47,"3,9",Средне-крепкая,https://htreviews.org/uploads/objects/2/3cfd3d27b92b10697b1ebec52ad8e986.webp,"Не очень понравился этот вкус.
Апельсин здесь-это не мякоть,а больше цедра,да и ваниль не спасает это положение.
В итоге,наверное,просто не мое,на пробу взять можно,но если быть гоовым,к описанному выше.","Апельсин, Ваниль","<b>
Бренд</b>: Nаш<b>
Название</b>: АПЕЛЬСИN VАНИЛЬ(Апельсин ваниль)<b>
Линейка</b>: Крепкая<b>
Крепость</b>: Средне-крепкая<b>
Состав</b>: Апельсин, Ваниль<b>
Рейтинг</b>: 3,9<b>
-------------
Отзыв:</b> Не очень понравился этот вкус.
Апельсин здесь-это не мякоть,а больше цедра,да и ваниль не спасает это положение.
В итоге,наверное,просто не мое,на пробу взять можно,но если быть гоовым,к описанному выше."
123131,Nаш,Маракуйя,Нет данных,Основная,48,"3,9",Средняя,https://htreviews.org/uploads/objects/5/0546aec8431be91149b11d27fc6406a3.webp,"Яркая маракуя, спелая, текстурная, небольшая кислинка присутствует, в тропических миксах будет идеально, не затеряется",Маракуйя,"<b>
Бренд</b>: Nаш<b>
Название</b>: Маракуйя(Нет данных)<b>
Линейка</b>: Основная<b>
Крепость</b>: Средняя<b>
Состав</b>: Маракуйя<b>
Рейтинг</b>: 3,9<b>
-------------
Отзыв:</b> Яркая маракуя, спелая, текстурная, небольшая кислинка присутствует, в тропических миксах будет идеально, не затеряется"
196743,Nаш,Тархун,Нет данных,Основная,49,"3,9",Средняя,https://htreviews.org/uploads/objects/5/9f6d29ca5363e561d16a10acdcb0b6a9.webp,"соглашусь с комментаторами ниже - это реально больше эстрагон, чем сам напиток, передан достаточно натурально

в соло на любителя, конечно, но в миксах дает свои фирменные ""зеленые"" нотки",Тархун,"<b>
Бренд</b>: Nаш<b>
Название</b>: Тархун(Нет данных)<b>
Линейка</b>: Основная<b>
Крепость</b>: Средняя<b>
Состав</b>: Тархун<b>
Рейтинг</b>: 3,9<b>
-------------
Отзыв:</b> соглашусь с комментаторами ниже - это реально больше эстрагон, чем сам напиток, передан достаточно натурально

в соло на любителя, конечно, но в миксах дает свои фирменные ""зеленые"" нотки"
196754,Nаш,ГРЕЙПФRУТ,Грейпфрут,Крепкая,50,"3,9",Крепкая,https://htreviews.org/uploads/objects/3/3ad9a200ec27f131bc61b2ea617e731c.webp,"Крепкий и яркий вкус грейпфрута. 40 минут курится не угасая, потом постепенно выветривается. Ощущается немного горчинки, забивал пушисто с колодцем без касания на турке.",Грейпфрут,"<b>
Бренд</b>: Nаш<b>
Название</b>: ГРЕЙПФRУТ(Грейпфрут)<b>
Линейка</b>: Крепкая<b>
Крепость</b>: Крепкая<b>
Состав</b>: Грейпфрут<b>
Рейтинг</b>: 3,9<b>
-------------
Отзыв:</b> Крепкий и яркий вкус грейпфрута. 40 минут курится не угасая, потом постепенно выветривается. Ощущается немного горчинки, забивал пушисто с колодцем без касания на турке."
196802,Nаш,ГОLУБИКА,Голубика,Крепкая,51,"3,9",Средняя,https://htreviews.org/uploads/objects/3/2ca7e3ce18e7718b81b6ef387ebf295e.webp,"Голубика или ягодно-сливочный йогурт, кому как удобно. Без яркого мыла, но фоново проскальзывает. Сладость на послевкусии.
Не приторно, довольно приятная крепость, без ТХ.
Добавить холодок/лед и будет еще приятнее.",Голубика,"<b>
Бренд</b>: Nаш<b>
Название</b>: ГОLУБИКА(Голубика)<b>
Линейка</b>: Крепкая<b>
Крепость</b>: Средняя<b>
Состав</b>: Голубика<b>
Рейтинг</b>: 3,9<b>
-------------
Отзыв:</b> Голубика или ягодно-сливочный йогурт, кому как удобно. Без яркого мыла, но фоново проскальзывает. Сладость на послевкусии.
Не приторно, довольно приятная крепость, без ТХ.
Добавить холодок/лед и будет еще приятнее."
136233,Nаш,Юбилейное,Печенье,Основная,52,"3,8",Средняя,https://htreviews.org/uploads/objects/5/a5853c14bb8f8303dce2e05845b17c30.webp,"Хороший табак для миксов, можно придумать очень много интересных сочетаний, как дополнение заходит буквально под все, но лично для меня в соло курится ужасно, суховатое печенье, курится примерно также как есть засохшую годами пачку юбилейного не запивая чаем, но добавить к нему буквально что угодно, и уже куришь его как пить тоже печенье с чаем, вполне прикольно)",Печенье,"<b>
Бренд</b>: Nаш<b>
Название</b>: Юбилейное(Печенье)<b>
Линейка</b>: Основная<b>
Крепость</b>: Средняя<b>
Состав</b>: Печенье<b>
Рейтинг</b>: 3,8<b>
-------------
Отзыв:</b> Хороший табак для миксов, можно придумать очень много интересных сочетаний, как дополнение заходит буквально под все, но лично для меня в соло курится ужасно, суховатое печенье, курится примерно также как есть засохшую годами пачку юбилейного не запивая чаем, но добавить к нему буквально что угодно, и уже куришь его как пить тоже печенье с чаем, вполне прикольно)"
165426,Nаш,Лаванда фейхоа,х Дава Дым,Основная,53,"3,8",Средняя,https://htreviews.org/uploads/objects/5/419ffe28567705459ed884f3a5459174.webp,"Из банки пахнет богоподобно, насыщенный  и приятный запах фейхоа с нотками лаванды, но при покуре все наоборот. Чувствовал вкус лаванды, с приятной горчинкой (как эфирное масло), а фейхоа почти не почувствовал. Первые 20-30 минут покура не хватало сладости и фейхоа, потом на 10 минут сладость появилась и пропала. В микс , с чем нибудь сладким, чтобы разбавить сладость ароматом лаванды и просто ее немного сбить","Фейхоа, Лаванда","<b>
Бренд</b>: Nаш<b>
Название</b>: Лаванда фейхоа(х Дава Дым)<b>
Линейка</b>: Основная<b>
Крепость</b>: Средняя<b>
Состав</b>: Фейхоа, Лаванда<b>
Рейтинг</b>: 3,8<b>
-------------
Отзыв:</b> Из банки пахнет богоподобно, насыщенный  и приятный запах фейхоа с нотками лаванды, но при покуре все наоборот. Чувствовал вкус лаванды, с приятной горчинкой (как эфирное масло), а фейхоа почти не почувствовал. Первые 20-30 минут покура не хватало сладости и фейхоа, потом на 10 минут сладость появилась и пропала. В микс , с чем нибудь сладким, чтобы разбавить сладость ароматом лаванды и просто ее немного сбить"
195566,Nаш,Мультифрукт,Нет данных,Основная,54,"3,8",Средняя,https://htreviews.org/uploads/objects/5/4d4c2f1d5da5ed9e355283230d3cb70e.webp,"не прям топчик среди мультифруктов, но достаточно неплох

первым фоном идет маракуйя, потом киви, потом уже все остальные фрукты

в соло - можно, в миксах тоже заходит",Фрукты,"<b>
Бренд</b>: Nаш<b>
Название</b>: Мультифрукт(Нет данных)<b>
Линейка</b>: Основная<b>
Крепость</b>: Средняя<b>
Состав</b>: Фрукты<b>
Рейтинг</b>: 3,8<b>
-------------
Отзыв:</b> не прям топчик среди мультифруктов, но достаточно неплох

первым фоном идет маракуйя, потом киви, потом уже все остальные фрукты

в соло - можно, в миксах тоже заходит"
188747,Nаш,Липтон,Нет данных,Основная,55,"3,8",Средняя,https://htreviews.org/uploads/objects/5/4d94d9e40178ed058066bc343b6eb7db.webp,"В соло однозначно не обуздана. В миксах вполне себе неплохо, особенно со сладкими ягодами, дабы разбавить кислую цедру лимона",Зеленый чай,"<b>
Бренд</b>: Nаш<b>
Название</b>: Липтон(Нет данных)<b>
Линейка</b>: Основная<b>
Крепость</b>: Средняя<b>
Состав</b>: Зеленый чай<b>
Рейтинг</b>: 3,8<b>
-------------
Отзыв:</b> В соло однозначно не обуздана. В миксах вполне себе неплохо, особенно со сладкими ягодами, дабы разбавить кислую цедру лимона"
131559,Nаш,Гранат,Нет данных,Основная,56,"3,8",Средняя,https://htreviews.org/uploads/objects/5/e0c83f12167d6c6e80571e9c20af335d.webp,"Вкус не вызвал у меня восторга, гранат ощущается нормально, но курится довольно посредственно.",Гранат,"<b>
Бренд</b>: Nаш<b>
Название</b>: Гранат(Нет данных)<b>
Линейка</b>: Основная<b>
Крепость</b>: Средняя<b>
Состав</b>: Гранат<b>
Рейтинг</b>: 3,8<b>
-------------
Отзыв:</b> Вкус не вызвал у меня восторга, гранат ощущается нормально, но курится довольно посредственно."
195852,Nаш,Черника-ромашка,Нет данных,Крепкая,57,"3,8",Средне-крепкая,https://htreviews.org/uploads/objects/2/6584c04d57469786d85d27c58bc2be1a.webp,"Вкусный чай с травой и ягодками. Вот какие ощущения были у меня про покуре, все в балансе и не химозно, не приторно, не горько, не кисло. В соло самое то если не хочется заморачиваться, а в миксах непонятно и теряется","Черника, Ромашка","<b>
Бренд</b>: Nаш<b>
Название</b>: Черника-ромашка(Нет данных)<b>
Линейка</b>: Крепкая<b>
Крепость</b>: Средне-крепкая<b>
Состав</b>: Черника, Ромашка<b>
Рейтинг</b>: 3,8<b>
-------------
Отзыв:</b> Вкусный чай с травой и ягодками. Вот какие ощущения были у меня про покуре, все в балансе и не химозно, не приторно, не горько, не кисло. В соло самое то если не хочется заморачиваться, а в миксах непонятно и теряется"
131548,Nаш,Голубика,Нет данных,Основная,58,"3,8",Средняя,https://htreviews.org/uploads/objects/5/8f1485e53c4ed68448eb983af6d70967.webp,"Хорошая голубика, есть ощущение что ты её не куришь, а ешь. В соло будет нормально, но скучновато, а вот миксы дополнит очень хорошо",Голубика,"<b>
Бренд</b>: Nаш<b>
Название</b>: Голубика(Нет данных)<b>
Линейка</b>: Основная<b>
Крепость</b>: Средняя<b>
Состав</b>: Голубика<b>
Рейтинг</b>: 3,8<b>
-------------
Отзыв:</b> Хорошая голубика, есть ощущение что ты её не куришь, а ешь. В соло будет нормально, но скучновато, а вот миксы дополнит очень хорошо"
165429,Nаш,Базилик-лайм,х Дава Дым,Основная,59,"3,8",Средняя,https://htreviews.org/uploads/objects/5/cf87b8ccb228fe7ec9ceabb41791a61e.webp,"Максимально странные ощущения при прокуре соло, как и вся линейка Наш-соло это приговор, ароматика мизерная, но она есть. Хорош в миксах, как дополнение, но вряд ли даст прям положительные эмоции при первых тягах, как и многие вкусы наш-не всегда раскрывается, так как описано по вкусу","Лайм, Базилик","<b>
Бренд</b>: Nаш<b>
Название</b>: Базилик-лайм(х Дава Дым)<b>
Линейка</b>: Основная<b>
Крепость</b>: Средняя<b>
Состав</b>: Лайм, Базилик<b>
Рейтинг</b>: 3,8<b>
-------------
Отзыв:</b> Максимально странные ощущения при прокуре соло, как и вся линейка Наш-соло это приговор, ароматика мизерная, но она есть. Хорош в миксах, как дополнение, но вряд ли даст прям положительные эмоции при первых тягах, как и многие вкусы наш-не всегда раскрывается, так как описано по вкусу"
158115,Nаш,Папайя,Нет данных,Основная,60,"3,8",Средняя,https://htreviews.org/uploads/objects/5/242c5774376d820e1f99427d7d30f6a2.webp,"Сильно уступает конкурентам. Папайя совсем не яркая, будто чем то разбавленная.",Папайя,"<b>
Бренд</b>: Nаш<b>
Название</b>: Папайя(Нет данных)<b>
Линейка</b>: Основная<b>
Крепость</b>: Средняя<b>
Состав</b>: Папайя<b>
Рейтинг</b>: 3,8<b>
-------------
Отзыв:</b> Сильно уступает конкурентам. Папайя совсем не яркая, будто чем то разбавленная."
196066,Nаш,ЗЕМLЯНИКА ЛЕМОНГРАСС,Земляника лемонграсс,Крепкая,61,"3,8",Средне-крепкая,https://htreviews.org/uploads/objects/2/dd79f3ffdff2da37ed6dae833331048d.webp,Если откинуть наличие ТХ и не долговечную аромку задумка интересная. Использовать сладкую землянику и кисло травянистый лемонграсс. Данный вкус на начале курения напомнил полевой чай с сушеной земляникой,"Земляника, Лемонграсс","<b>
Бренд</b>: Nаш<b>
Название</b>: ЗЕМLЯНИКА ЛЕМОНГРАСС(Земляника лемонграсс)<b>
Линейка</b>: Крепкая<b>
Крепость</b>: Средне-крепкая<b>
Состав</b>: Земляника, Лемонграсс<b>
Рейтинг</b>: 3,8<b>
-------------
Отзыв:</b> Если откинуть наличие ТХ и не долговечную аромку задумка интересная. Использовать сладкую землянику и кисло травянистый лемонграсс. Данный вкус на начале курения напомнил полевой чай с сушеной земляникой"
196755,Nаш,ЧУПА ЧУПС,Энергетик бабл гам,Крепкая,62,"3,8",Средне-крепкая,https://htreviews.org/uploads/objects/3/6915241b8b27a4078422cfa2a6800086.webp,"Вот есть у Чупа-чупса вкус с энергетиком, лимоном и жвачкой. Вот это оно. Кисленькое, колючее, вкусненькое. Точно не чистый энергетик и не бабл-гам, приятное месиво скорее.","Жвачка, Леденцы, Энергетик","<b>
Бренд</b>: Nаш<b>
Название</b>: ЧУПА ЧУПС(Энергетик бабл гам)<b>
Линейка</b>: Крепкая<b>
Крепость</b>: Средне-крепкая<b>
Состав</b>: Жвачка, Леденцы, Энергетик<b>
Рейтинг</b>: 3,8<b>
-------------
Отзыв:</b> Вот есть у Чупа-чупса вкус с энергетиком, лимоном и жвачкой. Вот это оно. Кисленькое, колючее, вкусненькое. Точно не чистый энергетик и не бабл-гам, приятное месиво скорее."
136235,Nаш,Oasis,Оазис,Основная,63,"3,7",Средняя,https://htreviews.org/uploads/objects/5/0cd66cddcf606a08194efd47453c0b38.webp,"Очень напоминает сок мультифрут, как будто пьешь сок из коробки. Фруктово тропическое сочетание. Старый наш, когда табачок был суховат, а вкус не таким насыщенным, нравился больше. Сам табак был с таким земельным привкусом. Сейчас табак стал заметно влажнее, аромка более яркой, а суховато земельный привкус пропал совсем.",Фрукты,"<b>
Бренд</b>: Nаш<b>
Название</b>: Oasis(Оазис)<b>
Линейка</b>: Основная<b>
Крепость</b>: Средняя<b>
Состав</b>: Фрукты<b>
Рейтинг</b>: 3,7<b>
-------------
Отзыв:</b> Очень напоминает сок мультифрут, как будто пьешь сок из коробки. Фруктово тропическое сочетание. Старый наш, когда табачок был суховат, а вкус не таким насыщенным, нравился больше. Сам табак был с таким земельным привкусом. Сейчас табак стал заметно влажнее, аромка более яркой, а суховато земельный привкус пропал совсем."
195851,Nаш,Манго-перец,Нет данных,Крепкая,64,"3,7",Крепкая,https://htreviews.org/uploads/objects/2/12fc678badd331f82cf3ba0b2cc6361e.webp,"На мой взгляд получился не лучший продукт или же слишком не стабильный от партии к партии. Потому что при раскуривании у меня дал вкус я бы сказал неплохого манго, но далее начал травянить и исчез. Так как линейка крепкая в ней присутствует ТХ в сочетании с перцем не самое приятное ощущение еще и когда вылезает сырье. Вот если перенести данный вкус в стандартную линейку и доделать вкус перца было бы круто. Манго при раскуривании был топчик","Манго, Перец","<b>
Бренд</b>: Nаш<b>
Название</b>: Манго-перец(Нет данных)<b>
Линейка</b>: Крепкая<b>
Крепость</b>: Крепкая<b>
Состав</b>: Манго, Перец<b>
Рейтинг</b>: 3,7<b>
-------------
Отзыв:</b> На мой взгляд получился не лучший продукт или же слишком не стабильный от партии к партии. Потому что при раскуривании у меня дал вкус я бы сказал неплохого манго, но далее начал травянить и исчез. Так как линейка крепкая в ней присутствует ТХ в сочетании с перцем не самое приятное ощущение еще и когда вылезает сырье. Вот если перенести данный вкус в стандартную линейку и доделать вкус перца было бы круто. Манго при раскуривании был топчик"
194902,Nаш,Киви сельдерей,х Дава Дым,Основная,65,"3,7",Средняя,https://htreviews.org/uploads/objects/5/21eeecca8c5daa7c0662eeb6fa2a06b8.webp,"сдержанный по яркости киви с травянистым послевкусием - это интересно по задумке, но реализация хромает, не хватает насыщенности, аромка быстро пропадает","Киви, Травяной","<b>
Бренд</b>: Nаш<b>
Название</b>: Киви сельдерей(х Дава Дым)<b>
Линейка</b>: Основная<b>
Крепость</b>: Средняя<b>
Состав</b>: Киви, Травяной<b>
Рейтинг</b>: 3,7<b>
-------------
Отзыв:</b> сдержанный по яркости киви с травянистым послевкусием - это интересно по задумке, но реализация хромает, не хватает насыщенности, аромка быстро пропадает"
196233,Nаш,ИНЖИR ЛИМОN ГРЕЦКИЙ ОРЕХ,Инжир лимон грецкий орех,Крепкая,66,"3,7",Средняя,https://htreviews.org/uploads/objects/2/811bd53a2fde083ad87767ef5af73172.webp,"Не особый любитель табака от фирмы NАШ, но за этот вкус должен выразить респект. По ощущениям очень(очень) отдалённо, но напомнил вкус Werkbund от Bonche, что я считаю уже достаточно интересным фактом.
Орех чувствуется, чернослив есть, лимон тоже принимает участие -  в целом несколько суховато по ощущениям, вкус не ярок, но по общему ощущению вкус достаточно интересен. Увижу в продаже - возьму ещё раз.","Лимон, Орех, Инжир","<b>
Бренд</b>: Nаш<b>
Название</b>: ИНЖИR ЛИМОN ГРЕЦКИЙ ОРЕХ(Инжир лимон грецкий орех)<b>
Линейка</b>: Крепкая<b>
Крепость</b>: Средняя<b>
Состав</b>: Лимон, Орех, Инжир<b>
Рейтинг</b>: 3,7<b>
-------------
Отзыв:</b> Не особый любитель табака от фирмы NАШ, но за этот вкус должен выразить респект. По ощущениям очень(очень) отдалённо, но напомнил вкус Werkbund от Bonche, что я считаю уже достаточно интересным фактом.
Орех чувствуется, чернослив есть, лимон тоже принимает участие -  в целом несколько суховато по ощущениям, вкус не ярок, но по общему ощущению вкус достаточно интересен. Увижу в продаже - возьму ещё раз."
196666,Nаш,Слива Абрикос,Нет данных,Крепкая,67,"3,7",Средняя,https://htreviews.org/uploads/objects/3/85796572d36cb28f58b6a6b4ea4a3526.webp,Мякоть ммм.. сначала был абрикос - минут 15-20 ток слива и  поперла.,"Слива, Абрикос","<b>
Бренд</b>: Nаш<b>
Название</b>: Слива Абрикос(Нет данных)<b>
Линейка</b>: Крепкая<b>
Крепость</b>: Средняя<b>
Состав</b>: Слива, Абрикос<b>
Рейтинг</b>: 3,7<b>
-------------
Отзыв:</b> Мякоть ммм.. сначала был абрикос - минут 15-20 ток слива и  поперла."
196065,Nаш,КОКОС ЛЕМОНГРАСС ЛАЙМ,Нет данных,Крепкая,68,"3,7",Средняя,https://htreviews.org/uploads/objects/2/b97cd7fa37eb22930bcebf962123e60d.webp,"В соло не особо круто потому что ТХ и аромка быстро отлетает. Конечно от кокоса чувствуется сливочность и кислинка от лайма, но быстро исчезают. Сделав микс по совету Kvench с раменом от спектрума (который в соло тоже специфичен) получил хорошее сочетание, вкус держался минут 30 на 2*26 углях макс флоу и чаша прямоток, ТХ практически небыло, лишь сушило горло. Получился вкус напоминающий том ям, не прям идеальный, но все же имеющий место быть","Кокос, Лайм, Лемонграсс","<b>
Бренд</b>: Nаш<b>
Название</b>: КОКОС ЛЕМОНГРАСС ЛАЙМ(Нет данных)<b>
Линейка</b>: Крепкая<b>
Крепость</b>: Средняя<b>
Состав</b>: Кокос, Лайм, Лемонграсс<b>
Рейтинг</b>: 3,7<b>
-------------
Отзыв:</b> В соло не особо круто потому что ТХ и аромка быстро отлетает. Конечно от кокоса чувствуется сливочность и кислинка от лайма, но быстро исчезают. Сделав микс по совету Kvench с раменом от спектрума (который в соло тоже специфичен) получил хорошее сочетание, вкус держался минут 30 на 2*26 углях макс флоу и чаша прямоток, ТХ практически небыло, лишь сушило горло. Получился вкус напоминающий том ям, не прям идеальный, но все же имеющий место быть"
181277,Nаш,Банан,Нет данных,Основная,69,"3,7",Средняя,https://htreviews.org/uploads/objects/5/dcfc7e7da0231acda0d2d722b45f33ce.webp,"Химозный банан, даже в маленьком кол-ве добавления в чашку - перебивает своей химозностью. В чистом виде не советую курить. Мешайте с насыщенными ароматами.",Банан,"<b>
Бренд</b>: Nаш<b>
Название</b>: Банан(Нет данных)<b>
Линейка</b>: Основная<b>
Крепость</b>: Средняя<b>
Состав</b>: Банан<b>
Рейтинг</b>: 3,7<b>
-------------
Отзыв:</b> Химозный банан, даже в маленьком кол-ве добавления в чашку - перебивает своей химозностью. В чистом виде не советую курить. Мешайте с насыщенными ароматами."
158185,Nаш,Последний самурай,Нет данных,Основная,70,"3,6",Средняя,https://htreviews.org/uploads/objects/5/58633fb15647b668edea01c365cecc35.webp,"Цветочно миндальная вишня. Но нужно угадать с прогревом и жаром. Иначе миндаль и цветы будут на первом плане. А вишня фоном. Вкуснее, когда акцент на вишне, она сладкая, с легкой сливочностью и дополняет вкус цветочный аромат. Главное не давать много жара.","Ваниль, Вишня, Жасмин","<b>
Бренд</b>: Nаш<b>
Название</b>: Последний самурай(Нет данных)<b>
Линейка</b>: Основная<b>
Крепость</b>: Средняя<b>
Состав</b>: Ваниль, Вишня, Жасмин<b>
Рейтинг</b>: 3,6<b>
-------------
Отзыв:</b> Цветочно миндальная вишня. Но нужно угадать с прогревом и жаром. Иначе миндаль и цветы будут на первом плане. А вишня фоном. Вкуснее, когда акцент на вишне, она сладкая, с легкой сливочностью и дополняет вкус цветочный аромат. Главное не давать много жара."
195848,Nаш,Груша-фисташка,Нет данных,Крепкая,71,"3,6",Средне-крепкая,https://htreviews.org/uploads/objects/2/afc8f878df72d203ca1445f084cc1bd2.webp,"Разочарование :(
Абсолютное бестактное доминирование фисташки. Груша появляется на послевкусие, но этот ядреный орех все портит","Груша, Фисташки","<b>
Бренд</b>: Nаш<b>
Название</b>: Груша-фисташка(Нет данных)<b>
Линейка</b>: Крепкая<b>
Крепость</b>: Средне-крепкая<b>
Состав</b>: Груша, Фисташки<b>
Рейтинг</b>: 3,6<b>
-------------
Отзыв:</b> Разочарование :(
Абсолютное бестактное доминирование фисташки. Груша появляется на послевкусие, но этот ядреный орех все портит"
176431,Nаш,Май тай,Нет данных,Основная,72,"3,6",Средняя,https://htreviews.org/uploads/objects/5/ba3ee0292842cbb1c959d84b3e6e1522.webp,"На вдохе сладкий ананас, с кусочком лайма и соответствующей кислой ноткой, на выдохе миндальное послевкусие, с терпкой, небольшой горчинкой.
Алкогольная составляющая присутствует, неярко и фоново. Разбавить бы весь этот микс ромом, бренди или джином, было бы отлично.","Ананас, Лайм, Алкоголь","<b>
Бренд</b>: Nаш<b>
Название</b>: Май тай(Нет данных)<b>
Линейка</b>: Основная<b>
Крепость</b>: Средняя<b>
Состав</b>: Ананас, Лайм, Алкоголь<b>
Рейтинг</b>: 3,6<b>
-------------
Отзыв:</b> На вдохе сладкий ананас, с кусочком лайма и соответствующей кислой ноткой, на выдохе миндальное послевкусие, с терпкой, небольшой горчинкой.
Алкогольная составляющая присутствует, неярко и фоново. Разбавить бы весь этот микс ромом, бренди или джином, было бы отлично."
123139,Nаш,Черемуха,Нет данных,Основная,73,"3,6",Средняя,https://htreviews.org/uploads/objects/5/797988f0faadea5960911251bc2ae796.webp,"С радостью сегодня скурил утром чашечку в соло, но больше я люблю мешать ее с йогуртами, молочкой и чизкейками, получается прикольный черемуховый торт, где черемуху мы выкладываем нижним слоем и молочку наверх.",Черемуха,"<b>
Бренд</b>: Nаш<b>
Название</b>: Черемуха(Нет данных)<b>
Линейка</b>: Основная<b>
Крепость</b>: Средняя<b>
Состав</b>: Черемуха<b>
Рейтинг</b>: 3,6<b>
-------------
Отзыв:</b> С радостью сегодня скурил утром чашечку в соло, но больше я люблю мешать ее с йогуртами, молочкой и чизкейками, получается прикольный черемуховый торт, где черемуху мы выкладываем нижним слоем и молочку наверх."
188774,Nаш,Виноград мята,Нет данных,Основная,74,"3,6",Средняя,https://htreviews.org/uploads/objects/5/f29185073989b157465cee09a6f2167a.webp,"Вкус дешевого виноградного сока как у сармы один в один  с мятным холодком надо с чем то миксовать , соло очень слабо для готового микса","Виноград, Мята","<b>
Бренд</b>: Nаш<b>
Название</b>: Виноград мята(Нет данных)<b>
Линейка</b>: Основная<b>
Крепость</b>: Средняя<b>
Состав</b>: Виноград, Мята<b>
Рейтинг</b>: 3,6<b>
-------------
Отзыв:</b> Вкус дешевого виноградного сока как у сармы один в один  с мятным холодком надо с чем то миксовать , соло очень слабо для готового микса"
196807,Nаш,Клубника огурец,Нет данных,Основная,75,"3,6",Средняя,https://htreviews.org/uploads/objects/5/93c967e7555c2f86dd3ece464d1fc9a5.webp,"Необычный интересный вкус. Чувствуются оба ингредиента, раскрываются равномерно","Клубника, Лимонад, Огурец","<b>
Бренд</b>: Nаш<b>
Название</b>: Клубника огурец(Нет данных)<b>
Линейка</b>: Основная<b>
Крепость</b>: Средняя<b>
Состав</b>: Клубника, Лимонад, Огурец<b>
Рейтинг</b>: 3,6<b>
-------------
Отзыв:</b> Необычный интересный вкус. Чувствуются оба ингредиента, раскрываются равномерно"
123124,Nаш,Киви,Нет данных,Основная,76,"3,6",Средняя,https://htreviews.org/uploads/objects/5/32b50809feed6641bd4bb8dfef159c3e.webp,"Брал наугад, было неожиданно после покура, что такая низкая оценка, очень яркий и насыщенный киви, даже после часа курения аромка держалась на уровне, до этого из наша курил только скитллз, было сухо и невзрачно, поэтому ничего особенного не ожидал, на деле оказалось очень хорошо",Киви,"<b>
Бренд</b>: Nаш<b>
Название</b>: Киви(Нет данных)<b>
Линейка</b>: Основная<b>
Крепость</b>: Средняя<b>
Состав</b>: Киви<b>
Рейтинг</b>: 3,6<b>
-------------
Отзыв:</b> Брал наугад, было неожиданно после покура, что такая низкая оценка, очень яркий и насыщенный киви, даже после часа курения аромка держалась на уровне, до этого из наша курил только скитллз, было сухо и невзрачно, поэтому ничего особенного не ожидал, на деле оказалось очень хорошо"
123128,Nаш,Манго,Нет данных,Основная,77,"3,6",Средняя,https://htreviews.org/uploads/objects/5/aba9c04eec845be92dec920cd8259b37.webp,"Классный манго, в меру сладко, что очень приятно, т. к. не хочется курить ультра-сладкий аромат.",Манго,"<b>
Бренд</b>: Nаш<b>
Название</b>: Манго(Нет данных)<b>
Линейка</b>: Основная<b>
Крепость</b>: Средняя<b>
Состав</b>: Манго<b>
Рейтинг</b>: 3,6<b>
-------------
Отзыв:</b> Классный манго, в меру сладко, что очень приятно, т. к. не хочется курить ультра-сладкий аромат."
123114,Nаш,Белая клубника,Нет данных,Основная,78,"3,5",Средняя,https://htreviews.org/uploads/objects/5/394b68f31e3d03287e57f70c240d7953.webp,"Неплохо, хоть и не очень насыщенно. В миксах чувствуется, это радует. Приятный сладенький вкус. Смеха ради закинул в клубника-алоэ, получилось очень даже. Рекомендую",Клубника,"<b>
Бренд</b>: Nаш<b>
Название</b>: Белая клубника(Нет данных)<b>
Линейка</b>: Основная<b>
Крепость</b>: Средняя<b>
Состав</b>: Клубника<b>
Рейтинг</b>: 3,5<b>
-------------
Отзыв:</b> Неплохо, хоть и не очень насыщенно. В миксах чувствуется, это радует. Приятный сладенький вкус. Смеха ради закинул в клубника-алоэ, получилось очень даже. Рекомендую"
197157,Nаш,Дыня йогурт,Нет данных,Основная,79,"3,5",Средняя,https://htreviews.org/uploads/objects/5/8a1f20318a665619758d1b8f76194b49.webp,"Очень похоже на ягодный милкшейк, только сливочность более жирновата. Дыня имеет приятный оттенок, не ацетонит. Сладкая с очень легкой фруктовой кислинкой.","Дыня, Йогурт","<b>
Бренд</b>: Nаш<b>
Название</b>: Дыня йогурт(Нет данных)<b>
Линейка</b>: Основная<b>
Крепость</b>: Средняя<b>
Состав</b>: Дыня, Йогурт<b>
Рейтинг</b>: 3,5<b>
-------------
Отзыв:</b> Очень похоже на ягодный милкшейк, только сливочность более жирновата. Дыня имеет приятный оттенок, не ацетонит. Сладкая с очень легкой фруктовой кислинкой."
195290,Nаш,Сахарная клюква,Нет данных,Основная,80,"3,5",Средняя,https://htreviews.org/uploads/objects/5/81f7a268c005952afa025d445eea1ad1.webp,"Очень слабенький аромат клюквенного морсика. Сильно теряется даже в соло.
Не могу рекомендовать его ни любителям клюквы, ни тем, кто хочет кислых и терпких ягод.",Клюква,"<b>
Бренд</b>: Nаш<b>
Название</b>: Сахарная клюква(Нет данных)<b>
Линейка</b>: Основная<b>
Крепость</b>: Средняя<b>
Состав</b>: Клюква<b>
Рейтинг</b>: 3,5<b>
-------------
Отзыв:</b> Очень слабенький аромат клюквенного морсика. Сильно теряется даже в соло.
Не могу рекомендовать его ни любителям клюквы, ни тем, кто хочет кислых и терпких ягод."
158191,Nаш,Ягодный,Нет данных,Основная,81,"3,5",Средняя,https://htreviews.org/uploads/objects/5/b8801fc322ebe80bb370d1fdcff0d167.webp,"Курил и в соло и в миксах, в миксах проявляет себя гораздо интереснее, это сладкие ягоды, чуть химозный вкус, который желательно сдобрить чем нибудь кислым или  же уровновесить какой нибудь десерткой. Итог, нормально, но ничего особенного","Виноград, Ягоды","<b>
Бренд</b>: Nаш<b>
Название</b>: Ягодный(Нет данных)<b>
Линейка</b>: Основная<b>
Крепость</b>: Средняя<b>
Состав</b>: Виноград, Ягоды<b>
Рейтинг</b>: 3,5<b>
-------------
Отзыв:</b> Курил и в соло и в миксах, в миксах проявляет себя гораздо интереснее, это сладкие ягоды, чуть химозный вкус, который желательно сдобрить чем нибудь кислым или  же уровновесить какой нибудь десерткой. Итог, нормально, но ничего особенного"
196667,Nаш,Малина Личи Базилик,Нет данных,Крепкая,82,"3,5",Средняя,https://htreviews.org/uploads/objects/3/85e45c898205af47dd88ba5aa5da6f9b.webp,"Если к личи вы негатива не испытываете, то вполне себе курибельно ). Ярко, сладко, малина и Личи вполне уловимый, хоть в среднем и сливаются во что - то единое, базилик тоже на месте, хотя хотелось бы чуть ярче).","Малина, Базилик, Личи","<b>
Бренд</b>: Nаш<b>
Название</b>: Малина Личи Базилик(Нет данных)<b>
Линейка</b>: Крепкая<b>
Крепость</b>: Средняя<b>
Состав</b>: Малина, Базилик, Личи<b>
Рейтинг</b>: 3,5<b>
-------------
Отзыв:</b> Если к личи вы негатива не испытываете, то вполне себе курибельно ). Ярко, сладко, малина и Личи вполне уловимый, хоть в среднем и сливаются во что - то единое, базилик тоже на месте, хотя хотелось бы чуть ярче)."
161448,Nаш,Ананас,Нет данных,Основная,83,"3,5",Средняя,https://htreviews.org/uploads/objects/5/b86b139fc8669ce109be38f18adaa92d.webp,"средней ацетоновости ананас, без восторга, но и без ужаса. большой минус в том что очень сильно портит чашку в миксах, прям забивает этой химозой всё остальное.",Ананас,"<b>
Бренд</b>: Nаш<b>
Название</b>: Ананас(Нет данных)<b>
Линейка</b>: Основная<b>
Крепость</b>: Средняя<b>
Состав</b>: Ананас<b>
Рейтинг</b>: 3,5<b>
-------------
Отзыв:</b> средней ацетоновости ананас, без восторга, но и без ужаса. большой минус в том что очень сильно портит чашку в миксах, прям забивает этой химозой всё остальное."
123116,Nаш,Грейпфрут,Нет данных,Основная,84,"3,5",Средняя,https://htreviews.org/uploads/objects/5/5522632ccddacefe67f6c9683001f00f.webp,"Один из первых табаков и первый грейп, который я курил. Было очень вкусно. Странно, что больше нигде его не встречал.",Грейпфрут,"<b>
Бренд</b>: Nаш<b>
Название</b>: Грейпфрут(Нет данных)<b>
Линейка</b>: Основная<b>
Крепость</b>: Средняя<b>
Состав</b>: Грейпфрут<b>
Рейтинг</b>: 3,5<b>
-------------
Отзыв:</b> Один из первых табаков и первый грейп, который я курил. Было очень вкусно. Странно, что больше нигде его не встречал."
196468,Nаш,Пахлава,Нет данных,Основная,85,"3,5",Средняя,https://htreviews.org/uploads/objects/5/8d9adc3d65063afb6e703ff42731b8db.webp,"Не слишком насыщенный вкус выпечки, но и не слишком слабый, что то среднее, как будто пахлава пролежала немного и выдохлась. Ощутимы нотки орешек. Вкус в целом приятный, тёплый, без горечи, хорошо подойдёт для миксов.","Роза, Пирог","<b>
Бренд</b>: Nаш<b>
Название</b>: Пахлава(Нет данных)<b>
Линейка</b>: Основная<b>
Крепость</b>: Средняя<b>
Состав</b>: Роза, Пирог<b>
Рейтинг</b>: 3,5<b>
-------------
Отзыв:</b> Не слишком насыщенный вкус выпечки, но и не слишком слабый, что то среднее, как будто пахлава пролежала немного и выдохлась. Ощутимы нотки орешек. Вкус в целом приятный, тёплый, без горечи, хорошо подойдёт для миксов."
196549,Nаш,Barbie,Барби,Основная,86,"3,4",Средняя,https://htreviews.org/uploads/objects/5/02cd29331aedd7bec65dd440ddede2ea.webp,"Лимитированный вкус, приуроченный к выходу одноименного фильма с Гослингом и Марго Робби.
Курил пару раз на дегустациях и постоянно мне чего-то не хватало. То жвачка выходила на первый план и быстро гасла, то химозный банан с каплей горечи портил впечатление от дропа.
Как маркетинговая акция, то окей. Как вкус для покура на один раз — тоже.
Разочарования как такового не было, просто сладковатый дым со вкусом выдохшегося бабл гама, поэтому ставим просто проходняк.","Жвачка, Банан","<b>
Бренд</b>: Nаш<b>
Название</b>: Barbie(Барби)<b>
Линейка</b>: Основная<b>
Крепость</b>: Средняя<b>
Состав</b>: Жвачка, Банан<b>
Рейтинг</b>: 3,4<b>
-------------
Отзыв:</b> Лимитированный вкус, приуроченный к выходу одноименного фильма с Гослингом и Марго Робби.
Курил пару раз на дегустациях и постоянно мне чего-то не хватало. То жвачка выходила на первый план и быстро гасла, то химозный банан с каплей горечи портил впечатление от дропа.
Как маркетинговая акция, то окей. Как вкус для покура на один раз — тоже.
Разочарования как такового не было, просто сладковатый дым со вкусом выдохшегося бабл гама, поэтому ставим просто проходняк."
195428,Nаш,Юпи, х Hardhookah,Основная,87,"3,4",Средняя,https://htreviews.org/uploads/objects/5/2af83a84e3b658ce7ad30eda1f083e1f.webp,"Табак явно не жаростойкий, в перегрев ушел, при той же температуре что и эфиоп в России. Обидно сайты врут. Виноградное нечто проскакивала.
Чаша мятая турка, концептик дизайн,  4*25 кроун на разогрев, чебурашкой. Грустно...","Виноград, Газировка","<b>
Бренд</b>: Nаш<b>
Название</b>: Юпи( х Hardhookah)<b>
Линейка</b>: Основная<b>
Крепость</b>: Средняя<b>
Состав</b>: Виноград, Газировка<b>
Рейтинг</b>: 3,4<b>
-------------
Отзыв:</b> Табак явно не жаростойкий, в перегрев ушел, при той же температуре что и эфиоп в России. Обидно сайты врут. Виноградное нечто проскакивала.
Чаша мятая турка, концептик дизайн,  4*25 кроун на разогрев, чебурашкой. Грустно..."
194929,Nаш,Йошта,х Дава Дым,Основная,88,"3,4",Средняя,https://htreviews.org/uploads/objects/5/47919c863df37bb292afc6808c12c334.webp,Один из моих любым вкусов от данного производителя. Приятный вкус смородины и крыжовника. Хорош тем что не мылит и несильно уходит в кислоту ягод. Спокойно можно курить в соло а для миксов вообще хорош!,"Ягоды, Черная смородина, Крыжовник","<b>
Бренд</b>: Nаш<b>
Название</b>: Йошта(х Дава Дым)<b>
Линейка</b>: Основная<b>
Крепость</b>: Средняя<b>
Состав</b>: Ягоды, Черная смородина, Крыжовник<b>
Рейтинг</b>: 3,4<b>
-------------
Отзыв:</b> Один из моих любым вкусов от данного производителя. Приятный вкус смородины и крыжовника. Хорош тем что не мылит и несильно уходит в кислоту ягод. Спокойно можно курить в соло а для миксов вообще хорош!"
195853,Nаш,Яблоко-бузина,Нет данных,Крепкая,89,"3,4",Средне-крепкая,https://htreviews.org/uploads/objects/2/7d7a42838c2f43817553946b80081d3c.webp,"Яблоко тут анисовое, а бузина травянистая, В целом не понравилось","Яблоко, Бузина","<b>
Бренд</b>: Nаш<b>
Название</b>: Яблоко-бузина(Нет данных)<b>
Линейка</b>: Крепкая<b>
Крепость</b>: Средне-крепкая<b>
Состав</b>: Яблоко, Бузина<b>
Рейтинг</b>: 3,4<b>
-------------
Отзыв:</b> Яблоко тут анисовое, а бузина травянистая, В целом не понравилось"
195647,Nаш,Ананас фейхоа,Нет данных,Основная,90,"3,4",Средняя,https://htreviews.org/uploads/objects/5/84c54a4e090993c7bcf3072953dce23e.webp,Фейхоа здесь хорошая НО ананас очень противный как будто носки намочили в ананосом соке  очень противно курилась за счёт этого ананаса такое даже в миксы не добавиш особо,"Ананас, Фейхоа","<b>
Бренд</b>: Nаш<b>
Название</b>: Ананас фейхоа(Нет данных)<b>
Линейка</b>: Основная<b>
Крепость</b>: Средняя<b>
Состав</b>: Ананас, Фейхоа<b>
Рейтинг</b>: 3,4<b>
-------------
Отзыв:</b> Фейхоа здесь хорошая НО ананас очень противный как будто носки намочили в ананосом соке  очень противно курилась за счёт этого ананаса такое даже в миксы не добавиш особо"
185585,Nаш,Лимон,Нет данных,Основная,91,"3,4",Средняя,https://htreviews.org/uploads/objects/5/50342d5712e09c1d4dfb0d3a8bcbb8d7.webp,"Очень химозный не натуральный лимон, в соло это очень ужасно, в миксы можно распихать остатки банки чтоб не выкидывать, но очень малую часть",Лимон,"<b>
Бренд</b>: Nаш<b>
Название</b>: Лимон(Нет данных)<b>
Линейка</b>: Основная<b>
Крепость</b>: Средняя<b>
Состав</b>: Лимон<b>
Рейтинг</b>: 3,4<b>
-------------
Отзыв:</b> Очень химозный не натуральный лимон, в соло это очень ужасно, в миксы можно распихать остатки банки чтоб не выкидывать, но очень малую часть"
197837,Nаш,Лавандовый тоник ,Нет данных,Основная,92,"3,4",Средняя,https://htreviews.org/uploads/objects/5/0c2e8bf6eea142dcd69c43f6d3f16512.webp,"Я давно принял для себя решение не покупать ""Nаш"", т.к. это не мой продукт, но в магазине мне предложили это и я не удержался. 
Лаванды я тут не нашёл, от тоника есть только намёк на лимонность. Как верно отметили ниже, это скорее лимонные леденцы. Но и для лимонных леденцов это очень слабо, с теми же бёрновскими лимонными леденцами не смогли бы конкурировать.
Короче, слабо. Но хоть не противно - и на том спасибо.","Лаванда, Тоник","<b>
Бренд</b>: Nаш<b>
Название</b>: Лавандовый тоник (Нет данных)<b>
Линейка</b>: Основная<b>
Крепость</b>: Средняя<b>
Состав</b>: Лаванда, Тоник<b>
Рейтинг</b>: 3,4<b>
-------------
Отзыв:</b> Я давно принял для себя решение не покупать ""Nаш"", т.к. это не мой продукт, но в магазине мне предложили это и я не удержался. 
Лаванды я тут не нашёл, от тоника есть только намёк на лимонность. Как верно отметили ниже, это скорее лимонные леденцы. Но и для лимонных леденцов это очень слабо, с теми же бёрновскими лимонными леденцами не смогли бы конкурировать.
Короче, слабо. Но хоть не противно - и на том спасибо."
123118,Nаш,Гуанабана,Нет данных,Основная,93,"3,2",Средняя,https://htreviews.org/uploads/objects/5/5b4bc9ccb8295f984beb91d14a38de19.webp,"Ух, какая же это тропическая бадяга. 
Описать это сложно, ибо, вкус настолько неразличимый, что можно удивляться. 
Ну... Может банан и манго, где-то тут явно смешаны. Немного какой-то сливочной ноты. 
В плохом смысле ""кальяны вкус"", т.е. неразборчивый микс с доски. 

Тут даже не надо быть знатоком экзотических фруктов, чтоб понять, что вкус не очень.",Гуанабана,"<b>
Бренд</b>: Nаш<b>
Название</b>: Гуанабана(Нет данных)<b>
Линейка</b>: Основная<b>
Крепость</b>: Средняя<b>
Состав</b>: Гуанабана<b>
Рейтинг</b>: 3,2<b>
-------------
Отзыв:</b> Ух, какая же это тропическая бадяга. 
Описать это сложно, ибо, вкус настолько неразличимый, что можно удивляться. 
Ну... Может банан и манго, где-то тут явно смешаны. Немного какой-то сливочной ноты. 
В плохом смысле ""кальяны вкус"", т.е. неразборчивый микс с доски. 

Тут даже не надо быть знатоком экзотических фруктов, чтоб понять, что вкус не очень."
195291,Nаш,Ледяной арбуз,Нет данных,Основная,94,"3,2",Средняя,https://htreviews.org/uploads/objects/5/0e101e435f3f3183e88c516cbabb08a9.webp,"Не плохо, в соло не пойдет! Для миксов будет самое то, хороший и интересный вкус!","Холодок, Арбуз","<b>
Бренд</b>: Nаш<b>
Название</b>: Ледяной арбуз(Нет данных)<b>
Линейка</b>: Основная<b>
Крепость</b>: Средняя<b>
Состав</b>: Холодок, Арбуз<b>
Рейтинг</b>: 3,2<b>
-------------
Отзыв:</b> Не плохо, в соло не пойдет! Для миксов будет самое то, хороший и интересный вкус!"
158189,Nаш,Cherry Soda,Вишневая газировка,Основная,95,"3,2",Средняя,https://htreviews.org/uploads/objects/5/cba6ae2e80ab3dec6fbc3f6eeda47192.webp,"Химозное нечто, газировки не обнаружил.
Обычная миндальная вишня, не зашло.","Ваниль, Газировка, Вишня","<b>
Бренд</b>: Nаш<b>
Название</b>: Cherry Soda(Вишневая газировка)<b>
Линейка</b>: Основная<b>
Крепость</b>: Средняя<b>
Состав</b>: Ваниль, Газировка, Вишня<b>
Рейтинг</b>: 3,2<b>
-------------
Отзыв:</b> Химозное нечто, газировки не обнаружил.
Обычная миндальная вишня, не зашло."
196742,Nаш,Кактус помело,Нет данных,Основная,96,"3,2",Средняя,https://htreviews.org/uploads/objects/5/d1451faec2048ef39fed89f0ebebb040.webp,"Помело здесь совсем не уловил, а кактус есть - он довольно сочный и в меру яркий. Не фаворит в линейке вкусов. Разок взять можно, а повторно возвращаться ко вкусу вряд-ли захочется.","Кактус, Помело","<b>
Бренд</b>: Nаш<b>
Название</b>: Кактус помело(Нет данных)<b>
Линейка</b>: Основная<b>
Крепость</b>: Средняя<b>
Состав</b>: Кактус, Помело<b>
Рейтинг</b>: 3,2<b>
-------------
Отзыв:</b> Помело здесь совсем не уловил, а кактус есть - он довольно сочный и в меру яркий. Не фаворит в линейке вкусов. Разок взять можно, а повторно возвращаться ко вкусу вряд-ли захочется."
196654,Nаш,Ириска,Нет данных,Основная,97,"3,2",Средняя,https://htreviews.org/uploads/objects/5/dca1c03e156446672379fcd0168b699e.webp,"Не скажу, что аромат прям плохой, в целом - то вы и получите что - то с намеком на ирис - карамель, но как же это приторно, просто тошнотворно ). В миксах - имеет место быть, думаю, но пока пусть ждет своего времени )",Ириска,"<b>
Бренд</b>: Nаш<b>
Название</b>: Ириска(Нет данных)<b>
Линейка</b>: Основная<b>
Крепость</b>: Средняя<b>
Состав</b>: Ириска<b>
Рейтинг</b>: 3,2<b>
-------------
Отзыв:</b> Не скажу, что аромат прям плохой, в целом - то вы и получите что - то с намеком на ирис - карамель, но как же это приторно, просто тошнотворно ). В миксах - имеет место быть, думаю, но пока пусть ждет своего времени )"
181279,Nаш,Мамба,Нет данных,Основная,98,"3,1",Средняя,https://htreviews.org/uploads/objects/5/9709f6a92d4a579ca8b7d52f1e5b8c99.webp,"Не самый плохой представитель нашего. 
Ощущается апельсин, не фруктовый, но и (слава богу) не Фэри. 
Какой-то лимонадный апельсин или конфетный, с небольшой нотой ягод.
 Общая картина: сладкое месиво с небольшой кислинкой. Не мерзкий вкус, но и не мастхэв для пробы. 

Не плохо, не хорошо. Три с плюсом.","Апельсин, Вишня, Малина",
195648,Nаш,Sub-zero,Лёд,Основная,99,"3,1",Средняя,https://htreviews.org/uploads/objects/5/109eff7a82a935dccee445aad8fbeeef.webp,"среднячковый бустер свежести, не особо мощный, поэтому можно добавлять чуть больше, чем обычно",Холодок,
144469,Nаш,Vафли,Вафли,Основная,100,3,Средняя,https://htreviews.org/uploads/objects/5/4316eee350729427dc17c0ac5c334117.webp,"Отличное попадание в шоколадные вафли. Только в соло вкус слишком приторный на мой взгляд, быстро надоедает.",Вафли,
196757,Nаш,SКИТЛZZ,Скитлз,Крепкая,101,"2,9",Средне-крепкая,https://htreviews.org/uploads/objects/3/3777b9cc7a4581a4dfca35e26452fa22.webp,"В горячее касание, турка Element relic, Lotus, 2х25+1, разогрев 5 минут под колпаком. 
Смородина с ярким лаймом. Через пять минут вкус блеклый, но стабильный. Дымно и нет ТХ. На горло не давит и накуривает плавно.
Через 20 минут всё-таки попрощался с аромкой.",Конфетный,
123137,Nаш,Питахайя,Нет данных,Основная,102,"2,9",Средняя,https://htreviews.org/uploads/objects/5/fc6272687d88f1ede57ec2a8540a3366.webp,"Очень нежный тропический аромат. Вкус получился тоже отличным, сам фрукт спокойный и натуральный.",Питахайя,
196800,Nаш,КИСЛАЯ МАЛИNА,Кислая малина,Крепкая,103,"2,2",Средняя,https://htreviews.org/uploads/objects/3/55ac3af8736c2434e5d6281d284550f0.webp,Что-то с ней не то) В обычной линейке было намного вкуснее.,Малина,
196268,Brusko,Мята,Нет данных,Brusko Strong (чайная смесь),1,"4,9",Средняя,https://htreviews.org/uploads/objects/2/e3bc7c098720d69ab186062706fc435a.webp,"Обалденная мята, советую в новых партиях добавлять 10% иначе весь вкус перебъет",Мята,
188684,Brusko,Мята,Нет данных,Brusko Hookah (табак),2,"4,8",Средняя,https://htreviews.org/uploads/objects/1/5f86b037d3a8c87fb23ee0fbd5f4217bd338c60e.webp,"Начну с того, что описание немного лукавит, в том плане, что это точно не перечная мята, которую обычно представляют в кальяне, это именно обычная мята, больше в сторону какой-то жевачки. Опять-таки будет ложью сказать, что тут нет охлаждающего эффекта, он тут есть, но он идеально сбалансирован и не давит на рецепторы своей тяжестью и резкостью, что уже в плюс этому вкусу, также местами проскакивает нота сладости, что опять не даёт заскучать, в итоге имеем что-то между жевачкой и чистой мятой.
Как она работает в миксе не подскажу, но уверен, что её нужно будет добавлять больше, чем какой-то более резкий аналог, но в любом случае баланс соотношений соблюдать нужно.

Любителям мяты однозначно рекомендую, это ещё одна успешная вариация мяты, которую однозначно можно курить в чистую!

P.S. 25-ка от марта 2022 года
P.S.S. спасибо OldSmoker за рекомендацию попробовать данную мяту! Обещание сдержал!",Мята,
196278,Brusko,Капучино,Нет данных,Brusko Strong (чайная смесь),3,"4,8",Лёгкая,https://htreviews.org/uploads/objects/2/58b41ded50c990089110bdce726ba542.webp,"Действительно - капучино, с ноткой горчинки, но курибельный, вкусно, а не как ожидаешь от кофе в кальяне, не резкий. ","Кофе, Молоко",
196274,Brusko,Грейпфрут с малиной,Нет данных,Brusko Strong (чайная смесь),4,"4,6",Лёгкая,https://htreviews.org/uploads/objects/2/fffe14ac477b52933b1988f309ab7b98.webp,"Калауд: Lotus
Уголь: BigMaks 3*25
Чаша: Убивашка Хулиган
Забивка: пятно + рыхло в отступ с маленьким прижатием
Время прокура: 40 минут

Запах из банки хороший. Ничем отвратным и лишним не пахнет.
При покуре на старте выстреливает яркий и насыщенный грейпфрут без химозности и парфюма))
Малинка сладкая, но грейпфрут доминирует на ее фоне и это приятно!
Получается такое сладкое среднее послевкусие малины после грепфрута.
На данный момент пока лучший вкус, что я пробывал из бруско)
Ну что сказать...Добротно, добротно. Буду брать себе еще на полку!)","Малина, Грейпфрут",
195744,Brusko,Лимонные вафли,Нет данных,Brusko Hookah (табак),5,"4,5",Средняя,https://htreviews.org/uploads/objects/2/bd6b69133d0c96053c08ac49e2063c83.webp,"Вкус окунул в детство, когда у бабушки в деревне бежишь в магазинчик и покупаешь чуть влажные или заветренные вафли в местном магазинчике. По итогу лимона показалось мало и решил замиксовать чаша турка 50% лимонные вафли бруско, 20% лимон-лайм МХ, и 30% молока от щербетли. Таким образом удалось избавиться от суховатого привкуса в бруско","Лимон, Вафли",
188673,Brusko,Малина,Нет данных,Brusko Hookah (табак),6,"4,5",Средняя,https://htreviews.org/uploads/objects/1/50ca2209f98c8fc28c1c6673d0dc45f64cf30b92.webp,"Очень приятный малина! Достаточно сладкий, но и есть кислинка на послевкусе! Зашёл в соло, и в миксах тоже отлично! Не ожидал такого из Бруско! Крепкость тоже так себе ниже средний!",Малина,
188657,Brusko,Клубника,Нет данных,Brusko Hookah (табак),7,"4,5",Средне-лёгкая,https://htreviews.org/uploads/objects/1/cbe25901104d1e7d29d2efa4f51fbb2cf17c94a2.webp,"Свежую клубнику надо есть свежей! Хорошая табачная клубника! Аромат есть, вкус есть. Всё понятно. Да, это не свежая спелая ягода, а как и всегда и везде что-то ближе к варенью. У меня ассоциация с сиропом, которым бабушка заливала ягоды после варки. Вкусно. Я бы назвал ""Клубнично"" - это бы точнее описывало выкус и не вызывало ложных надежд. Брать и добавлять в лимонный вафли!",Клубника,
188661,Brusko,Лимон с лаймом,Нет данных,Brusko Hookah (табак),8,"4,5",Средне-лёгкая,https://htreviews.org/uploads/objects/1/02a9e83da016f89e4780bf82377a946e32270c42.webp,"Хороший лимон, дающий плацдарм для миксования.
Он такой, будто в соковыжималку кинули не чистую мякоть, а с кожуркой, при этом кожурка была тонка, не перебив вкус самой мякоти, а так, отдаленно.","Лайм, Лимон",
196262,Brusko,Пина Колада,Нет данных,Brusko Strong (чайная смесь),9,"4,5",Лёгкая,https://htreviews.org/uploads/objects/2/1bb235c4b06ac8870b74c6aa3e5bb60a.webp,"На момент покура данного аромата был знаком в целом с бестабачной кальянной смесью. 
Как то у себя еще на старой работе его купила моя девушка,уж очень она хотела это попробовать. 
На тот момент я ей сказал,что бестабачка в целом это интересный опыт курения в кальянах,но бестабачка в плане вкусов заходит отнюдь не каждому. 
Когда мы вместе попробовали это,нам понравилось обоим. 
Скажу так,это та самая пинаколада,какой я ее привык считать. Сочный,вкусный ананас. Легкая,но достаточно приятная сливочность. Кокос,который стоит на 3 месте по значимости. 
Клубнику,нарисованную на банке,я не ощутил,да и имхо не нужна она тут. Скурили за час,новые угли не закидывали,на удивление накурились.
Этот вкус у бруско однозначно стоит попробовать.",Пина колада,
197874,Brusko,Холодный персиковый чай,Нет данных,Brusko Medium (чайная смесь),10,"4,5",Лёгкая,https://htreviews.org/uploads/objects/5/837bb4e3061277bd3a17324ac536f842.webp,"не хватает слов для описания этого вкуса. 300г были скурены за четыре дня....
просто невероятно вкусно, имхо даже лучше танжа... 
возможно, холода маловато, но тут на любителя.
в остальном — отрыв всего","Чай, Персик, Холодок",
196277,Brusko,Кактусовый финик,Нет данных,Brusko Strong (чайная смесь),11,"4,5",Средне-лёгкая,https://htreviews.org/uploads/objects/2/4debd15c045d773a6832a0ee5fe9ccd9.webp,Необычно,"Кактус, Финик",
195746,Brusko,Манго,Нет данных,Brusko Hookah (табак),12,"4,5",Средняя,https://htreviews.org/uploads/objects/2/6801e40b14848969ba49b5de823d2ab0.webp,"Неплохой манго, и сладкий и травянистый одновременно. По вкусу как слегка недоспелый, но и не абсолютно зеленый. Ароматика в меру яркая, приятно залетает когда не можешь определится какой бы вид из них забить",Манго,
196257,Brusko,Ягодные Леденцы,Нет данных,Brusko Strong (чайная смесь),13,"4,5",Лёгкая,https://htreviews.org/uploads/objects/2/ddcc44bade162980e911b1401bc8d26f.webp,Нет данных,"Виноград, Черника, Леденцы, Черная смородина",
100490,Brusko,Мята,Нет данных,Brusko Medium (чайная смесь),14,"4,4",Средне-лёгкая,https://htreviews.org/uploads/objects/0/78d726a3aa1867ada9bd72d44aa2108934c82b35.webp,"Хорошая мята , кейн минт на ультраминималках можно сказать , в меру сладкий , как и написано в описании есть лёгкий холод, делающий вкус приближённым к жевательной резинки со вкусом мяты",Мята,
188682,Brusko,Ореховый капучино,Нет данных,Brusko Hookah (табак),15,"4,4",Средне-лёгкая,https://htreviews.org/uploads/objects/1/d53fd082c3f09e2a75466862f89cd1115e5bfba1.webp,"Очень годно, если хочется потабачить десертку этот вкус заходит на ура. Аромка довольно приятная и держится в течение всего покура, что не может не радовать","Кофе, Орех",
196263,Brusko,Сливочная Карамель,Нет данных,Brusko Strong (чайная смесь),16,"4,4",Лёгкая,https://htreviews.org/uploads/objects/2/fa49edd98a30537f647ab7add807230a.webp,"классная карамель, особенно в сочетании с орехом. сладкая и не приторная при этом","Сливочный, Карамель",
196203,Brusko,Инжирное варенье,Нет данных,Brusko Strong (чайная смесь),17,"4,3",Средне-лёгкая,https://htreviews.org/uploads/objects/2/f6db18ff139fa3e552285699eb18a2e8.webp,"Классное инжирное варенье. Было бы 4.5/5, если бы не испарился на 20-30 минуту. Вторую половину сеанса докуривали нотки))",Инжир,
195965,Brusko,Клубника,Нет данных,Соусы Ultra,18,"4,3",Средне-лёгкая,https://htreviews.org/uploads/objects/2/eff393c23b8a909ae9388467e7149e07.webp,Отлично добавляет дымности и не влияет на основной вкус. Постоянно берём.,Клубника,
113442,Brusko,Сибирский лимонад,Нет данных,Brusko Medium (чайная смесь),19,"4,2",Средне-лёгкая,https://htreviews.org/uploads/objects/1/f4e198de50869147e48b4d5871dc9ab280061cf1.webp,"При курении представляется хвойная иголка покрытая смолой, также присутствует приятная свежесть. По мне это больше интерпретация вкуса ëлки, а не байкала. Знаю многих кому очень понравился этот вкус, но я вау эффекта не испытал, просто нормально.",Байкал,
100473,Brusko,Капучино,Нет данных,Brusko Medium (чайная смесь),20,"4,2",Лёгкая,https://htreviews.org/uploads/objects/0/1e29384838db65ca68e63476b3a8bab68d603fee.webp,"Напоминает Нескафе 3 в 1, но гораздо вкуснее, более сладкий и сбалансированный. Подобного вкуса на рынке не знаю, это оригинально и очень приятно курится, однозначно записываю в топы.",Кофе,
111304,Brusko,Пина Колада,Нет данных,Brusko Medium (чайная смесь),21,"4,2",Лёгкая,https://htreviews.org/uploads/objects/1/ec135b2d4b073d4088ff0241ad4f5f86b78adc7f.webp,"На старом сырье в банке много сиропа при обильном жаре насыщенный вкус кокоса, сливок и клубники с легкой напиточностью и сладостью процесс курения довольно длительный. На новом же сырье у которого в банке в разы меньше сиропа насыщенность вкуса меньше и выдыхается быстрее. Старые банки с данным вкусом на твердую 5 новые 4 с натяжечкой лишь за хорошую в начале процесса арому","Ананас, Кокос, Клубника",
169937,Brusko,Бузина,Нет данных,Brusko Medium (чайная смесь),22,"4,2",Лёгкая,https://htreviews.org/uploads/objects/1/bc9a512f83a29729b29b7465817872c4c7f87d3d.webp,"слишком цветочная для меня, но не слишком мыльная, как может показаться на запах. бузины другой не курил, эту вполне можно докинуть куда то, а цветочникам можно и в соло порадоваться",Бузина,
100481,Brusko,Малина,Нет данных,Brusko Medium (чайная смесь),23,"4,1",Лёгкая,https://htreviews.org/uploads/objects/0/76378b47ca83f93b6a9b20dd358dca965928e2ac.webp,"Хороший вкус, наподобие горячего морса. Мешал его с трафимовым Шри Ланка . Достойно на постоянную основу.",Малина,
113446,Brusko,Ледяная смородина,Нет данных,Brusko Medium (чайная смесь),24,"4,1",Средне-лёгкая,https://htreviews.org/uploads/objects/1/1a97c3e9ba33c2cade8b5839712c54f21a8b4536.webp,"Микс красной и чёрной смородины с лёгким холодком и небольшой травянистостью на послевкусии. Любителям смородины должно зайти, а я восторга не испытал.","Холодок, Черная смородина",
160967,Brusko,Тархун,Нет данных,Brusko Medium (чайная смесь),25,"4,1",Средне-лёгкая,https://htreviews.org/uploads/objects/1/60af9b5dcec0f7a88f9076e2dcdd601b454bc026.webp,"Тархун из новой партии стал заметно лучше, чем старый. Сухой, приятный в работе, сам вкус сладкого лимонада тархун с его травянистостью. Туда свежести и кислинки добавить и вообще мечта.",Тархун,
160965,Brusko,Огуречный лимонад,Нет данных,Brusko Medium (чайная смесь),26,"4,1",Лёгкая,https://htreviews.org/uploads/objects/1/7e0420f4ddc1d647493be4e847d8acc5cd3eaad6.webp,"Сбалансированный огуречный лимонад, очень вкусно","Лимон, Газировка, Огурец",
195059,Brusko,Начос,Нет данных,Brusko Medium (чайная смесь),27,"4,1",Лёгкая,https://htreviews.org/uploads/objects/1/656b688ffc87f605072ae32839c895f065922551.webp,"Пахнет из банки не особо приятно, специфичненько. При раскуривании и курении надо дать побольше жара тогда вкус раскроется как кукурузная основа с паприкой, и томатный соус. Было бы не плохо если бы еще сделали чисто томатный вкус бруско. Данному вкусу лучше давать больше жара раскроется ярче, из минусов конечно при большом жаре быстрее закончиться аромка. На не сиропистом сырье теперь кальян отмывается легче",Гастрономия,
194908,Brusko,Виноград,Нет данных,Brusko Medium (чайная смесь),28,"4,1",Лёгкая,https://htreviews.org/uploads/objects/1/9d8923019c92a686b424cd689cdb022a0a62d8bb.webp,"На новом сырье не так насыщенно как было раньше (части вкусов смена сырья на менее сиропистое пошло на пользу, другим не очень) вкус темного сладковатого винограда, так же ощущается привкус листьев винограда. Посторонних привкусов нет, сырье при курении не вылезает. Думаю стоит вернуться к пере тесту брузко в том числе к табачной линейке",Виноград,
195274,Brusko,Цитрусовый чай,Нет данных,Brusko Medium (чайная смесь),29,"4,1",Лёгкая,https://htreviews.org/uploads/objects/1/751621652a2e205925ac94a1e86492f3c00a5a93.webp,"Для меня это лучший вкус от Бруско. Купил совершенно случайно, так как не фанат чая, но вкус удивил. Вкус реально чая с лимоном, слегка сладковатый, слегка кислый, очень хорошо чувствуется и чай и лимон. Сам вкус вообще не надоедает. Если вижу в магазинах, всегда беру не думая, очень советую попробовать.","Лимон, Черный чай",
195272,Brusko,Фейхоа,Нет данных,Brusko Medium (чайная смесь),30,"4,1",Средне-лёгкая,https://htreviews.org/uploads/objects/1/afd53498ebed168d8660b05452921c7443b7c7c4.webp,"Сладкая сладкая фейхоа. В соло не скучно, но хочется чего то нового. Вкус держит долго.",Фейхоа,
128936,Brusko,Грейпфрут с малиной,Нет данных,Brusko Medium (чайная смесь),31,4,Лёгкая,https://htreviews.org/uploads/objects/1/659c1ab66d2aa98b0eb2756f2cd5deae9010eb4e.webp,"Минус от оценки чисто из-за того что в нынешних партиях эта аромка раскрыта намного вкуснее именно в лимонадах, а не табаках. Грейпфрут сначала кислит, а после сладенький, похожий даже на мандаринку, в итоге пробивающийся малиной.","Малина, Грейпфрут",
150145,Brusko,Имбирный лимонад,Нет данных,Brusko Medium (чайная смесь),32,4,Средне-лёгкая,https://htreviews.org/uploads/objects/1/070865a1c99743d9a2f310bcc9541e26c72cc36c.webp,"Upgrade малая
3*25
Вкусно. Дымно. Не крепко) Думаю, вкус быстро надоест если курить часто и в соло, так как весьма насыщенный","Лимон, Газировка, Имбирь",
100483,Brusko,Манго со льдом,Нет данных,Brusko Medium (чайная смесь),33,4,Лёгкая,https://htreviews.org/uploads/objects/0/0e84a1415af893fce61de55a3358c0a3b3d0ba73.webp,"Забил в соло на убивашке от Хулигана.
Почему-то показалось что чутка терпко и слишком холодок больше почувствовал, чем само манго.
Покурить на один раз пойдет (Лично для меня).","Манго, Холодок",
169939,Brusko,Гранат,Нет данных,Brusko Medium (чайная смесь),34,4,Лёгкая,https://htreviews.org/uploads/objects/1/2428a2710c7eb73c13247bf52525840ab786486d.webp,"Хороший гранат, не идеальный, чуть бы послаще и топ. Присутствует кислинка, терпкость, многогранность вкуса, всё, за что гранат мы и любим. В миксах перетягивает одеяло на себя, поэтому слишком много добавлять не рекомендую. Партия середина 2024, жижи на дне нет, работать со смесью стало куда приятнее, но прогревать нужно долго",Гранат,
188665,Brusko,Грейпфрут с малиной,Нет данных,Brusko Hookah (табак),35,4,Средне-лёгкая,https://htreviews.org/uploads/objects/1/e8ea57b7c18e58c75680d70ed00fdae91d03d714.webp,"Яркий, но мылом отдает, нужно хорошо раскурить и с чем то замешать нейтральным.","Малина, Грейпфрут",
195277,Brusko,Ягодный морс,Нет данных,Brusko Medium (чайная смесь),36,4,Лёгкая,https://htreviews.org/uploads/objects/1/eaccb9931709f9c051ab18b8413155ec8e76274c.webp,"Одновременно и сладко и кисло, сложно выделить какие либо ягоды если не знать что в описании, так что в слепую просто ягодная мешанина. Преимуществом является что при смешивании с безаромной базой получаем приятную уже табачную мешанину с ягодами без привкуса солевого никотина как у некоторых производителей. Но все таки проходной вкус для массмаркета","Малина, Черная смородина",
195271,Brusko,Смузи из яблока и киви,Нет данных,Brusko Medium (чайная смесь),37,4,Лёгкая,https://htreviews.org/uploads/objects/1/b3c3e7151c001fedd5ecb7705b535d68af9ecb90.webp,"Калауд: Lotus  
Уголь: Cocoloco 3*25  
Чаша: Cosmo bowl Turkish  
Забивка: пятно + рыхло с небольшим прижатием  
Время прокура: 50 минут  

Добротная зеленушка. Что из банки, что при покуре - кайф. Разными красками играл этот моно микс. То кожурка от яблочка, то киви сладкий. Беру еще)","Киви, Яблоко",
195748,Brusko,Маракуйя,Маракуйя ,Brusko Hookah (табак),38,4,Средне-лёгкая,https://htreviews.org/uploads/objects/2/ac93148b2b96275dec8c29f792a5e67f.webp,"Если бы попробовал до маракуйи от BlackBurn то поставил бы оценку повыше. В целом вкус стабильно узнаваемый, понятный и всё с ним хорошо, главное не перегревать, а то большая сиропистость даёт привкус кипячёного варенья. Однозначно подойдёт в миксы, с чем-то что усилит кислинку, но не лимон.",Маракуйя,
196290,Brusko,Маракуйя,Нет данных,Brusko Strong (чайная смесь),39,4,Лёгкая,https://htreviews.org/uploads/objects/2/fc8fcac917da0cf0e54e36c3ac5d07ad.webp,"В меру кислая, в меру сладкая маракуйя, за свои деньги точно пригодится за стойкой или дома",Маракуйя,
196264,Brusko,Смузи из яблока и киви,Нет данных,Brusko Strong (чайная смесь),40,4,Средне-лёгкая,https://htreviews.org/uploads/objects/2/a23ee8bd04c697723faf8997d217b812.webp,"Очень хорошее сочетание, сочное, фруктовое, больше подходит для фруктового фона.","Киви, Яблоко, Холодок",
196261,Brusko,Папайя,Нет данных,Brusko Strong (чайная смесь),41,4,Лёгкая,https://htreviews.org/uploads/objects/2/78daa7ce3c45537c3e62eb7d4692230e.webp,"Хорошая сладкая папайя как по мне (другую папайю не пробовал). В миксе не теряется, но как и все у бруско — сладко, сладко и еще раз сладко.",Папайя,
196255,Brusko,Яблочный штрудель,Нет данных,Brusko Strong (чайная смесь),42,4,Средне-лёгкая,https://htreviews.org/uploads/objects/2/ef4285c7598c463c832ce801c6604980.webp,"Имбирь и корица чувствуются, пирог и яблоко тоже есть, но послабее немного. В принципе пойдёт, если хочется яблочной выпечки.","Корица, Яблоко, Имбирь, Пирог",
195747,Brusko,Кола,Нет данных,Brusko Hookah (табак),43,4,Средняя,https://htreviews.org/uploads/objects/2/d8d9283b686c8981fc37b007cc506e04.webp,"Не лучшая, но и не худшая кола. Просто стандартная, чуток мармеладная, кое-где чуток подмыленная, с приятной средней крепостью. Как-бы норм, взять можно, но есть получше",Кола,
196292,Brusko,Ананас,Нет данных,Brusko Strong (чайная смесь),44,4,Лёгкая,https://htreviews.org/uploads/objects/2/d2ec8e03a3c9588343970bff2d47b8db.webp,Нет данных,Ананас,
196252,Brusko,Шоколад с мятой,Нет данных,Brusko Strong (чайная смесь),45,4,Лёгкая,https://htreviews.org/uploads/objects/2/a03828a4619ec1fb7b7944850b09c3fd.webp,Нет данных,"Мята, Шоколад",
113436,Brusko,Ягодная хвоя,Нет данных,Brusko Medium (чайная смесь),46,"3,9",Лёгкая,https://htreviews.org/uploads/objects/1/04269514ade79e3dba073b66650345af4b8861ad.webp,"Ягод не хватило, хвои тоже. Химозный привкус отбил желание докуривать банку. Очень крупная смесь, надо резать чтоб нормально забить.","Ягоды, Хвойный",
172789,Brusko,Ягодные Леденцы,Нет данных,Brusko Medium (чайная смесь),47,"3,9",Лёгкая,https://htreviews.org/uploads/objects/1/c68be14f9445f7238e698847901fd59f6c9c5ed1.webp,"Черника с виноградом и холодком. Отдает не леденцами а какой-то мятой. Вроде бы неплохой вкус, но приедается невероятно быстро. Очень сильно напомнило лесные ягоды мастхева, кстати.","Виноград, Черника, Леденцы, Черная смородина",
129751,Brusko,Лимонный пирог,Нет данных,Brusko Medium (чайная смесь),48,"3,9",Лёгкая,https://htreviews.org/uploads/objects/1/a0956276f718858bdc4128e4d8b837741563ddb8.webp,"Лимонный пирог,но не хватает насыщености","Лимон, Пирог",
154046,Brusko,Груша с бананом,Груша с бананом,Brusko BIT,49,"3,9",Лёгкая,https://htreviews.org/uploads/objects/1/5447e43a1f1a04317fcca96f1be81c10de5c12e0.webp,"Выраженный больше банан, правда, не химозный, но груша как-то отталкивает и придает странный привкус. Аромка насыщенная, на один раз можно попробовать","Груша, Банан",
154060,Brusko,Ореховое печенье,Нет данных,Brusko BIT,50,"3,9",Средне-лёгкая,https://htreviews.org/uploads/objects/1/d1ce8805e42f4f7386a2e1df8b3378eadf957d7e.webp,"Насыщенный аромат, долго держится, очень понравилось, курила в соло. В меру и орехи, и печенья, прям напоминает арахисовую пасту, как по мне.","Орех, Печенье",
154038,Brusko,Ананас с манго и клубникой,Нет данных,Brusko BIT,51,"3,9",Средне-лёгкая,https://htreviews.org/uploads/objects/1/d364cea813fbbcdf449cbce2dd88eff943a8a5f0.webp,"Вкусный сладкий микс. Мне в первую очередь чувствовалась клубника, ананас шёл фоном. Манго не распознала.","Ананас, Манго, Клубника",
195750,Brusko,Виноград,Нет данных,Brusko Hookah (табак),52,"3,9",Средне-лёгкая,https://htreviews.org/uploads/objects/2/f03ad82e81363ec3c8a3ba5ea7ccfb3e.webp,"Это и вправду обычный тёмный виноград, сильно перекликается с виноградами от Spectrum и Sebero, можно сказать, что брат-близнец, но мне понравился меньше, ввиду того, что ароматика менее выражена, но и в то же время, как будто бы ароматику использовали ту же самую, иногда почёсывало горло, что очень странно, возможно где-то напортичил, но оценка не из-за этого будет.
Вряд ли бы ещё взял конкретно этот вкус, ибо перечисленные выше компании получились увереннее, но если вам нужен тёмный виноград средней крепости - это неплохой вариант.

P.S. партия от февраля 2023 года
P.S.S. спасибо OldSmoker за рекомендацию, но, увы, не мой это вкус, хотя может быть в миксах заиграл бы по-другому.",Виноград,
148702,Brusko,Вишневый лимонад,Нет данных,Brusko Medium (чайная смесь),53,"3,8",Лёгкая,https://htreviews.org/uploads/objects/1/e9ac5da8bea72c58d871d119eaa7af74584db16d.webp,"Вишня, не черешня должна быть кисловатой, а тут как будто сделали вишневый лимонад, но всю кислоту и сахар свели к нулю, очень странный пустой вкус. Меня как любителя вкуса вишни расстроил. Даже в микс особо не забить.","Лайм, Лимон, Газировка, Вишня",
100475,Brusko,Клубничный джем,Нет данных,Brusko Medium (чайная смесь),54,"3,8",Лёгкая,https://htreviews.org/uploads/objects/0/846a500ea2f74aabe9ad5cb4072a4abec835a8ca.webp,"База 3шт 25ых, прогрев 5+ мин, прямоток, микс с северным чифир в сладость + хвоя джента
Вкус: джемовое варенье, очень яркая клубника (долго играющая и химозненько) курилось в миксе до конца минут 45 оставался вкус
Крепость: я бы поставил 0 если можно.
Итог: микс интересный получился, такой дачный чай из серии нарвал с огорода, чифир играл долго, как и ожидалось джент с хвоей после 25+мин сказал я устал, ухожу, а вот клубничное варенье победило по времени, но не понравился привкус химозности или не натуральности вкуса. В целом это намного лучше чем бестабачка джема, куриться достойно.",Клубника,
100463,Brusko,Банановый пирог,Нет данных,Brusko Medium (чайная смесь),55,"3,8",Лёгкая,https://htreviews.org/uploads/objects/0/cc43f80f0cfa325ea1c892b822c424c88f84f515.webp,"Не знаю,почему у этого вкуса настолько много негатива.
Из банки пахнет офигенно,при покуре вкус немного другой,но тоже ниче так. 
Грустно то,что вкус улетучился через полчаса и чувствовался вкус бестабачной базы. С другой стороны,ну а че ожидать от кальянной смеси за 150 (тогда) рублей.","Банан, Пирог",
188680,Brusko,Десерт с корицей,Нет данных,Brusko Hookah (табак),56,"3,8",Средняя,https://htreviews.org/uploads/objects/1/d3c3297d23994b13636cbf740dfc0ffdb4a8fe3a.webp,"Так, претензии к названию! Десерт - что за десерт? У меня в детстве яблоко было на десерт. Сейчас этих десертов слишком большое разнообразие. Корицы маловато, как по мне, она как будто не в десерте, а где-то рядом полежала. Переименовал для себя вкус в ""овсяное печенье, которое хранится в банке из-под корицы"" и всё встало на места. В этом случае всё вполне себе получается. Вкус не сильный и миксовать его нужно осторожно. В целом, думаю с чаем покатит!","Корица, Десерт",
188659,Brusko,Яблоко,Нет данных,Brusko Hookah (табак),57,"3,8",Средняя,https://htreviews.org/uploads/objects/1/31f338697adcf664b85b9c4e2223981dad0f9b2a.webp,"Очень слабое проходное яблоко (у меня вообще напоминало кошачьи ссаки), но так как в компании мнения разделились то тройка и больше для себя не куплю. Табак со вкусом яблока гораздо лучше",Яблоко,
188669,Brusko,Апельсин,Нет данных,Brusko Hookah (табак),58,"3,8",Средне-лёгкая,https://htreviews.org/uploads/objects/1/9c673a15bc79051b49064e8715d0ebd1eae6e404.webp,"Апельсин такой,каким он должен быть. 
Не апельсиновая,бл,цедра,не духи,не сок,а именно чистый,офигенный апельсин. 
Аромка сбалансированная. Не сказать что переаромлена, и не сказать что аромка слабая. 

Это первый вкус табачки от бруско,который я пробовал,и он меня не разочаровал. 
В соло да,в миксы - еще больше да.",Апельсин,
188644,Brusko,Дыня с арбузом,Нет данных,Brusko Hookah (табак),59,"3,8",Средне-лёгкая,https://htreviews.org/uploads/objects/1/e53e4beb07d757a29bb66f2b2045035af7953e93.webp,"Первым планом идет дыня, затем арбузное послевкусие. Эх, мяты бы еще....","Дыня, Арбуз",
196296,Brusko,Бельгийские вафли,Нет данных,Brusko Strong (чайная смесь),60,"3,8",Средне-лёгкая,https://htreviews.org/uploads/objects/2/065ec4d3a5332e8629c2e98c4d060ffc.webp,"Неплохой вкус, но ожидал вафли ,а получил фрукту с фоном вафель. В общем название не соответствует вкусу, но в целом неплохо","Клубника, Банан, Вафли",
196206,Brusko,Абрикос,Нет данных,Brusko Medium (чайная смесь),61,"3,8",Средняя,https://htreviews.org/uploads/objects/2/e27183825d50f19f5b8f30e7f66da6e2.webp,"Для меня спорно. Да, это скорее не абрикос, а что-то другое, но в миксе чувствуется вкусно. Добавил абрикос+базилик(дс)+киви(элемент) получил морковь) Короче странный он, этот абрикос.",Абрикос,
196202,Brusko,Энергетик,Нет данных,Brusko Strong (чайная смесь),62,"3,8",Средне-лёгкая,https://htreviews.org/uploads/objects/2/1cd72c6f530147d649f44a709ef54617.webp,"Не понравилось. На запах обычный энергетик, прям химозный, при курении ароматика уходит на второй план, прям где-то фоном. Сильно сушит, так и крепости нет, предполагал, что это уровня hook.",Энергетик,
196275,Brusko,Дыня с кокосом и карамелью,Нет данных,Brusko Strong (чайная смесь),63,"3,8",Лёгкая,https://htreviews.org/uploads/objects/2/522cf80d3c2abd67205b847013e33abd.webp,"Курибельно, но дыню перебивал кокос, карамель была на послевкусии. В целом не скажу, что прям очень плохо, но мне не особо зашло. ","Кокос, Дыня, Карамель",
196247,Brusko,Холодок,Нет данных,Brusko Strong (чайная смесь),64,"3,8",Лёгкая,https://htreviews.org/uploads/objects/2/091578a636ad4455584cd55080c5fd9d.webp,"Не люблю холодок в кальяне, но как-то был у друзей и ребята добавили холодок от Brusko к арбузной аромке - это было приятно, один раз такое можно покурить точно. Так зачем платить за холодок от других производителей, который стоит дороже, если можно взять этот и насладиться прохладой в табаке?",Холодок,
196286,Brusko,Лимонный пирог,Нет данных,Brusko Strong (чайная смесь),65,"3,8",Лёгкая,https://htreviews.org/uploads/objects/2/357561bb0352c18d619c55467701e15a.webp,Нет данных,"Лимон, Пирог",
100500,Brusko,Чизкейк,Нет данных,Brusko Medium (чайная смесь),66,"3,7",Лёгкая,https://htreviews.org/uploads/objects/0/e1e05f1e6d89c501fd447d2ec7ccfafe7f58df90.webp,Нежный и в меру сладкий творожно-пироговый вкус. Пока что это лучший чизкейк из тех что я пробовал.,Чизкейк,
100458,Brusko,Ананас,Нет данных,Brusko Medium (чайная смесь),67,"3,7",Средне-лёгкая,https://htreviews.org/uploads/objects/0/5f02cba6aefb683863c70cc049cd0ec3107abbb4.webp,"Из банки пахнет химозой, так что желания курить это не возникает) Впрочем как и большинство ароматов данного бренда. 
На покуре ананас чувствуется, а так же бустер кислоты.
Накура нет от слова совсем, но это походу проблема конкретного сырья",Ананас,
150141,Brusko,Фруктовое драже,Нет данных,Brusko Medium (чайная смесь),68,"3,7",Лёгкая,https://htreviews.org/uploads/objects/1/e8ba79ec1345dac699d5f0b2ae999c31453c26c6.webp,Калька конкретная. Вкус кислинки и сырья. Ни за что никому не посоветую это.,Фрукты,
129757,Brusko,Тропический смузи,Нет данных,Brusko Medium (чайная смесь),69,"3,7",Лёгкая,https://htreviews.org/uploads/objects/1/a5a3d378d7b5a3265bec1e8f8fa02332756d4189.webp,"Из банки пахло очень круто и приятно, при покуре аромка послабее конечно. Хорошо подойдет в ""девчачьи"" компании и для подобных посиделок, простой и легкий вкус) Нельзя сказать что это прям вау, но однозначно неплохо.",Фрукты,
154058,Brusko,Куба либре,Нет данных,Brusko BIT,70,"3,7",Лёгкая,https://htreviews.org/uploads/objects/1/dcde6e853ced03f34876a1a09d63692c79d4cc57.webp,В отличии от большой банки как будто лайма все же больше чем рома из-за чего вкус просто напоминает чупа-чупс с колой и лаймом. Химознично.,Куба либре,
160961,Brusko,Ананас с помело и личи,Нет данных,Brusko Medium (чайная смесь),71,"3,7",Лёгкая,https://htreviews.org/uploads/objects/1/91bd0b3485da74c067f2914faeb0dbe3f17862c4.webp,Немного чувствуется помело и личи,"Ананас, Помело, Личи",
188654,Brusko,Лесные ягоды,Нет данных,Brusko Hookah (табак),72,"3,7",Средне-лёгкая,https://htreviews.org/uploads/objects/1/acbdf65b69ca7487193505d177bc69ae0ac53010.webp,"Наконец-таки я добрался до этого табака, уже как 100 лет обещал товарищу ""OldSmoker"" попробовать данный вкус по его рекомендации и это свершилось. Жаль, что этот вкус мне не особо-то и понравился, но в сторону воду. Это очень яркие лесные ягоды, разобрать какие попросту невозможно, но что можно сказать с большей уверенностью, что в данном миксе есть ежевика или черника/голубика, ибо вкус мыла дико раздражает весь сеанс курения, что несказанно портит всё впечатление о данном вкусе. Рекомендовать точно не могу, по той простой причине, что вкус достаточно мыльный, но, возможно, в миксах эта штука и приживётся.

P.S. банка от июня 2022 года.
P.S.S. Спасибо, OldSmoker, за рекомендацию, в любом случае всё всегда на вкус и цвет.","Черника, Ягоды, Клубника, Малина",
195267,Brusko,Инжирное варенье,Нет данных,Brusko Medium (чайная смесь),73,"3,7",Лёгкая,https://htreviews.org/uploads/objects/1/c866625ee8f8d6ba5ac312e1f4f46e4e91031ee1.webp,Может это и похоже на инжир но зелёный и тупо горький,Инжир,
196259,Brusko,Малина,Нет данных,Brusko Strong (чайная смесь),74,"3,7",Средне-лёгкая,https://htreviews.org/uploads/objects/2/aad6ce0409bb6fce3ef7d0d770802280.webp,"Абсолютно нет вкуса, послевкусие малиновых косточек и всё, возможно потому что курил на турке, попробую на фанеле и возможно дополню",Малина,
196293,Brusko,Ананас с помело и личи,Нет данных,Brusko Strong (чайная смесь),75,"3,7",Средняя,https://htreviews.org/uploads/objects/2/319f601841d452813fe3a18ef34637cc.webp,"Довольно странный вкус. Баланса нет как такового. Заявленного ананаса почти не чувствуется. Легкая цитрусовость на послевкусии. Почти весь аромат забирает на себя личи. В соло курить довольно приторно, с чем миксовать непонятно.","Ананас, Помело, Личи",
196248,Brusko,Цитрусовый чай,Нет данных,Brusko Strong (чайная смесь),76,"3,7",Лёгкая,https://htreviews.org/uploads/objects/2/c9fb84584d6ec219d881556c689fdcc1.webp,"хорошо получился именно холодный цитрусовый чай, что-то типа нести, липтона и фьюз ти, мне зашло)","Лимон, Черный чай",
196201,Brusko,Сибирский лимонад,Нет данных,Brusko Strong (чайная смесь),77,"3,7",Средне-лёгкая,https://htreviews.org/uploads/objects/2/2f2985d8ac0e0b6ce9c28fdd613b0118.webp,"Отличное попадание в байкал. В меру хвои, легкая нота колы, ароматика наверно на уровне сармы. Да, лимонад должен быть прохладным, но первые минут 15 свежести немного в избытке, она видимо чуть гасит насыщенность вкуса. А так один из топов байкала",Байкал,
100469,Brusko,Дыня с кокосом и карамелью,Нет данных,Brusko Medium (чайная смесь),78,"3,6",Лёгкая,https://htreviews.org/uploads/objects/0/9e08a4e9a85942da8048db20f56db5393d519fc1.webp,"Ничего не ожидал от бруско из-за предыдущего опыта с ним, но этот вкус поразил. Все компоненты микса отчетливо ощущаются и прекрасно гармонируют. В основе сладкая дыня, карамель придает сливочности, кокос как вишенка на торте. Вкус держался минут 40 на малограммовой чашке","Кокос, Дыня, Карамель",
100471,Brusko,Кактусовый финик,Нет данных,Brusko Medium (чайная смесь),79,"3,6",Лёгкая,https://htreviews.org/uploads/objects/0/a62c97e6e2fb0af985ba597f86192ded5f431f85.webp,"В качестве эксперимента на один раз - ок, дальше пачку только выкидывать, потому что вкус настолько странный, что добавлять его либо некуда, либо не хочется. Далее по самому вкусу: никакого финика, один кактус, притом с привкусом какой-то хвои/травы",Кактус,
169943,Brusko,Энергетик,Нет данных,Brusko Medium (чайная смесь),80,"3,6",Лёгкая,https://htreviews.org/uploads/objects/1/08bd8d9dbf51b05a72e04bcd6c4a644dc6699061.webp,"До хорошей вкусо передачи энергетика еще далеко, но пойдет. Аромка в данном вкусе на новом сырье сильно гуляет от партии к партии (порой очень сухая смесь в банке) в соло слабо по вкусу торнадо оригинал, мешать с чем либо аккуратно что бы не потерялся. Напиточность в принципе миксу придать может. На старом сырье наверное было бы по интереснее",Энергетик,
148626,Brusko,Бельгийские вафли,Нет данных,Brusko Medium (чайная смесь),81,"3,6",Лёгкая,https://htreviews.org/uploads/objects/1/38343add54524e7eda3d49bdddd7f51abb9148c5.webp,"Приятные вафли, на удивление мне зашли. Правда спустя время полностью пропадает вкус этих самых вафель и остается только клубника и банан, а потом еще и чайное сырье бьет во всю. Ставлю такую оценку потому что это первая бестабачка (тем более от бруско), которую хочется покурить еще раз",Вафли,
100502,Brusko,Шоколад с мятой,Нет данных,Brusko Medium (чайная смесь),82,"3,6",Лёгкая,https://htreviews.org/uploads/objects/0/215a6f9d715b30a062a3e387e862e177ef520bcf.webp,"Неплохо, очень неплохо. Это второй choco mint, который я беру и этот уже курить можно. Да, мята преобладает над шоколадом, но вот что я вам скажу, ощущение горького шоколада на вдохе и молочного на выдохе - это просто божественно, пусть и с мятой, но это всё равно круто. Не всем зайдёт, но попробовать разок, если всё уже приелось точно стоит","Мята, Шоколад",
154072,Brusko,Ягодный морс,Нет данных,Brusko BIT,83,"3,6",Лёгкая,https://htreviews.org/uploads/objects/1/18f8fcc7e51cd1ba2fd6a3c30dc2fef16b7f44bd.webp,Оч вкусные лесные ягоды. В начале присутствует легкий холодок.,"Малина, Черная смородина",
160963,Brusko,Личи со льдом,Нет данных,Brusko Medium (чайная смесь),84,"3,6",Лёгкая,https://htreviews.org/uploads/objects/1/c8cdc0915342c09c0abc5bee3feee6d09330cc11.webp,Вполне хороший вкус. Такой мягкий и вкусный. Не почувствовал химозности как в комментах,"Холодок, Личи",
194910,Brusko,Персик с бананом и клубникой,Нет данных,Brusko Medium (чайная смесь),85,"3,6",Лёгкая,https://htreviews.org/uploads/objects/1/ddc4284911f56a897247ee61bc3c3ce91e22762f.webp,"Просто вкусный табак, подойдет всем","Клубника, Банан, Персик",
188678,Brusko,Личи,Нет данных,Brusko Hookah (табак),86,"3,6",Средне-лёгкая,https://htreviews.org/uploads/objects/1/d9fa5990d623126cc4b850dbe259d6ba5193db28.webp,"Это годно.
Это очень годно, лучший вкус табака бруско.
Этот вкус по большей части универсален и ультимативен.
Прям приятно впечатлил.
Сладенький, этого достаточно.
Сочетается с цитрусом, тропиками, цветами.",Личи,
195972,Brusko,Лимонад с Личи ,Нет данных,Соусы Ultra,87,"3,6",Средне-лёгкая,https://htreviews.org/uploads/objects/2/34d0079e487a0956ceabff870d718290.webp,"Взял на пробу , да бы заценить что это 
Как раз завалялся легкий табак - Эндорфин персик 
Ну крепость кстати говоря чуть чуть появилась 
Из легкого в стремящийся к среднему вышло 
Лист да есть по аромке , чувствуется 
Если много налить ,то очень сильно на себя одеяло тянет холодок 
Так один раз взять побаловаться можно 
Если как раз в нычке есть легкий табачела ","Цитрус, Личи",
197875,Brusko,Красный виноград и смородина,Нет данных,Brusko Medium (чайная смесь),88,"3,6",Лёгкая,https://htreviews.org/uploads/objects/5/5d1ff12e0c4df817dd904cacc90465be.webp,"Обычная смородина в сочетании с красным виноградом, но переборщили с холодком","Виноград, Холодок, Черная смородина",
196760,Brusko,Манго с маракуйей,Нет данных,Brusko Medium (чайная смесь),89,"3,6",Лёгкая,https://htreviews.org/uploads/objects/3/fe87c1fdcc716311e6373185782ea452.webp,Нет данных,"Манго, Маракуйя",
100479,Brusko,Лимон с мелиссой,Нет данных,Brusko Medium (чайная смесь),90,"3,5",Лёгкая,https://htreviews.org/uploads/objects/0/110fc9f6d4c82f531c82ed909f952b52ad09567b.webp,"Кисленткий, освежающий - не уступает Лемонбласту от ДС, он немного другой, но тоже сочный, летний и не напрягающий.","Лимон, Мелисса",
100493,Brusko,Печенье с бананом,Нет данных,Brusko Medium (чайная смесь),91,"3,5",Средне-лёгкая,https://htreviews.org/uploads/objects/0/db6f3f549f9606eb9baa150eb161c6055fffbfc3.webp,"Хорошее сочетание песочного печенья и нежного банана. Немного не хватило яркости, но вкус удачный. Я предпочитал раньше забивать его в касание чтобы было поярче.","Банан, Печенье",
194909,Brusko,Клюква,Нет данных,Brusko Medium (чайная смесь),92,"3,5",Лёгкая,https://htreviews.org/uploads/objects/1/e8a4ec99dcc5c11ab1855104a3ad8fadf881e7bc.webp,"Не плохая клюква, но и не самая лучшая. В соло кисло-сладкая приятная клюква.
В миксах чувствует себя как родная. В последний раз миксовал с малиной и чутка холодка и получилось вкусно!
В общем и целом покурил бы еще)",Клюква,
188675,Brusko,Киви,Нет данных,Brusko Hookah (табак),93,"3,5",Средняя,https://htreviews.org/uploads/objects/1/0d3bc6b1b4d4dc678ec99e94864bf7ae579f0db7.webp,"Сладковато, но не почувствовал кислость. Тварянистое пюре из неспелых киви. Хотелось бы чтобы было более сочно и чуток кислинки. Впринципе для ознакомления покурить можно. Но, другие вкусы мне понравились больше.",Киви,
188667,Brusko,Гранат,Нет данных,Brusko Hookah (табак),94,"3,5",Средне-лёгкая,https://htreviews.org/uploads/objects/1/2d24318adb08dd086f6619163bad5dcc13e0197a.webp,"Неплохой гранатовый сок, сладкий, приятный, ноты корки или косточки отсутствуют, в целом вкусно, но на рынке есть более достойные представители",Гранат,
195270,Brusko,Ореховое печенье,Нет данных,Brusko Medium (чайная смесь),95,"3,5",Лёгкая,https://htreviews.org/uploads/objects/1/382c0ee16539f1dedbae7a30c258d826b6c771a0.webp,"Калауд: Lotus  
Уголь: Cocoloco 3*25  
Чаша: Cosmo bowl Turkish  
Забивка: пятно + рыхло с небольшим прижатием  
Время прокура: 40 минут  

Ну, орехи и орехи…  
Странное печенье с мылом и орехами, оставляющее непонятное послевкусие.","Орех, Печенье",
196284,Brusko,Ледяной арбуз,Нет данных,Brusko Strong (чайная смесь),96,"3,5",Лёгкая,https://htreviews.org/uploads/objects/2/316b9d778b44dff588dcab5900ca2815.webp,"А вот это очень хороший бюджетный арбуз со свежестью, в миксы с табаками по крепче залетает на ура, даже выдержал касание","Холодок, Арбуз",
196279,Brusko,Клубничный джем,Нет данных,Brusko Strong (чайная смесь),97,"3,5",Лёгкая,https://htreviews.org/uploads/objects/2/b482af3b0b3622b45ed6d50f8946d16c.webp,Ну что сказать что то сладкие клубника не очень чувствуется не понравилось,Клубника,
196260,Brusko,Бузина,Нет данных,Brusko Strong (чайная смесь),98,"3,5",Средняя,https://htreviews.org/uploads/objects/2/4b82b272195c321657257a87a6edec89.webp,"Узнаваемая и нормальная бузина с хорошим балансом цветочности-кислинки-сладости. Вкус приятный, правда яркости с крепостью как-будто чуть не достает, все тянет больше жарку поддать. Для своей цены очень очень даже ничего вариант",Бузина,
196291,Brusko,Абрикос,Нет данных,Brusko Strong (чайная смесь),99,"3,5",Лёгкая,https://htreviews.org/uploads/objects/2/d010f554f20831fb1eb2425e6eebd1a7.webp,Нет данных,Абрикос,
196287,Brusko,Личи со льдом,Нет данных,Brusko Strong (чайная смесь),100,"3,5",Лёгкая,https://htreviews.org/uploads/objects/2/0bfd9debf29d3800cf52381af3d7a2e7.webp,Нет данных,"Холодок, Личи",
196266,Brusko,Мохито,Нет данных,Brusko Strong (чайная смесь),101,"3,5",Лёгкая,https://htreviews.org/uploads/objects/2/561936cc98bcd1629394124e1329d3f3.webp,Нет данных,Мохито,
100477,Brusko,Кокос со льдом,Нет данных,Brusko Medium (чайная смесь),102,"3,4",Лёгкая,https://htreviews.org/uploads/objects/0/6086b62846ea5c980a4c63741e9238eeb98be856.webp,"На первом месте сливочный, нежный кокос, а дополняет его ментоловая свежесть. Но вот опять же, а зачем здесь ментоловая? Почему нельзя добавить чистый холод? Напомнило дарк айскрим от ДС, но тут курится приятнее.","Кокос, Холодок",
148624,Brusko,Яблочный штрудель,Нет данных,Brusko Medium (чайная смесь),103,"3,4",Лёгкая,https://htreviews.org/uploads/objects/1/5b4c07c10ca6775cd8b46d7112b33a33a16ca0bf.webp,Невнятный вкус яблочек и ооочень отдаленно выпечка. У северного шарлотка намного вкуснее..,"Яблоко, Пирог",
100495,Brusko,Холодок,Нет данных,Brusko Medium (чайная смесь),104,"3,4",Лёгкая,https://htreviews.org/uploads/objects/0/248255967c74c716b7e70ac9a1f5c54bddb0f4a3.webp,Хороший холодок :),Холодок,
154062,Brusko,Смузи из маракуйи и малины,Нет данных,Brusko BIT,105,"3,4",Лёгкая,https://htreviews.org/uploads/objects/1/e976128ffa730237153139e2fc6a2f9b4c5d4fa0.webp,"Thor Evil Screw Glaze 282 гр
Калауд Antero нержа 124 гр 3*25
Кальян 14мм
Первые минут 15-20 есть вкус, потом только дым. Это довольно яркая химозная малина с нечего так маракуйей на подпевке. Опять таки, пока есть вкус есть и холодок, довольно заметный. Как положено Биту горчит.
Сессия заканчивается только начавшись, не рекомендую всю эту серию даже за малые деньги, это пустая трата времени и здоровья.","Маракуйя, Малина",
188650,Brusko,Чай с бергамотом,Нет данных,Brusko Hookah (табак),106,"3,4",Средняя,https://htreviews.org/uploads/objects/1/ce4d273dcb4514096be1ebebb6fb8273da222830.webp,"Продукт уровня мастхевовского эрлгрея и я бы не сказал, что это похвала. В любом случае, оценка положительная, так как я обожаю чайные и околочайные вкусы. 
Из банки пахнет умеренным бергамотом. Табак удобной для забивки консистенции. При покуре ощущается слабый профиль чёрного чая с бергамотовым оттенком, примерно так же я запомнил вышеупомянутый Earl Grey от мх. 
Конечно, это очень слабо, ставлю высокую оценку только из любви к подобной ароматике. А так - соло курнуть бергамот от Bonche или замешать bergamonstr от DS с, например, трофимовской Sri Lank'ой или ""Чифиром в сладость"" Северного, получится намного убедительнее, насыщеннее, ярче, приятнее и аутентичнее.
Возможно, можно кинуть в микс для ""чайности"", но опять же зачем? При живых чайных ароматах от северного, трофимова и, например, ББ и ДС.","Бергамот, Черный чай",
154042,Brusko,Арбуз c киви и клубникой,Нет данных,Brusko BIT,107,"3,4",Лёгкая,https://htreviews.org/uploads/objects/1/ae78dc3878b2bfce43e85739e769988ab21f56f5.webp,"Пахнет для меня как киви. При курении чувствую кислинку киви и арбузную корку. Клубника где-то потерялась. Корка причём не самая приятная, арбуз у асмана в этом плане я покурил с удовольствием. А тут я недокурил, не закатило.","Клубника, Киви, Арбуз",
169945,Brusko,Мохито,Нет данных,Brusko Medium (чайная смесь),108,"3,3",Лёгкая,https://htreviews.org/uploads/objects/1/200ba8ab6c10984d15d5378dce09ce4d102d2d5e.webp,Топовый мохито. Пока никто его не переплюнул. Идеальный баланс. Скуриваю килограммами,Мохито,
100467,Brusko,Вишня,Нет данных,Brusko Medium (чайная смесь),109,"3,3",Лёгкая,https://htreviews.org/uploads/objects/0/a10092b5ed74fae468f7cb45a2b892f93f726b6a.webp,"Спелая и в меру сладкая вишня, хороший вкус. Информация дальше не влияет на оценку. Итак, спустя час курения когда ароматизатор уже сдох, привкус стал напоминать шашлык))",Вишня,
195645,Brusko,Банан,Нет данных,Brusko Medium (чайная смесь),110,"3,3",Лёгкая,https://htreviews.org/uploads/objects/2/c4cf871b2dfea27363fc555f8e334189.webp,"Жвачка. Банановая. Обыкновенная.
Была в старой партии.
В новой партии (июнь-июль 24 года) взял поржать ради.. Кроме как химозного банана,не почувствовал ничего. 
Косяк на производстве или поменялась рецептура ароматизатора,не знаю. Да и знать не хочу. 
Оценку,если что,банану из старой партии.",Банан,
196761,Brusko,Вишнёвая кола,Нет данных,Brusko Medium (чайная смесь),111,"3,3",Лёгкая,https://htreviews.org/uploads/objects/3/183ad58e79992136c21cb4a4e81e0de6.webp,Сперва чувствуется именно кола. Сладкая вишня на послевкусии. Курится ярко и насыщенно.,"Кола, Вишня",
196283,Brusko,Ледяная смородина,Нет данных,Brusko Strong (чайная смесь),112,"3,3",Лёгкая,https://htreviews.org/uploads/objects/2/efebda1021869d9545d6b7689937c83f.webp,"свежая смородина с холодком, достаточно приятный вкус","Холодок, Черная смородина, Красная смородина",
100485,Brusko,Мультифрукт,Нет данных,Brusko Medium (чайная смесь),113,"3,2",Лёгкая,https://htreviews.org/uploads/objects/0/1285f098dbd610388726b62be7fe2b0e87f3f965.webp,"Это непонятный, химозный, фруктовый набор. Не отвратительно, но и не вкусно. Ещё и непонятный привкус остаётся на горле, то ли это такая аромка, то ли сырьё.",Фрукты,
129753,Brusko,Манго с апельсином и мятой,Нет данных,Brusko Medium (чайная смесь),114,"3,2",Лёгкая,https://htreviews.org/uploads/objects/1/0d89aa95812de138b7f59701cb65b3a336880060.webp,"Топовый вкус. Миксую с mh orange team, получается огонь","Манго, Мята, Апельсин",
154064,Brusko,Смузи из яблока и киви,Нет данных,Brusko BIT,115,"3,2",Лёгкая,https://htreviews.org/uploads/objects/1/70b95490c0847293a1d116b153fbd686668a8e80.webp,"Conceptic CD1 191 гр
Калауд Antero нержа 124 гр 3*25
Кальян 14мм
Кисленькое зеленое яблоко, киви где-то далеко, если бы не знал, что оно тут есть, не нашел бы. Есть легкий холодок, тут это скорее приятное дополнение, без него было бы совсем скучно. Чем дальше куришь, тем больше начинает сушить, употреблять следует с чайком. Насыщенность аромата быстро пропадает, минут через 25 дым есть, а вкуса почти нет. Угли ещё готовы жить и жить, а сессии по сути конец, это обидно.
Какая-то крепость на удивление есть, ожидал, что буду ароматизированный воздух гонять.","Киви, Яблоко",
196256,Brusko,Ягодная хвоя,Нет данных,Brusko Strong (чайная смесь),116,"3,2",Лёгкая,https://htreviews.org/uploads/objects/2/d70a8b00da2e2cc1e7f89826db56d988.webp,"Отличный готовый микс! Хвоя фоном, но уверенная, ягоды сладкие, какие именно - да хрен знает, просто какие-то, может в следующий раз пойму. Получается и для любителей хвои ТОП, и для разнообразия для типов, просящих всегда 'что-то ягодное')","Ягоды, Хвойный",
196246,Brusko,Фруктовое драже,Нет данных,Brusko Strong (чайная смесь),117,"3,2",Лёгкая,https://htreviews.org/uploads/objects/2/19a0ec7c499f55c1b7363c8fa994ac03.webp,Нет данных,"Лайм, Апельсин, Лимон, Конфетный, Черная смородина",
129747,Brusko,Ледяной арбуз,Нет данных,Brusko Medium (чайная смесь),118,"3,1",Лёгкая,https://htreviews.org/uploads/objects/1/cefc4799e87205084537c1187e6eef16e8ad5734.webp,"Ацетон, корки вкус помойки и сверху низкокачественный холодок. Арбуз от МХ куда лучше среди арбузных вкусов которые легко купить","Холодок, Арбуз",
154048,Brusko,Инжирное варенье,Нет данных,Brusko BIT,119,"3,1",Лёгкая,https://htreviews.org/uploads/objects/1/3d39fb38ee421b0c2b1a54d94e499e9852f76d1f.webp,"Инжирное варенье варенье, вкус сладкий и липкий. 
Попадание во вкус?наверное да. 
Нравится ли мне? Нет, не мое.",Инжир,
188648,Brusko,Черная смородина,Нет данных,Brusko Hookah (табак),120,"3,1",Средняя,https://htreviews.org/uploads/objects/1/91f48145db1bcc980d4b12c6809db74a69709c26.webp,"Как ягодная смородина такое себе, как смородиновая газировка отличная. Сладкая и яркая, чуть водянистая, но куриться хорошо и мягко. Может не всем понравится, но мне зашло
",Черная смородина,
160969,Brusko,Чай Пуэр,Нет данных,Brusko Medium (чайная смесь),121,3,Лёгкая,https://htreviews.org/uploads/objects/1/89d38b26bf9a12a297e27a63d048af77f5bb7473.webp,"В первую очередь не приятный запах из банки прокисшего использованного пакетика чая. При курении вкус сладости, горечи, земли и все это одновременно, если дать к большому количеству жара еще жара становиться как чифирь по акции. Чай должен быть насыщенным терпким сложно составным букетом вкусов, но не как этот",Чай,
169941,Brusko,Сливочная Карамель,Нет данных,Brusko Medium (чайная смесь),122,3,Лёгкая,https://htreviews.org/uploads/objects/1/b0b080e72dab74b43d1d3f5d889f700d1ffa5755.webp,Невнятный и блеклый вкус сладости и более ничего,Карамель,
154068,Brusko,Цитрусовый чай,Нет данных,Brusko BIT,123,3,Лёгкая,https://htreviews.org/uploads/objects/1/27e48f4f6db98e894ba213a020569e3cf25f6952.webp,"Чай с немного химозным лимоном, и вроде бы в миддл линейке он точно такой же, но. По факту здесь большая проблема именно форм-фактора Битов - процентов 70 смеси это меласа, которая не то от транспортировки не то от хранения в магазинах протекает, из-за чего и количество смеси не хватает на полноценную короткую чашечку, и особо добавлять некуда.","Цитрус, Лимон, Черный чай",
195745,Brusko,Вишня,Нет данных,Brusko Hookah (табак),124,3,Лёгкая,https://htreviews.org/uploads/objects/2/3ce58f91e49ede08d047b9457f6bfc15.webp,"Аромат в банке неплохой. При покуре не хватает яркости, как будто обычный разбавленный вишнёвый сок.",Вишня,
195273,Brusko,Фейхоа с ягодами и маракуйей,Нет данных,Brusko Medium (чайная смесь),125,3,Лёгкая,https://htreviews.org/uploads/objects/1/f1cb8214c8b634c149aa2a1b125d1add6db858bf.webp,"Ме-х... Ну что-то сладкое, акцентного вкуса нет, консистенция - как и у всего бруско -_-

Ребята вроде как заанонсили своё ""преображение"", будем ждать, может действительно чего интересного получится","Маракуйя, Ягоды, Фейхоа",
196282,Brusko,Куба Либре,Нет данных,Brusko Strong (чайная смесь),126,3,Лёгкая,https://htreviews.org/uploads/objects/2/b66ed172918310c742a4dfebc47bb7d1.webp,Нет данных,Куба либре,
196272,Brusko,Вишня,Нет данных,Brusko Strong (чайная смесь),127,3,Лёгкая,https://htreviews.org/uploads/objects/2/ae424a9852f07315b394e613f5ff9296.webp,Нет данных,Вишня,
188686,Brusko,Холодок,Нет данных,Brusko Hookah (табак),128,"2,9",Средняя,https://htreviews.org/uploads/objects/1/ffac182c26cebcb9e07f7727c1c1eb0cbf0bcfe7.webp,Огромный минус что холод улетает минут через 15,Холодок,
196271,Brusko,Вишневый лимонад,Нет данных,Brusko Strong (чайная смесь),129,"2,9",Лёгкая,https://htreviews.org/uploads/objects/2/1c43af580e8c5064ce937eaff770218c.webp,"никакая аромка, даже запаха приятного нет","Лайм, Лимон, Газировка, Вишня",
154070,Brusko,Энергетик с манго,Нет данных,Brusko BIT,130,"2,8",Лёгкая,https://htreviews.org/uploads/objects/1/961639d4b38f78c209f24cb7d2885d5cfead56e1.webp,"Какое-то избитое сочетание, аромат абсолютно химозного дешевого энергетика, такое и пить не очень приятно, курить подавно.","Манго, Энергетик",
100460,Brusko,Апельсин с мятой,Нет данных,Brusko Medium (чайная смесь),131,"2,8",Лёгкая,https://htreviews.org/uploads/objects/0/90609f292232fdbf9e931eb3a121acd8369636c9.webp,"Вкус жидкости для ополаскивания рта. Химозный апельсин со вкусом кислоты, не приятная с горчинкой мята. Из плюсов аромка быстро выветрилась минут за 20 и больше не  пришлось насиловать вкусовые рецепторы","Мята, Апельсин",
196258,Brusko,Ягодный морс,Нет данных,Brusko Strong (чайная смесь),132,"2,8",Средне-лёгкая,https://htreviews.org/uploads/objects/2/f7275ff62c4a8590c1d4d8effc972314.webp,"У Бруско довольно симпатичные баночки, а внутри шлепок, который отдает никотосом. А лучше бы наоборот, конечно, сырье делали не спустя рукава.
Ягодный морс? Кислинка, сладость и месиво вкусов. И опять жидкий никотин, который убивает все под чистую.
Это невкусно, опять отдаленные нотки чего-то из названия.
Махаю рукой данному бренду, хотя изначально понимал, что не мой продукт. Но чтобы настолько бестолково.","Малина, Черная смородина",
100455,Brusko,Абрикос,Нет данных,Brusko Medium (чайная смесь),133,"2,7",Лёгкая,https://htreviews.org/uploads/objects/0/05a9d9b08755b7e8c0bddd18dcac3315ddb866ea.webp,"Вкус восхитительный, это яркий и сочный абрикос, его можно курить часами и он не надоест. Железный топ! Наверное даже лучше чем абрикос от Себеро.",Абрикос,
188663,Brusko,Барбарис,Нет данных,Brusko Hookah (табак),134,"2,7",Средне-лёгкая,https://htreviews.org/uploads/objects/1/5e02076e3937dc682bdb90fe54f98d370d75dcb1.webp,"Не самый интересный барбарис, насыщенности не хватает, в миксы и не такое бросали",Барбарис,
100504,Brusko,Яблоко с мятой,Нет данных,Brusko Medium (чайная смесь),135,"2,6",Лёгкая,https://htreviews.org/uploads/objects/0/71737ca216d3f37fc6065b9d86ff7ba6e1d23d53.webp,"Этот вкус - сказ о том,как бруско хотели и пытались сделать яблоко с мятой. По факту это обычная яблочная жвачка. С мятой сильный перебор,свежесть такая как после мятной жвачки попил воды со льдом.
Не супер-пупер,но и не скажу,что проходняк очередной. 
Кульно
Изменено : Это вкус из партии до переработки рецептуры.","Мята, Яблоко",
154066,Brusko,Фейхоа с ягодами и маракуйей,Нет данных,Brusko BIT,136,"2,6",Лёгкая,https://htreviews.org/uploads/objects/1/d23392814cc2e2804b739aaddb94f3770e74cb9b.webp,"Thor Batega Killer Clay 284 гр
Калауд Antero нержа 124 гр 3*25
Кальян 14мм
Вроде всё есть, и фейхоа в основе, и ягоды, и маракуйя на фоне. Мне фейхоа почему-то отдавала ревнем, перечитал описание, но там его не заявлено. Похоже на смесь всего что завалялось в чулане, с описанными ранее минусами: 
- смесь сушит, 
- немного горчит,
- жидкий никотин вызывает неприятные, это просто не хочется курить,
- сессия длится минут 30.","Маракуйя, Ягоды, Фейхоа",
154050,Brusko,Кактусовый ананас,Нет данных,Brusko BIT,137,"2,6",Лёгкая,https://htreviews.org/uploads/objects/1/cfdf07851175a0f38da67ebfef780a873df968c7.webp,"В последних партиях Битов кактус не чувствуется совсем. Сколько бы раз не пробовали, чистый ананас, чаще всего ещё и суховатый - форм-фактор Битов с протечками подводит часто. Кроме миддл линейки повторять его ни откуда хочется.","Ананас, Кактус",
188671,Brusko,Банан,Нет данных,Brusko Hookah (табак),138,"2,6",Средне-лёгкая,https://htreviews.org/uploads/objects/1/b95af030093642fe779b82ae510e4f911b136c49.webp,"Скорее банановая жвачка/конфета, не оч натурально, но и я не люблю бананы как продукт)",Банан,
195269,Brusko,Маракуйя,Нет данных,Brusko Medium (чайная смесь),139,"2,6",Лёгкая,https://htreviews.org/uploads/objects/1/266cf7194d778bbb4bd7ca5bce0e6954beb4216f.webp,Сладкая маракуйя с тропиками в исполнении бруско. Лучше уж взять ДС пачечку и смешать с супермягким от северного. Или найти аналог чаюхи с маракуей.,Маракуйя,
182999,Brusko,Апельсин с мятой,Нет данных,Brusko Strong (чайная смесь),140,"2,6",Лёгкая,https://htreviews.org/uploads/objects/1/140b9ea833703a0d61c86e57641917dbed24b44d.webp,"Как ни странно не плохо, первый раз попробовал бруско. Немного химозный апельсин, даже наверно апельсиновая корка преобладает во вкусе, чуть мяты в итоге похоже на апельсиновую конфету.","Мята, Апельсин",
100497,Brusko,Черника с мятой,Нет данных,Brusko Medium (чайная смесь),141,"2,5",Лёгкая,https://htreviews.org/uploads/objects/0/dd2e816438f9a41b0cd2711d707d5e251e41fbab.webp,"Классический пример рыготной черники, из-за которой саму ароматику многие считают мылом. 
Лучше обходить этот вкус стороной.","Мята, Черника",
196249,Brusko,Чай Пуэр,Нет данных,Brusko Strong (чайная смесь),142,"2,5",Лёгкая,https://htreviews.org/uploads/objects/2/2e3f7424a070cb5d5d4b726009007488.webp,"очень слабо. мб с партией не повезло, но вкуса не было, был вкус сырья только",Чай,
195275,Brusko,Энергетик с манго,Нет данных,Brusko Medium (чайная смесь),143,"2,5",Лёгкая,https://htreviews.org/uploads/objects/1/33fe35025dafd6933eabad7622d66a531772b026.webp,"Пробовал в соло — полное разочарование. Манго чувствуется, а вот энергетик вялый, супер сладко. С мятой пойдет, но на постоянку бы не курил.","Манго, Энергетик",
196280,Brusko,Клюква,Нет данных,Brusko Strong (чайная смесь),144,"2,5",Лёгкая,https://htreviews.org/uploads/objects/2/2f9012d206784a321d63f6d9dbeda7eb.webp,Нет данных,Клюква,
196273,Brusko,Гранат,Нет данных,Brusko Strong (чайная смесь),145,"2,5",Лёгкая,https://htreviews.org/uploads/objects/2/50c41d71a03bd2c71c5c937c1262e7cb.webp,Нет данных,Гранат,
188652,Brusko,Бабл-гам,Нет данных,Brusko Hookah (табак),146,"2,2",Средне-лёгкая,https://htreviews.org/uploads/objects/1/be1ff56014d2d5e3e6d2ac1594535977a75609f9.webp,"не сильно шарю в кальянах, пахло вкусно, но на деле не очень. выдыхаемый дым пахнет жвачкой. сам вкус не чувствуется ну может слегка где-то отдаленно",Жвачка,
154052,Brusko,Киви с лимоном,Нет данных,Brusko BIT,147,2,Средне-лёгкая,https://htreviews.org/uploads/objects/1/5103880110fecb26794bc6c0b0311cae79622b6c.webp,"Очень странный вкус. Курил после смены сырья в линейке Медиум. Из банки пахнет очень хорошо, насыщенно и натурально. Купится совсем не так. Выпирает горькая корка лимона, остального просто нет. В миксах играет чуть лучше. Не советую!","Киви, Лимон",
196294,Brusko,Банан,Нет данных,Brusko Strong (чайная смесь),148,2,Средне-крепкая,https://htreviews.org/uploads/objects/2/42d8fbd255d756929805289d4280fdee.webp,"У Brusko легко узнаваемая банановая аромка во всех смесях - стронг, медиум, табачный вариант. Нечто среднее между бананом и жевачкой. И во всех вариантах эта аромка отваливается через 10 минут покура. Аналогично и здесь. Крепость остается, аромка улетучивается - курить чайную смесь без аромки такое себе удовольствие. Не понял  для каких целей можно использовать эту смесь",Банан,
195961,Brusko,Бабл-гам,Нет данных,Соусы Ultra,149,2,Средне-лёгкая,https://htreviews.org/uploads/objects/2/f8491092ca89b8cefd259ddeb64e0a57.webp,"Крайне приторная и мыльная штука, лучше покурить табак чистым",Жвачка,
196285,Brusko,Лимон с мелиссой,Нет данных,Brusko Strong (чайная смесь),150,2,Лёгкая,https://htreviews.org/uploads/objects/2/9ee93c4f5b4b316b20682f8573db5992.webp,Нет данных,"Лимон, Мелисса",
195268,Brusko,Куба Либре,Нет данных,Brusko Medium (чайная смесь),151,"1,8",Лёгкая,https://htreviews.org/uploads/objects/1/5341efcb833db5eb4acc11544511e5af236bf6c5.webp,"Пустой вкус чая отдающий советским парфюмом и прелой травой. Вкуса колы даже красная цена нет, собственно как и цитрусов",Куба либре,
196251,Brusko,Чизкейк,Нет данных,Brusko Strong (чайная смесь),152,"1,8",Лёгкая,https://htreviews.org/uploads/objects/2/ff6689636595b394f3e371af5ffb7814.webp,"До сих пор помню и озузаю на губах этот мерзотный вкус и аромат, это нечто ужасное, это не просто чизкейк, это протухший скисший чизкейк, честно для меня было нереальным разочарованием, особенно при условии, что к моменту когда я его попробовал я уже пробовал бестабачку от бруско и она мне показалась адекватной, но это просто нереально плохой вкус.",Чизкейк,
196242,Brusko, Тархун,Нет данных,Brusko Strong (чайная смесь),153,"1,7",Лёгкая,https://htreviews.org/uploads/objects/2/e233c01e093f9f142d180adcf0893183.webp,"Не накуривает особо. Вкус всей аптеки в ассортименте, через минут 15 раскрывается тархун, но не напиточный, а больше травяной.",Тархун,
196269,Brusko,Огуречный лимонад,Нет данных,Brusko Strong (чайная смесь),154,"1,5",Лёгкая,https://htreviews.org/uploads/objects/2/62f666460dfc78d1127acf58eaf9f7b1.webp,Нет данных,"Лимон, Газировка, Огурец",
196254,Brusko,Яблоко с мятой,Нет данных,Brusko Strong (чайная смесь),155,"1,5",Лёгкая,https://htreviews.org/uploads/objects/2/7b04c86198984ed13f0a53c17103f32e.webp,Нет данных,"Мята, Яблоко",
196295,Brusko,Банановый пирог,Нет данных,Brusko Strong (чайная смесь),156,1,Лёгкая,https://htreviews.org/uploads/objects/2/f408796b1afd28fc4ede4738bec16aba.webp,"Сладкий химозный банан, максимально неяркий, выпечка на послевкусии, тоже, будто черствый пирог недельной давности. Ух, просто, как же вкусно.
Еще и на языке остается какая-то неприятная вязь. Видимо дает знать о себе жидкий никотин.
Отвратительно.","Банан, Пирог",
196276,Brusko,Имбирный лимонад,Нет данных,Brusko Strong (чайная смесь),157,1,Средняя,https://htreviews.org/uploads/objects/2/995583871f7d7075bec2cf0dca0f4355.webp,"Это провал: заявленный вкус частично читается только в начале курения. Это очень специфический сухой кисловатый лимон с цедрой и привкусом имбиря. Жутко сушит, весь сеанс курения хочется пить, жестко ТХ’шит, из-за чего не на низком жаре курить реально тяжело. Минут через 10 имбирь пропадает, а лимон трансформируется в слабый и невыразительный лимонный леденец. Если на этом этапе повысить жар,  смесь превращается в непонятное окололимонное месиво. Напиточностью или газировкой тут и не пахнет. Напротив, из-за сухости есть ощущение абсолютно лишенного сока лимона. Ну а когда вылезает леденцовость лимонадом не пахнет тем более.
Из-за тх крепость ощущается выше, чем есть на самом деле, кажется, что очень крепко. Но сама по себе крепость умеренная. 
Буду ли я это покупать снова? Да вы должно быть шутите)))","Лимон, Газировка, Имбирь",
196270,Brusko,Печенье с бананом,Нет данных,Brusko Strong (чайная смесь),158,1,Лёгкая,https://htreviews.org/uploads/objects/2/14601fdd62fef85a6bd867c98dba92ea.webp,"вкус сухого печенья, банана почти не ощущается","Банан, Печенье",
196288,Brusko,Манго с апельсином и мятой,Нет данных,Brusko Strong (чайная смесь),159,1,Лёгкая,https://htreviews.org/uploads/objects/2/65380e7af64bb5f8ee6fe4b4093426e0.webp,Нет данных,"Манго, Мята, Апельсин",
196297,Brusko,Виноград,Нет данных,Brusko Strong (чайная смесь),160,Нет данных,Нет данных,https://htreviews.org/uploads/objects/2/205418206aa3a3466b10c5ee52e6013d.webp,Нет данных,Виноград,
196289,Brusko,Манго со льдом,Нет данных,Brusko Strong (чайная смесь),161,Нет данных,Нет данных,https://htreviews.org/uploads/objects/2/bc95934132120aa9ef5ffdace10c6175.webp,Нет данных,"Манго, Холодок",
196281,Brusko,Кокос со льдом,Нет данных,Brusko Strong (чайная смесь),162,Нет данных,Нет данных,https://htreviews.org/uploads/objects/2/0d7ac3d1feaa24bb16bc0f75a24ea643.webp,Нет данных,"Кокос, Холодок",
196267,Brusko,Мультифрукт,Нет данных,Brusko Strong (чайная смесь),163,Нет данных,Нет данных,https://htreviews.org/uploads/objects/2/1d8fbbb0ea86c4ef524ee5b8cf4e9733.webp,Нет данных,Фрукты,
196265,Brusko,Персик с бананом и клубникой,Нет данных,Brusko Strong (чайная смесь),164,Нет данных,Нет данных,https://htreviews.org/uploads/objects/2/ad83942b7411df399f6f06fba90ca7c9.webp,Нет данных,"Клубника, Банан, Персик",
196253,Brusko,Энергетик с манго,Нет данных,Brusko Strong (чайная смесь),165,Нет данных,Нет данных,https://htreviews.org/uploads/objects/2/676ee9d51db1339027bc8a2ae0a39eaa.webp,Нет данных,"Манго, Энергетик",
196250,Brusko,Черника с мятой,Нет данных,Brusko Strong (чайная смесь),166,Нет данных,Нет данных,https://htreviews.org/uploads/objects/2/9141346fd2996186c93aab43c6ace141.webp,Нет данных,"Мята, Черника",
196245,Brusko,Фейхоа с ягодами и маракуйей,Нет данных,Brusko Strong (чайная смесь),167,Нет данных,Нет данных,https://htreviews.org/uploads/objects/2/58498e5383eaf1cca03737c7ae0c176e.webp,Нет данных,"Маракуйя, Ягоды, Фейхоа",
196244,Brusko,Фейхоа,Нет данных,Brusko Strong (чайная смесь),168,Нет данных,Нет данных,https://htreviews.org/uploads/objects/2/e9d5216498ab6dd20e744c1e4189abb1.webp,Нет данных,Фейхоа,
196243,Brusko,Тропический смузи,Нет данных,Brusko Strong (чайная смесь),169,Нет данных,Нет данных,https://htreviews.org/uploads/objects/2/bfb3c0bb39b429d8ced5ec9c2bed761f.webp,Нет данных,"Манго, Маракуйя, Персик",
195977,Brusko,Тост с ягодным джемом,Нет данных,Соусы Ultra,170,Нет данных,Нет данных,https://htreviews.org/uploads/objects/2/0a34bedf39a0557227eb881cb4461120.webp,Нет данных,"Сливочный, Ягоды, Десерт",
195976,Brusko,Дыня,Фруктовые,Соусы Ultra,171,Нет данных,Нет данных,https://htreviews.org/uploads/objects/2/7f4eddd961e246a86727252622d1b69e.webp,Нет данных,Дыня,
195975,Brusko,Ананас,Фруктовые,Соусы Ultra,172,Нет данных,Нет данных,https://htreviews.org/uploads/objects/2/d1a1d0c46fba6aa0778377108d1fa726.webp,Нет данных,Ананас,
195974,Brusko,Апельсин ,Нет данных,Соусы Ultra,173,Нет данных,Нет данных,https://htreviews.org/uploads/objects/2/830d0aafc4fd1194b8a7948c737c6bc8.webp,Нет данных,Апельсин,
195973,Brusko,Банан,Нет данных,Соусы Ultra,174,Нет данных,Нет данных,https://htreviews.org/uploads/objects/2/095590c33714ee7b989e6d0080b760e8.webp,Нет данных,Банан,
195970,Brusko,Секс на пляже ,Нет данных,Соусы Ultra,175,Нет данных,Нет данных,https://htreviews.org/uploads/objects/2/8fccb1802f34b782b4fbe8e365c5f478.webp,Нет данных,"Апельсин, Клюква, Персик",
195969,Brusko,Черничный лимонад ,Нет данных,Соусы Ultra,176,Нет данных,Нет данных,https://htreviews.org/uploads/objects/2/ecd3187e578836f8497728286c18b274.webp,Нет данных,"Черника, Газировка",
195968,Brusko,Виноград,Нет данных,Соусы Ultra,177,Нет данных,Нет данных,https://htreviews.org/uploads/objects/2/080b10525650cedf6c53b1876af8aff8.webp,Нет данных,Виноград,
195967,Brusko,Лимон,Нет данных,Соусы Ultra,178,Нет данных,Нет данных,https://htreviews.org/uploads/objects/2/76586cab609b7c8bc1464b9bcb5586ce.webp,Нет данных,Лимон,
195966,Brusko,Малина,Нет данных,Соусы Ultra,179,Нет данных,Нет данных,https://htreviews.org/uploads/objects/2/1f89196f4e723360fd6f70ab2642ccb6.webp,Нет данных,Малина,
195749,Brusko,Холодок,Нет данных,Brusko Hookah (табак),180,Нет данных,Нет данных,https://htreviews.org/uploads/objects/2/c3e51f4ffb99c0fd190b563c3e6c292c.webp,Нет данных,Холодок,